load_id,date,pickup,delivery,equipment,distance,posted_rate,baseline_pred,selected_pred,selected_err
TR-043266,2025-10-01,Indianapolis,San Francisco,Flatbed,2164.4,4464.73,4402.095115961025,6339.226772099473,-1874.4967720994737
TR-043148,2025-10-01,Phoenix,Dayton,Dry Van,2211.8,4001.45,4239.408618600511,3876.1794593914265,125.27054060857336
TR-043150,2025-10-01,Baton Rouge,Toledo,Reefer,1083.9,2526.28,2517.7344751065807,2532.281373097709,-6.001373097708893
TR-043151,2025-10-01,Houston,Nashville,Reefer,605.5,1518.22,1460.603675875724,1544.6910498367063,-26.471049836706243
TR-043152,2025-10-01,Tulsa,Albany,Dry Van,1663.3,2999.76,3342.0550887042327,2980.885668259161,18.874331740839352
TR-043153,2025-10-01,Nashville,Corpus Christi,Dry Van,780.4,1704.26,1656.4485745183858,1725.0436797747864,-20.78367977478638
TR-043154,2025-10-01,Lexington,Chattanooga,Reefer,216.5,605.83,662.583732966046,649.77284629946,-43.942846299459916
TR-043155,2025-10-01,Grand Rapids,Louisville,Dry Van,520.5,1176.88,1206.8200091722854,1120.5808952233424,56.299104776657714
TR-043228,2025-10-01,Dayton,Indianapolis,Dry Van,244.1,563.96,602.0607459324831,581.4861984741846,-17.526198474184525
TR-043156,2025-10-01,Mobile,Grand Rapids,Dry Van,987.8,1900.8,2024.8552720838627,2050.71667084548,-149.9166708454802
TR-043158,2025-10-01,Greensboro,Fort Wayne,Reefer,479.1,1223.46,1188.74258237174,1225.926938898185,-2.466938898184935
TR-043159,2025-10-01,Shreveport,Fort Wayne,Flatbed,857.4,1941.22,1919.9496917159163,1977.49766314766,-36.27766314765995
TR-043160,2025-10-01,Dayton,Baton Rouge,Reefer,917.8,2156.97,2134.6782191343523,2260.3257864547027,-103.35578645470287
TR-043161,2025-10-01,Jacksonville,Los Angeles,Dry Van,2203.9,4262.62,4404.85492981133,4968.035426280608,-705.4154262806078
TR-043162,2025-10-01,Amarillo,Tucson,Dry Van,639.4,1430.05,1438.534719071395,1525.4009210046875,-95.3509210046875
TR-043164,2025-10-01,San Antonio,Kansas City,Dry Van,931.0,2022.34,1973.3713921337553,2037.494476783326,-15.154476783326118
TR-043186,2025-10-01,Syracuse,Greensboro,Flatbed,684.8,1498.58,1544.2174088277059,1632.110149604028,-133.5301496040281
TR-043157,2025-10-01,Atlanta,Philadelphia,Dry Van,945.3,1914.59,1947.4157764331671,1982.6543526236728,-68.0643526236729
TR-043165,2025-10-01,St. Louis,El Paso,Flatbed,1373.6,2990.31,3060.6724817195764,3043.1222880631044,-52.81228806310446
TR-043167,2025-10-01,Fort Wayne,Buffalo,Reefer,415.8,1023.56,1145.0062977625353,1076.6066357922577,-53.0466357922578
TR-043168,2025-10-01,Shreveport,Syracuse,Reefer,1278.8,2873.9,2860.882812898055,2952.785469245092,-78.88546924509183
TR-043170,2025-10-01,Indianapolis,Dayton,Reefer,246.4,712.29,697.5892588021995,733.2258801177716,-20.935880117771603
TR-043171,2025-10-01,Grand Rapids,Philadelphia,Dry Van,884.2,1794.49,1883.9018823061776,1865.2818390331029,-70.79183903310286
TR-043172,2025-10-01,Reno,Boston,Flatbed,3014.7,5589.34,5700.235824159873,7813.596443182089,-2224.2564431820892
TR-043173,2025-10-01,Hartford,Atlanta,Flatbed,998.5,2086.11,2205.4683126220466,2208.960846110844,-122.85084611084403
TR-043174,2025-10-01,Raleigh,Richmond,Dry Van,242.5,579.08,595.9513961750756,598.9408157059303,-19.860815705930236
TR-043175,2025-10-01,Toledo,Harrisburg,Dry Van,449.7,974.24,964.659538064019,1134.881174674775,-160.6411746747749
TR-043176,2025-10-01,Columbia,Chattanooga,Flatbed,282.2,755.24,777.7894185312759,778.1304775457298,-22.890477545729823
TR-043169,2025-10-01,Albuquerque,Buffalo,Flatbed,2049.6,4042.16,4317.63287549398,4647.983867972442,-605.8238679724418
TR-043177,2025-10-01,Dayton,Baton Rouge,Flatbed,884.8,2004.9,2016.999247329715,2092.221290189849,-87.3212901898487
TR-043179,2025-10-01,Jacksonville,Charleston,Flatbed,378.6,906.83,967.1765706782635,962.5930117826081,-55.76301178260803
TR-043180,2025-10-01,Richmond,Salt Lake City,Flatbed,2336.6,4627.89,4721.105261469361,5185.247910702658,-557.357910702658
TR-043181,2025-10-01,Philadelphia,Detroit,Dry Van,777.6,1500.39,1606.951760046582,1522.743943141543,-22.353943141542914
TR-043182,2025-10-01,Madison,Green Bay,Dry Van,277.8,628.71,628.8379763396852,678.143235535182,-49.43323553518201
TR-043183,2025-10-01,Green Bay,Greensboro,Reefer,764.2,1789.15,1772.7599804821205,1834.4801141131372,-45.33011411313714
TR-043184,2025-10-01,Richmond,Fort Wayne,Dry Van,589.6,1184.39,1287.8795354798674,1272.742626686581,-88.35262668658083
TR-043185,2025-10-01,Fort Wayne,Atlanta,Reefer,548.4,6477.13,1350.1051681272388,1339.7752736925715,5137.354726307429
TR-043178,2025-10-01,Nashville,Baltimore,Dry Van,1022.5,2015.6,2089.371628558431,2130.9300191310276,-115.33001913102771
TR-043187,2025-10-01,Oklahoma City,Austin,Reefer,244.7,757.75,705.9494290960654,774.5704958425862,-16.820495842586183
TR-043227,2025-10-01,Chattanooga,Grand Rapids,Dry Van,678.9,1446.38,1405.1303314615639,1439.8831888277502,6.496811172249863
TR-043149,2025-10-01,Nashville,Albany,Dry Van,1244.7,2466.25,2583.7137780986764,2677.649620393448,-211.399620393448
TR-043211,2025-10-01,Philadelphia,Cincinnati,Reefer,922.4,2088.6,2150.402884481766,2222.66375630228,-134.06375630228013
TR-043192,2025-10-01,Lubbock,Tulsa,Dry Van,470.7,1133.3,1140.1759660143655,1121.4562202934271,11.843779706572832
TR-043193,2025-10-01,Reno,Columbia,Flatbed,2273.8,4333.35,4472.764562855555,4286.415734286692,46.93426571330838
TR-043194,2025-10-01,Los Angeles,San Antonio,Dry Van,1273.2,2647.58,2622.741682077146,2699.6843157993144,-52.10431579931446
TR-043208,2025-10-01,Green Bay,Fresno,Dry Van,2216.0,3829.84,4193.309127803018,5524.452988536053,-1694.6129885360533
TR-043196,2025-10-01,Fort Wayne,Jacksonville,Flatbed,758.8,1733.31,1751.0255079164856,1858.8779254529632,-125.56792545296321
TR-043197,2025-10-01,Los Angeles,Milwaukee,Reefer,2051.9,4360.08,4413.822521086042,4321.9028472556165,38.17715274438342
TR-043195,2025-10-01,Kansas City,Atlanta,Dry Van,495.9,1100.57,1134.9737500194524,1064.6037443197886,35.96625568021136
TR-043190,2025-10-01,Baton Rouge,Montgomery,Dry Van,461.0,1000.3,1031.8170680246876,1165.90474589864,-165.60474589863998
TR-043199,2025-10-01,Baltimore,Los Angeles,Dry Van,3035.7,5448.66,5670.884187351319,6381.932574274088,-933.2725742740886
TR-043201,2025-10-01,Harrisburg,Oklahoma City,Dry Van,1471.5,2839.21,3029.405377425563,2279.1756460767992,560.0343539232008
TR-043202,2025-10-01,Nashville,Tulsa,Dry Van,463.4,1033.26,1022.5438822236831,1075.991979743551,-42.73197974355094
TR-043203,2025-10-01,Mobile,Green Bay,Dry Van,1010.9,1986.82,2090.301839643515,2104.41327569843,-117.59327569843003
TR-043204,2025-10-01,Shreveport,Richmond,Reefer,1124.8,2400.85,2552.415757445411,2535.088744548772,-134.23874454877205
TR-043205,2025-10-01,Kansas City,Tampa,Dry Van,951.8,1936.07,2008.0450138255292,2012.1305388256803,-76.0605388256804
TR-043206,2025-10-01,Lexington,Providence,Dry Van,988.0,1929.23,2050.1225608011746,2102.4138577725225,-173.18385777252252
TR-043198,2025-10-01,Mobile,Corpus Christi,Dry Van,597.4,1310.24,1310.932086325047,1446.8936726054455,-136.65367260544554
TR-043200,2025-10-01,Oklahoma City,San Antonio,Dry Van,210.1,572.62,614.3138107241903,634.9366767917929,-62.31667679179293
TR-043191,2025-10-01,Tulsa,Atlanta,Dry Van,562.0,1206.96,1291.8590636061726,1249.9478377578057,-42.987837757805664
TR-043207,2025-10-01,Fresno,El Paso,Reefer,647.7,1483.98,1524.489945946174,1571.426085189652,-87.44608518965197
TR-043225,2025-10-01,Phoenix,Syracuse,Flatbed,2633.9,4810.57,5107.371751183021,5265.317827427219,-454.7478274272189
TR-043212,2025-10-01,Washington,San Francisco,Dry Van,2784.9,4778.86,5052.9510738845665,5993.531135653098,-1214.6711356530986
TR-043213,2025-10-01,Indianapolis,Raleigh,Flatbed,803.1,1722.03,1763.3680439489376,1861.1889141753488,-139.15891417534885
TR-043214,2025-10-01,Dayton,Raleigh,Flatbed,637.7,1412.16,1454.200541718174,1486.7407963684439,-74.58079636844377
TR-043215,2025-10-01,El Paso,Richmond,Reefer,2179.4,4500.92,4441.7752907088625,4880.684906122965,-379.76490612296493
TR-043216,2025-10-01,Shreveport,Boston,Dry Van,1553.5,3181.84,3287.431536477715,2932.419177960199,249.42082203980135
TR-043217,2025-10-01,Bakersfield,Austin,Dry Van,1203.3,2498.9,2537.0800641642545,2624.8124727822187,-125.91247278221863
TR-043210,2025-10-01,Shreveport,Buffalo,Dry Van,1159.0,2360.65,2497.7522224125682,2530.223798947935,-169.57379894793485
TR-043218,2025-10-01,Phoenix,Baton Rouge,Dry Van,1635.8,3208.55,3368.429379354888,3232.657211024241,-24.10721102424077
TR-043220,2025-10-01,El Paso,Mobile,Dry Van,1507.7,3028.96,3121.987108710904,2819.1400716342173,209.81992836578274
TR-043221,2025-10-01,Mobile,Cincinnati,Dry Van,458.5,1008.48,1088.7175876836063,1024.8656886599977,-16.38568865999764
TR-043222,2025-10-01,Tucson,Albuquerque,Reefer,451.9,1170.12,1242.1542063714935,1199.0420553932042,-28.922055393204346
TR-043223,2025-10-01,Amarillo,Memphis,Reefer,1005.8,2521.43,2339.959943416649,2509.6255640511727,11.804435948827177
TR-043224,2025-10-01,Grand Rapids,Milwaukee,Dry Van,358.0,835.03,854.2727347929012,842.7741168927773,-7.744116892777356
TR-043226,2025-10-01,Grand Rapids,Syracuse,Reefer,562.6,1244.63,1356.1368722893524,1246.0286072343463,-1.3986072343461728
TR-043188,2025-10-01,Memphis,Syracuse,Dry Van,993.2,2022.07,2100.635752838559,2137.6299511616876,-115.55995116168765
TR-043219,2025-10-01,Boston,El Paso,Dry Van,2628.8,4900.51,5012.602811740825,6461.604932896471,-1561.0949328964707
TR-043209,2025-10-01,Toledo,Columbia,Dry Van,605.9,1217.54,1307.95037988123,1277.9527582630633,-60.412758263063324
TR-043189,2025-10-01,Milwaukee,Mobile,Dry Van,650.6,1372.49,1382.4764071159502,1399.735399357547,-27.245399357547058
TR-043166,2025-10-01,Kansas City,Fort Wayne,Reefer,399.8,982.16,1005.7124256614281,1060.7246261820023,-78.56462618200237
TR-043163,2025-10-01,Fresno,Buffalo,Dry Van,2754.3,4744.55,5051.883762923913,6866.999737879848,-2122.449737879848
TR-043290,2025-10-01,Charleston,Syracuse,Reefer,733.9,1645.12,1701.2317615902411,1774.1979285541302,-129.07792855413027
TR-043233,2025-10-01,Charleston,New York,Reefer,632.4,1490.25,1466.7022245037256,1543.1142505670077,-52.86425056700773
TR-043234,2025-10-01,Tucson,Tulsa,Dry Van,1283.2,2459.43,2632.905021560964,2683.0178466566986,-223.58784665669873
TR-043235,2025-10-01,Raleigh,Greensboro,Dry Van,359.6,789.03,874.1392501241478,811.7251939492453,-22.695193949245322
TR-043236,2025-10-01,Greensboro,Mobile,Dry Van,509.2,1164.68,1243.4839899141407,1309.742051414769,-145.06205141476903
TR-043237,2025-10-01,Fresno,Harrisburg,Reefer,2731.3,5555.29,5363.164487757349,5095.138336265065,460.151663734935
TR-043238,2025-10-01,Tucson,Atlanta,Dry Van,1875.4,3533.64,3831.6275425084723,2424.8032864799225,1108.8367135200774
TR-043239,2025-10-01,Indianapolis,Dayton,Dry Van,256.8,648.29,635.3791613264596,640.59701497968,7.692985020319952
TR-043231,2025-10-01,Baltimore,Greensboro,Dry Van,685.5,1397.01,1449.802254941022,1468.9679582303152,-71.95795823031517
TR-043240,2025-10-01,New Orleans,Hartford,Dry Van,1435.0,2853.94,3090.4278521010174,3536.123407368807,-682.1834073688069
TR-043242,2025-10-01,Nashville,Kansas City,Flatbed,412.3,1002.17,990.4828680576729,1039.015782206261,-36.845782206261106
TR-043243,2025-10-01,Columbia,Amarillo,Dry Van,1434.7,2898.42,3016.914272861395,3011.2374263161873,-112.81742631618727
TR-043244,2025-10-01,Buffalo,Jacksonville,Reefer,862.0,1968.55,2042.66513567774,2054.93367616953,-86.38367616952996
TR-043245,2025-10-01,Montgomery,Tulsa,Dry Van,624.8,1398.29,1395.0830105451073,1626.5822066220078,-228.29220662200782
TR-043246,2025-10-01,Detroit,Raleigh,Dry Van,790.4,1614.53,1718.2658988442236,1693.48946610959,-78.95946610959004
TR-043247,2025-10-01,Mobile,Lubbock,Dry Van,833.4,1793.3,1738.3746333177828,1865.8642109051896,-72.56421090518961
TR-043249,2025-10-01,Richmond,Memphis,Dry Van,824.1,1641.95,1726.9478893090318,1762.3628179574796,-120.41281795747955
TR-043241,2025-10-01,Fresno,Lubbock,Dry Van,1431.7,2817.95,2908.748890521533,2849.8074530741605,-31.85745307416073
TR-043268,2025-10-01,Green Bay,Bakersfield,Reefer,2012.0,4298.29,4312.484578027161,3518.9005882195947,779.3894117804052
TR-043248,2025-10-01,Phoenix,Charleston,Dry Van,2442.1,4537.86,4649.553314189891,4174.772305944285,363.08769405571456
TR-043232,2025-10-01,Montgomery,Amarillo,Dry Van,1253.7,2477.14,2676.980515908067,2696.03182236508,-218.89182236508032
TR-043252,2025-10-01,Toledo,Fort Wayne,Reefer,104.7,311.26,516.7378631700376,337.60214838463895,-26.34214838463896
TR-043253,2025-10-01,Phoenix,Detroit,Dry Van,2267.7,4200.14,4437.227622674689,4034.0058179793505,166.13418202064986
TR-043229,2025-10-01,Albuquerque,Tucson,Dry Van,447.2,1023.4,1041.0138687847204,1028.0798437196154,-4.6798437196154055
TR-043255,2025-10-01,Salt Lake City,Fort Wayne,Reefer,1837.0,3773.93,3958.1292824580783,5246.6926947065695,-1472.7626947065696
TR-043256,2025-10-01,Atlanta,San Antonio,Reefer,933.6,2219.91,2165.547975970496,2296.694975916446,-76.784975916446
TR-043257,2025-10-01,Lubbock,Baton Rouge,Dry Van,538.3,1283.16,1241.7581863466462,1299.3412283829612,-16.18122838296108
TR-043258,2025-10-01,Syracuse,Houston,Dry Van,1522.5,2877.77,3085.521418480923,2674.1503420130225,203.61965798697747
TR-043262,2025-10-01,Memphis,Philadelphia,Reefer,1123.5,2458.0,2518.9935220448615,2786.1681115674915,-328.16811156749145
TR-043260,2025-10-01,New York,Tucson,Reefer,2615.5,5124.5,5198.29646920488,6560.680948744809,-1436.180948744809
TR-043261,2025-10-01,Green Bay,Bakersfield,Reefer,2004.8,4070.24,4221.528955563114,3394.791586514366,675.4484134856339
TR-043263,2025-10-01,Philadelphia,Nashville,Dry Van,1039.6,2010.76,2167.512704143352,2137.3749631925352,-126.61496319253524
TR-043264,2025-10-01,Lexington,Phoenix,Dry Van,2254.2,4221.49,4434.412672554343,5078.326412366877,-856.8364123668771
TR-043265,2025-10-01,Shreveport,Grand Rapids,Reefer,959.6,2113.04,2206.9094241698695,2266.031847247978,-152.99184724797806
TR-043267,2025-10-01,Lexington,San Francisco,Dry Van,2291.1,4310.7,4510.369568653635,5129.254560159479,-818.5545601594795
TR-043251,2025-10-01,Corpus Christi,Harrisburg,Dry Van,1519.1,2902.34,3136.6438154035523,4093.7639714532856,-1191.4239714532855
TR-043259,2025-10-01,Tulsa,Boston,Dry Van,1726.6,3332.2,3559.54970444431,3253.1621771872665,79.03782281273334
TR-043250,2025-10-01,Shreveport,Syracuse,Flatbed,1259.6,2505.88,2675.694483843398,2814.7517861194397,-308.87178611943955
TR-043269,2025-10-01,Charleston,Milwaukee,Dry Van,734.0,1487.21,1567.6277732622664,1586.7707319010776,-99.56073190107759
TR-043306,2025-10-01,Baton Rouge,Detroit,Dry Van,1212.8,2279.69,2504.352994950084,2823.184083741351,-543.494083741351
TR-043254,2025-10-01,Baton Rouge,Shreveport,Dry Van,176.0,517.66,539.3080954570626,527.0482941781602,-9.388294178160209
TR-043292,2025-10-01,Atlanta,Grand Rapids,Dry Van,699.1,1498.47,1494.4880985406498,1499.3809209526598,-0.9109209526598079
TR-043272,2025-10-01,Lexington,Fort Wayne,Dry Van,371.4,841.42,869.2943960846326,891.2440000346504,-49.82400003465045
TR-043273,2025-10-01,Jacksonville,Los Angeles,Dry Van,2261.5,4384.26,4426.9567923501945,5057.441922763414,-673.1819227634141
TR-043274,2025-10-01,Indianapolis,Mobile,Dry Van,561.1,1274.28,1306.9238142606066,1304.9362496146757,-30.656249614675744
TR-043275,2025-10-01,San Antonio,Memphis,Dry Van,791.9,1749.18,1703.5704026077603,1812.0547023882361,-62.874702388236074
TR-043276,2025-10-01,El Paso,Louisville,Dry Van,1577.7,3134.93,3197.960090717529,3929.0875676358473,-794.1575676358475
TR-043277,2025-10-01,Montgomery,Oklahoma City,Dry Van,855.9,1791.66,1855.9114066787783,1923.6420811320857,-131.98208113208557
TR-043278,2025-10-01,Greensboro,Harrisburg,Reefer,442.4,1098.12,1113.8842894268519,1145.1458502378653,-47.02585023786537
TR-043279,2025-10-01,Charleston,Atlanta,Dry Van,445.9,977.98,1019.1736227677568,982.2199053778457,-4.23990537784573
TR-043280,2025-10-01,Nashville,Houston,Flatbed,583.0,1398.37,1424.1301925993673,1510.5632557626436,-112.19325576264373
TR-043281,2025-10-01,San Antonio,Albuquerque,Dry Van,912.2,1927.67,1924.7731997152184,1964.2648248095816,-36.594824809581496
TR-043282,2025-10-01,Providence,Milwaukee,Dry Van,1227.5,2331.68,2542.365911347682,2542.364106764548,-210.68410676454823
TR-043283,2025-10-01,Fort Wayne,Amarillo,Dry Van,1396.3,2846.07,2919.003427681403,2956.0027727848847,-109.93277278488449
TR-043284,2025-10-01,Dayton,Charleston,Reefer,629.3,1458.78,1428.8792161948818,1530.111200502153,-71.33120050215302
TR-043285,2025-10-01,Richmond,Boston,Reefer,489.6,1157.74,1194.0690598379833,1182.9959812749296,-25.25598127492958
TR-043286,2025-10-01,Milwaukee,Jacksonville,Dry Van,660.7,1443.07,1438.9969466680818,1485.9112192011628,-42.84121920116286
TR-043288,2025-10-01,Boston,Amarillo,Reefer,2337.0,5076.68,4864.977858812352,4520.189773238745,556.4902267612551
TR-043271,2025-10-01,Amarillo,Phoenix,Dry Van,875.0,1730.09,1836.1564767925809,1856.7639595120586,-126.67395951205867
TR-043289,2025-10-01,Toledo,Richmond,Dry Van,565.0,1140.24,1269.4637916324543,1206.9340266363445,-66.69402663634446
TR-043309,2025-10-01,Mobile,Birmingham,Dry Van,159.3,432.91,529.4234545410318,429.00188024684115,3.9081197531588714
TR-043287,2025-10-01,Cincinnati,Louisville,Dry Van,70.0,194.26,449.08807906304764,229.60506121877995,-35.34506121877996
TR-043291,2025-10-01,Charleston,Lexington,Dry Van,407.9,921.92,953.652915365484,954.8834217614099,-32.963421761409904
TR-043270,2025-10-01,Tucson,Phoenix,Dry Van,275.2,650.49,693.0187982577636,656.0454795663348,-5.555479566334839
TR-043293,2025-10-01,Shreveport,Lubbock,Reefer,594.4,1456.25,1410.2576454860023,1519.1618124445133,-62.911812444513316
TR-043295,2025-10-01,Kansas City,Bakersfield,Dry Van,1732.8,3374.09,3568.0144748867324,4796.278301340792,-1422.1883013407914
TR-043296,2025-10-01,Charleston,Toledo,Dry Van,735.6,1509.89,1583.218741038248,1601.7780139544145,-91.88801395441442
TR-043297,2025-10-01,Hartford,Philadelphia,Dry Van,70.0,203.0,437.44280896862506,222.73569535282687,-19.735695352826866
TR-043298,2025-10-01,Tulsa,San Antonio,Dry Van,414.8,1013.72,1000.2106362686252,969.5065829146955,44.21341708530451
TR-043299,2025-10-01,Lubbock,Syracuse,Flatbed,1869.1,3856.36,4066.4140447393934,4445.847133730903,-589.4871337309028
TR-043300,2025-10-01,Savannah,Atlanta,Dry Van,320.9,767.51,755.9902609922187,765.0558572546485,2.4541427453515325
TR-043294,2025-10-01,New York,Grand Rapids,Flatbed,801.6,1717.39,1767.1155256576958,1755.0019848373909,-37.611984837390764
TR-043302,2025-10-01,Atlanta,Chattanooga,Reefer,84.4,280.13,516.7244554501533,281.2754555214892,-1.1454555214892252
TR-043303,2025-10-01,Atlanta,Phoenix,Reefer,2083.1,13894.55,4399.5312200723565,5071.974922945069,8822.575077054931
TR-043304,2025-10-01,Atlanta,Richmond,Dry Van,684.6,1456.68,1484.1562267338263,1457.8048130493617,-1.1248130493615918
TR-043305,2025-10-01,San Francisco,Amarillo,Dry Van,1194.6,2368.1,2480.4480156774625,2545.4474364117855,-177.34743641178557
TR-043307,2025-10-01,Albany,Tucson,Dry Van,2824.9,4949.49,5163.828381450414,4573.023663468241,376.4663365317592
TR-043308,2025-10-01,Bakersfield,New York,Reefer,2801.8,5510.91,5563.949490554687,5034.569544365099,476.34045563490054
TR-043230,2025-10-01,Cincinnati,Harrisburg,Flatbed,607.5,1421.17,1437.2341239135392,1454.046233443874,-32.87623344387384
TR-043301,2025-10-01,Amarillo,Fresno,Reefer,1056.2,2447.96,2511.5743367135356,2596.9574485132516,-148.99744851325158
TR-043310,2025-10-02,Dayton,Baton Rouge,Reefer,914.5,2142.88,2108.071407710544,2276.6472966020933,-133.7672966020932
TR-043311,2025-10-02,Baton Rouge,Tampa,Reefer,444.9,1200.45,1170.9182426167902,1242.7898665702362,-42.339866570236154
TR-043312,2025-10-02,Chattanooga,Albuquerque,Dry Van,1468.5,2968.11,3123.019907288186,3291.790113697971,-323.6801136979707
TR-043313,2025-10-02,Tucson,Columbia,Dry Van,2027.3,3842.4,4138.750667181599,3675.483417241533,166.91658275846703
TR-043314,2025-10-02,Toledo,Montgomery,Flatbed,862.8,1843.79,1919.9249801272072,1883.8226612957455,-40.032661295745584
TR-043315,2025-10-02,Phoenix,Cincinnati,Dry Van,2060.5,3792.71,4083.7856378463257,3658.45394100181,134.25605899818993
TR-043345,2025-10-02,Austin,Madison,Dry Van,1213.2,2592.64,2497.735251931511,2622.597255202095,-29.957255202094984
TR-043319,2025-10-02,Chattanooga,Tucson,Dry Van,1776.6,3405.12,3726.0047283247573,3599.743651803789,-194.62365180378902
TR-043318,2025-10-02,Shreveport,Cincinnati,Dry Van,562.4,1236.69,1261.0933628961088,1461.6253833333149,-224.9353833333148
TR-043320,2025-10-02,Montgomery,Charleston,Dry Van,507.6,1143.93,1201.874582487709,1159.4915972759948,-15.5615972759947
TR-043321,2025-10-02,Syracuse,Greensboro,Dry Van,664.9,1378.93,1441.4128261853366,1531.7445535605018,-152.81455356050174
TR-043322,2025-10-02,Fresno,Raleigh,Dry Van,2803.5,5012.79,5284.975220696277,4724.892974347629,287.89702565237076
TR-043323,2025-10-02,Corpus Christi,Cincinnati,Reefer,937.3,2169.46,2225.111212671191,2325.4827435887137,-156.02274358871364
TR-043324,2025-10-02,El Paso,Hartford,Reefer,2554.1,5024.96,5008.227694970666,15399.982548402251,-10375.022548402252
TR-043317,2025-10-02,Fort Wayne,Charleston,Dry Van,689.3,1467.83,1494.4147291223553,1481.977490467347,-14.147490467347097
TR-043316,2025-10-02,San Antonio,Richmond,Reefer,1622.8,3421.97,3395.836207878664,3200.598463369534,221.37153663046593
TR-043386,2025-10-02,Baton Rouge,New Orleans,Dry Van,180.2,487.55,551.2297530982264,520.4101631211313,-32.86016312113128
TR-043341,2025-10-02,Chattanooga,Lexington,Reefer,225.6,624.99,662.290352347474,653.9834025535531,-28.993402553553096
TR-043327,2025-10-02,Baton Rouge,Harrisburg,Dry Van,1210.0,2347.61,2519.9557445156515,2928.6896496053246,-581.0796496053244
TR-043331,2025-10-02,Boston,Mobile,Dry Van,1337.8,2727.55,2865.867311597397,2747.3472248539556,-19.797224853955413
TR-043346,2025-10-02,Milwaukee,Amarillo,Dry Van,1152.6,2287.12,2358.190156746228,2348.631022830975,-61.51102283097498
TR-043332,2025-10-02,Columbia,El Paso,Flatbed,1754.5,3588.13,3668.702671139252,3704.439715818531,-116.309715818531
TR-043333,2025-10-02,Phoenix,Oklahoma City,Dry Van,1214.9,2414.96,2511.784693743285,2595.522126820767,-180.56212682076693
TR-043334,2025-10-02,Nashville,El Paso,Reefer,1487.4,3168.66,3194.9340350824295,3480.710255953903,-312.05025595390316
TR-043335,2025-10-02,Fort Wayne,Toledo,Reefer,92.6,274.24,481.5911856340824,314.51273369493236,-40.272733694932356
TR-043336,2025-10-02,Madison,Greensboro,Flatbed,648.8,1429.94,1460.449296769742,1515.0346649953685,-85.09466499536848
TR-043325,2025-10-02,Tucson,Oklahoma City,Reefer,1005.7,2467.62,2359.4805919987143,2480.5825362612777,-12.962536261277819
TR-043337,2025-10-02,Lexington,Baton Rouge,Dry Van,762.7,1729.78,1670.0832178410797,1755.0940772463384,-25.314077246338456
TR-043339,2025-10-02,Buffalo,San Francisco,Reefer,2831.4,5505.02,5000.844088600672,4708.054686248814,796.9653137511868
TR-043340,2025-10-02,Atlanta,New Orleans,Flatbed,458.5,1142.27,1156.9030006108392,1232.8892878186962,-90.6192878186962
TR-043342,2025-10-02,Philadelphia,Memphis,Flatbed,1114.2,2301.92,2502.805343882256,2433.6345590157816,-131.71455901578156
TR-043343,2025-10-02,Salt Lake City,Reno,Flatbed,532.7,1175.29,1206.767537687061,1242.1076267552319,-66.81762675523191
TR-043344,2025-10-02,Shreveport,Richmond,Dry Van,1122.3,2214.59,2310.6215114777833,2346.2391884710546,-131.64918847105446
TR-043329,2025-10-02,Austin,Toledo,Dry Van,1440.3,2770.73,3033.954219222251,2992.9181220441264,-222.18812204412643
TR-043328,2025-10-02,Bakersfield,Richmond,Flatbed,2586.0,4970.96,5091.2780985119725,6019.059821405722,-1048.0998214057217
TR-043338,2025-10-02,Harrisburg,New York,Reefer,281.2,745.43,786.7611544506401,792.9640869698496,-47.53408696984968
TR-043326,2025-10-02,Buffalo,San Francisco,Dry Van,2738.2,4932.23,4989.425263636024,5944.766313908077,-1012.5363139080773
TR-043375,2025-10-02,Grand Rapids,Detroit,Flatbed,137.9,378.74,547.2458247777922,417.58588051809045,-38.84588051809044
TR-043369,2025-10-02,Baltimore,El Paso,Dry Van,2445.4,4333.71,4549.88116269532,4052.4848159961616,281.2251840038384
TR-043353,2025-10-02,Greensboro,Amarillo,Dry Van,1475.3,2843.33,3018.6006708719638,2444.747644273329,398.5823557266708
TR-043349,2025-10-02,Dayton,Hartford,Dry Van,842.1,1672.88,1765.4819804116892,1757.0072983986186,-84.12729839861845
TR-043355,2025-10-02,Baton Rouge,Green Bay,Dry Van,1140.1,2393.81,2434.8803739718032,2457.5472913905282,-63.7372913905283
TR-043356,2025-10-02,Memphis,Savannah,Dry Van,525.3,1174.22,1192.2808300086533,1089.8141140956227,84.40588590437733
TR-043358,2025-10-02,Raleigh,New Orleans,Dry Van,1039.7,2168.46,2191.625861208125,2229.4457099973706,-60.98570999737058
TR-043357,2025-10-02,Austin,Salt Lake City,Dry Van,1030.0,2169.9,2213.543009453509,2249.335592069519,-79.43559206951886
TR-043359,2025-10-02,El Paso,Fort Wayne,Flatbed,1697.5,3535.11,3696.5640652951292,4375.418960214155,-840.3089602141549
TR-043360,2025-10-02,Los Angeles,Austin,Dry Van,1211.5,2482.49,2537.474471107503,2591.365601899877,-108.87560189987744
TR-043361,2025-10-02,Syracuse,Tampa,Dry Van,1323.2,2530.95,2818.5977040199095,2680.560441892151,-149.61044189215136
TR-043362,2025-10-02,Washington,Milwaukee,Dry Van,732.4,1481.8,1535.5883545849751,1495.3928312209569,-13.592831220956896
TR-043363,2025-10-02,Dallas,Oklahoma City,Reefer,291.3,836.03,860.1543624613041,882.9978991164588,-46.96789911645885
TR-043364,2025-10-02,Mobile,Oklahoma City,Flatbed,721.1,1721.74,1661.826013831326,1894.4474327979542,-172.7074327979542
TR-043365,2025-10-02,Tampa,Syracuse,Dry Van,1329.0,2529.85,2778.1110953174925,2589.4513225466576,-59.601322546657684
TR-043350,2025-10-02,Philadelphia,Shreveport,Flatbed,1356.3,2718.68,2944.2384604210515,2904.4652981604795,-185.78529816047967
TR-043330,2025-10-02,Mobile,Albany,Dry Van,1430.6,2802.12,3117.4918332406387,2251.2265511216815,550.8934488783184
TR-043352,2025-10-02,Fresno,Lubbock,Flatbed,1391.0,3094.08,3116.0786689476918,3257.399836999719,-163.31983699971897
TR-043351,2025-10-02,Oklahoma City,Austin,Dry Van,233.9,611.62,605.9020852044489,638.9668476637229,-27.346847663722883
TR-043366,2025-10-02,Fresno,Jacksonville,Dry Van,2414.8,4621.92,4715.878853139337,4411.70248834769,210.21751165231035
TR-043354,2025-10-02,Grand Rapids,Boston,Flatbed,1096.9,2265.33,2547.784910018877,2499.2043817200724,-233.8743817200725
TR-043370,2025-10-02,Nashville,Hartford,Dry Van,1100.8,2038.03,2283.1471039313096,2263.7823261855233,-225.75232618552332
TR-043371,2025-10-02,Phoenix,Tulsa,Dry Van,1509.4,2825.29,3122.776652771899,2766.7096244551167,58.58037554488328
TR-043372,2025-10-02,San Francisco,Bakersfield,Flatbed,389.0,974.77,979.1086665328955,1003.9214270566935,-29.15142705669348
TR-043373,2025-10-02,Shreveport,Lubbock,Reefer,585.9,1557.11,1461.848689887249,1596.5318822186366,-39.42188221863671
TR-043376,2025-10-02,Lexington,Providence,Dry Van,1018.0,2084.23,2174.0095611613488,2184.0853000231355,-99.85530002313544
TR-043368,2025-10-02,Greensboro,Albuquerque,Flatbed,1750.6,3633.54,3688.019883075626,3585.3405184649164,48.19948153508358
TR-043377,2025-10-02,Lexington,Fort Wayne,Reefer,354.1,901.41,965.3676960716862,961.2367454536095,-59.82674545360953
TR-043348,2025-10-02,Montgomery,Charleston,Dry Van,497.1,1140.26,1213.549911209434,1142.2319147811445,-1.9719147811445055
TR-043379,2025-10-02,Atlanta,Toledo,Dry Van,605.0,1262.04,1279.5758225928357,1356.0795891899438,-94.03958918994385
TR-043381,2025-10-02,Buffalo,Bakersfield,Dry Van,2545.4,4425.69,4605.956324022413,6693.693610451675,-2268.0036104516757
TR-043382,2025-10-02,Charleston,Albany,Dry Van,956.5,1948.49,2055.7665533882505,2045.3824397855149,-96.89243978551485
TR-043383,2025-10-02,Kansas City,San Antonio,Dry Van,920.3,1985.82,1954.5139822413425,2015.631075490584,-29.811075490584017
TR-043347,2025-10-02,Syracuse,Salt Lake City,Reefer,2391.8,4754.03,5106.756791869632,4214.136373232446,539.8936267675535
TR-043384,2025-10-02,Providence,Dallas,Dry Van,1735.4,3312.03,3471.3081299582036,3184.832846184017,127.19715381598326
TR-043378,2025-10-02,Albuquerque,Chattanooga,Flatbed,1471.9,3087.75,3140.909249627374,6487.8395598081115,-3400.0895598081115
TR-043367,2025-10-02,Cincinnati,Lexington,Reefer,128.1,386.18,512.1710823993137,412.78594940633235,-26.605949406332343
TR-043380,2025-10-02,St. Louis,Charleston,Reefer,764.0,1740.07,1730.0663171950628,1834.5819783756363,-94.51197837563632
TR-043385,2025-10-02,Lexington,Lubbock,Dry Van,1187.0,11696.44,2421.5468194659124,2509.99713771248,9186.44286228752
TR-043374,2025-10-02,Detroit,Raleigh,Flatbed,769.4,1673.46,1764.6779812231543,1801.2757153635368,-127.81571536353681
TR-043387,2025-10-02,Green Bay,Grand Rapids,Dry Van,119.5,321.82,453.892253201343,340.50191199912325,-18.68191199912326
TR-043391,2025-10-02,Las Vegas,Richmond,Flatbed,2559.4,4936.62,5014.257012036793,6222.379025955867,-1285.7590259558674
TR-043392,2025-10-02,New York,Shreveport,Dry Van,1366.8,2706.68,2974.8683135406322,2854.4016929977497,-147.72169299774987
TR-043393,2025-10-02,Greensboro,Fort Wayne,Flatbed,467.1,1096.8,1130.2582307918128,1143.803314915476,-47.00331491547604
TR-043394,2025-10-02,Providence,Amarillo,Dry Van,2294.0,4472.5,4411.343324883477,4145.136507003979,327.3634929960208
TR-043395,2025-10-02,Bakersfield,Albany,Dry Van,2976.3,4946.27,5307.622690745505,4800.8895750130405,145.38042498695995
TR-043407,2025-10-02,El Paso,Hartford,Reefer,2499.4,5196.65,4956.791324245903,5143.4768643697,53.17313563029984
TR-043396,2025-10-02,Toledo,Green Bay,Dry Van,286.6,667.99,718.7396793890423,699.435911903164,-31.44591190316396
TR-043398,2025-10-02,Albuquerque,Philadelphia,Flatbed,2317.3,4743.82,4685.236592055175,5477.931220532854,-734.1112205328545
TR-043400,2025-10-02,Harrisburg,Fresno,Dry Van,2661.4,4983.92,5132.309224502262,6422.720130773338,-1438.8001307733375
TR-043401,2025-10-02,Buffalo,Boston,Dry Van,593.6,1229.98,1370.3115921410329,1301.4654492584443,-71.4854492584443
TR-043402,2025-10-02,Syracuse,Philadelphia,Flatbed,396.8,890.15,918.298716202333,963.7858156644069,-73.63581566440689
TR-043403,2025-10-02,Lexington,Lubbock,Dry Van,1170.4,2371.63,2403.460728890281,2500.7012899552374,-129.07128995523726
TR-043404,2025-10-02,Kansas City,Tampa,Dry Van,943.7,1904.66,1944.0008185889956,1968.8581904781815,-64.19819047818146
TR-043405,2025-10-02,Chattanooga,Corpus Christi,Dry Van,807.2,1706.76,1673.6337862222285,1769.5335954369714,-62.77359543697139
TR-043397,2025-10-02,Montgomery,Shreveport,Dry Van,443.7,1024.78,1023.5721358371625,1054.7408241420303,-29.960824142030333
TR-043424,2025-10-02,Tampa,Nashville,Reefer,579.8,1470.73,1499.3150193584597,1548.8795918384426,-78.14959183844257
TR-043389,2025-10-02,Green Bay,Milwaukee,Dry Van,423.5,946.74,905.9314792329835,914.8744268255958,31.865573174404176
TR-043406,2025-10-02,Baton Rouge,Boston,Dry Van,1671.0,3242.19,3329.903968767426,3063.1758233107917,179.0141766892084
TR-043399,2025-10-02,Albuquerque,Grand Rapids,Dry Van,1572.5,2930.65,3151.9501613981984,2654.4675908271397,276.1824091728604
TR-043409,2025-10-02,Columbia,Baltimore,Dry Van,735.0,1485.65,1573.1706091961873,1584.138984971393,-98.48898497139294
TR-043410,2025-10-02,Nashville,Harrisburg,Dry Van,736.5,1545.59,1605.3808062902008,1598.520536794452,-52.93053679445211
TR-043411,2025-10-02,Los Angeles,Lexington,Flatbed,2148.9,4135.86,4452.392633424582,4120.464880460262,15.395119539737607
TR-043412,2025-10-02,Richmond,Albany,Flatbed,600.3,1399.65,1465.870628874457,1445.9088373566517,-46.25883735665161
TR-043413,2025-10-02,Bakersfield,Lexington,Dry Van,2114.8,3762.94,4066.3758910264974,4068.804941251131,-305.86494125113086
TR-043414,2025-10-02,Washington,Amarillo,Reefer,1847.0,3797.45,4104.269866403704,5104.767781495065,-1307.317781495065
TR-043422,2025-10-02,Savannah,Indianapolis,Dry Van,588.5,1251.72,1302.0084740937248,1383.762633602162,-132.0426336021619
TR-043425,2025-10-02,Dayton,Charleston,Reefer,592.0,1414.03,1430.9898651399399,1465.0740314157729,-51.044031415772906
TR-043416,2025-10-02,Mobile,El Paso,Flatbed,1519.2,3241.54,3318.812285203753,5754.4767263319345,-2512.9367263319346
TR-043418,2025-10-02,Lexington,Albany,Reefer,1016.7,2326.48,2404.3457707308535,2316.3764530100843,10.103546989915685
TR-043419,2025-10-02,Richmond,Dayton,Flatbed,611.1,1397.82,1397.376081776682,1493.3124424555845,-95.49244245558452
TR-043420,2025-10-02,Philadelphia,Lubbock,Dry Van,1989.3,3790.2,4051.314527122833,3577.79528513199,212.4047148680097
TR-043421,2025-10-02,Los Angeles,Salt Lake City,Dry Van,590.5,1211.06,1301.0909512024007,1331.8897138146365,-120.82971381463653
TR-043423,2025-10-02,Columbia,Phoenix,Dry Van,2269.9,4337.3,4427.162425357626,5314.845537419599,-977.545537419599
TR-043415,2025-10-02,Buffalo,Jacksonville,Reefer,879.1,1869.49,2028.819372019585,1994.2858020506108,-124.79580205061075
TR-043408,2025-10-02,Dallas,Green Bay,Dry Van,1118.4,2278.96,2382.6001959702153,2742.8067822852113,-463.84678228521125
TR-043417,2025-10-02,Austin,Houston,Dry Van,366.1,912.12,923.5022819855208,893.6924226778988,18.42757732210123
TR-043444,2025-10-02,New Orleans,Harrisburg,Dry Van,1084.2,2099.72,2213.827007934671,2265.925295963679,-166.20529596367942
TR-043390,2025-10-02,Nashville,Mobile,Reefer,293.5,825.3,850.7439973743844,900.9311946547584,-75.63119465475847
TR-043449,2025-10-02,Baltimore,Baton Rouge,Dry Van,1434.7,2941.66,3127.9373738706563,3504.8268891659527,-563.1668891659529
TR-043429,2025-10-02,Memphis,Richmond,Flatbed,881.8,2038.06,1979.9125418151868,2068.71760150601,-30.657601506009996
TR-043430,2025-10-02,Dayton,El Paso,Reefer,1680.4,3407.25,3622.1474416069714,3685.6293201127,-278.37932011270004
TR-043431,2025-10-02,Charleston,Los Angeles,Reefer,2645.4,5158.13,5193.3208004338085,5761.749249711716,-603.6192497117163
TR-043432,2025-10-02,Memphis,Harrisburg,Dry Van,808.4,1608.58,1688.0361197731356,1730.2650453131766,-121.68504531317672
TR-043433,2025-10-02,Phoenix,Lexington,Dry Van,2147.8,3888.18,4624.745740312893,5937.240029837679,-2049.060029837679
TR-043434,2025-10-02,Lexington,Columbia,Flatbed,224.7,614.52,694.7445721574502,652.4401848662707,-37.92018486627069
TR-043435,2025-10-02,New York,Detroit,Dry Van,704.9,574.1,1502.8141658530196,1468.51607137478,-894.41607137478
TR-043428,2025-10-02,Chattanooga,Charleston,Dry Van,535.1,1135.72,1176.558429011435,1198.2009626742738,-62.48096267427377
TR-043437,2025-10-02,San Francisco,Tucson,Reefer,690.9,1595.86,1571.4121062404158,1692.735702964417,-96.87570296441709
TR-043439,2025-10-02,Austin,Boston,Reefer,2131.9,4530.09,4560.308690590059,5079.544316911635,-549.454316911635
TR-043440,2025-10-02,Lexington,Memphis,Dry Van,341.7,822.57,849.1300196213354,840.5897280661984,-18.019728066198354
TR-043441,2025-10-02,Lexington,Los Angeles,Flatbed,2261.5,4517.4,4313.7287909306015,5165.999575609658,-648.5995756096581
TR-043442,2025-10-02,Tampa,Milwaukee,Flatbed,930.4,1992.02,2048.851972345294,2101.9767867372225,-109.9567867372225
TR-043443,2025-10-02,Grand Rapids,Atlanta,Dry Van,714.0,1401.38,1465.5598465677308,1504.9558889767254,-103.57588897672531
TR-043436,2025-10-02,Amarillo,Baton Rouge,Dry Van,843.1,1888.11,1797.8627249294045,1900.6591389521154,-12.549138952115527
TR-043427,2025-10-02,Cincinnati,Oklahoma City,Reefer,906.6,2215.28,2116.8295416319593,2275.8145271871826,-60.53452718718245
TR-043438,2025-10-02,Austin,Jacksonville,Dry Van,1099.9,2339.89,2406.654879861208,2447.8928192236863,-108.0028192236864
TR-043445,2025-10-02,Cincinnati,Raleigh,Dry Van,645.0,1326.06,1385.1024528512887,1419.5205394150178,-93.46053941501782
TR-043446,2025-10-02,Phoenix,New York,Dry Van,2969.9,5179.39,5379.842634306654,4726.054464501767,453.3355354982332
TR-043426,2025-10-02,Tampa,Lexington,Dry Van,739.0,1606.91,1574.4754294935572,1665.9753710029727,-59.0653710029726
TR-043450,2025-10-02,Columbia,Louisville,Dry Van,379.8,907.34,912.4676592857429,902.222388094252,5.117611905748049
TR-043447,2025-10-02,Little Rock,El Paso,Dry Van,1235.0,2440.48,2521.532508604378,2604.7357188376836,-164.25571883768362
TR-043451,2025-10-02,Little Rock,Montgomery,Dry Van,469.0,1115.99,1141.825090891633,1086.4596448469376,29.530355153062374
TR-043452,2025-10-02,San Antonio,Nashville,Reefer,858.8,2066.62,1997.7669546353309,2096.7604299713385,-30.140429971338563
TR-043453,2025-10-02,Oklahoma City,Nashville,Reefer,773.0,1850.9,1844.8757248032784,2165.0986996625593,-314.1986996625592
TR-043454,2025-10-02,Cincinnati,Atlanta,Dry Van,204.9,544.03,587.3291622397326,544.9892029371216,-0.9592029371216313
TR-043448,2025-10-02,El Paso,Providence,Flatbed,2702.1,5393.16,5400.808887785794,7429.024939589069,-2035.8649395890689
TR-043456,2025-10-02,Milwaukee,El Paso,Reefer,1503.5,3247.42,3359.3018209934944,5079.16649710176,-1831.7464971017598
TR-043455,2025-10-02,Toledo,Albuquerque,Reefer,1638.1,3455.38,3577.1514198894843,2569.31951392846,886.0604860715403
TR-043459,2025-10-02,Fort Wayne,Savannah,Reefer,645.9,1530.92,1487.4756973462195,1805.405281066936,-274.48528106693584
TR-043460,2025-10-02,Corpus Christi,Bakersfield,Reefer,1489.8,3338.08,3284.5420414974697,4294.847608742692,-956.7676087426917
TR-043461,2025-10-02,Hartford,Oklahoma City,Reefer,1782.6,3912.89,4001.838585811899,3707.416862569004,205.47313743099585
TR-043462,2025-10-02,Syracuse,San Francisco,Dry Van,2867.3,5059.84,5396.814821342975,5911.108419497315,-851.2684194973144
TR-043463,2025-10-02,Cincinnati,Reno,Dry Van,1980.6,3626.2,4083.379399739145,4611.7400312307545,-985.5400312307547
TR-043388,2025-10-02,Cincinnati,Greensboro,Reefer,307.1,779.12,815.7722064908392,828.6398489480404,-49.51984894804036
TR-043457,2025-10-02,Milwaukee,Houston,Reefer,853.8,2055.14,2000.113986503745,2109.6008658789806,-54.46086587898071
TR-043458,2025-10-02,Philadelphia,Boston,Dry Van,232.6,561.81,595.8775109091093,569.5408787543573,-7.730878754357377
TR-043465,2025-10-03,Detroit,Charleston,Reefer,819.4,1870.73,1930.9952105309612,1920.1002948400924,-49.370294840092356
TR-043472,2025-10-03,Shreveport,Jacksonville,Dry Van,563.1,1207.78,1234.5726151470583,1267.7464606618923,-59.96646066189237
TR-043466,2025-10-03,Albany,Hartford,Flatbed,379.9,884.41,901.6015912404548,883.4015938462736,1.0084061537263551
TR-043467,2025-10-03,Harrisburg,Little Rock,Flatbed,978.6,2283.48,2197.3301566765267,2200.900947988857,82.57905201114318
TR-043468,2025-10-03,Indianapolis,Green Bay,Flatbed,494.7,1149.7,1221.0770367934765,1224.342761388896,-74.6427613888959
TR-043469,2025-10-03,Atlanta,Albany,Dry Van,1197.0,2383.72,2497.5418731932514,2491.542050685387,-107.82205068538724
TR-043471,2025-10-03,Phoenix,El Paso,Flatbed,532.0,1279.64,1320.4782339993553,1298.3227985950825,-18.68279859508243
TR-043473,2025-10-03,Hartford,Albuquerque,Dry Van,2360.4,4573.2,4644.10166162704,5759.714981941295,-1186.5149819412954
TR-043482,2025-10-03,Memphis,Bakersfield,Dry Van,1858.7,3694.25,3919.012351580677,5201.9784379319435,-1507.7284379319435
TR-043475,2025-10-03,San Antonio,Tampa,Reefer,819.9,2107.89,1944.8584236330419,2156.652517778657,-48.762517778657184
TR-043476,2025-10-03,Nashville,Philadelphia,Dry Van,1015.3,2069.38,2125.653799893769,2149.5009341574982,-80.12093415749814
TR-043477,2025-10-03,New Orleans,Bakersfield,Flatbed,1635.3,3639.69,3544.9059287989776,3311.0657173153418,328.6242826846583
TR-043478,2025-10-03,Bakersfield,Lexington,Flatbed,2079.3,4325.53,4261.077925314331,4006.523389446218,319.0066105537817
TR-043479,2025-10-03,Birmingham,Montgomery,Dry Van,199.2,541.62,574.7576813418827,565.4919462852132,-23.8719462852132
TR-043480,2025-10-03,Hartford,Albany,Dry Van,381.6,864.05,888.4599441677215,961.6856290702955,-97.63562907029552
TR-043481,2025-10-03,Tampa,Mobile,Dry Van,307.7,789.67,819.8833817181496,775.1046369883535,14.565363011646468
TR-043483,2025-10-03,Toledo,Albuquerque,Dry Van,1653.9,3102.58,3340.0960483331564,4620.756772621818,-1518.1767726218177
TR-043464,2025-10-03,Montgomery,Lubbock,Flatbed,973.8,2208.66,2188.1143839244723,2311.6128246715325,-102.95282467153265
TR-043474,2025-10-03,Milwaukee,Reno,Reefer,1835.9,3926.18,4033.880607344613,3551.807660026567,374.37233997343264
TR-043484,2025-10-03,Dayton,San Antonio,Reefer,1200.6,2760.6,2727.2669864284185,2876.6912498320407,-116.09124983204083
TR-043491,2025-10-03,Columbia,Indianapolis,Dry Van,494.1,1116.63,1190.4869274915434,1152.4071994543713,-35.77719945437116
TR-043486,2025-10-03,Jacksonville,Toledo,Dry Van,843.9,1703.91,1732.6403005549282,1758.3164164013865,-54.40641640138642
TR-043488,2025-10-03,El Paso,Baton Rouge,Dry Van,1227.9,2648.98,2546.7046650175857,2707.4536756538737,-58.47367565387367
TR-043489,2025-10-03,Savannah,Boston,Flatbed,955.3,2110.12,2118.766402174166,2163.1559406930164,-53.03594069301653
TR-043490,2025-10-03,Memphis,Grand Rapids,Reefer,686.8,1536.64,1546.105982817126,1798.2688107586607,-261.6288107586606
TR-043506,2025-10-03,Nashville,Philadelphia,Dry Van,1038.6,2147.08,2186.2135502177043,2216.6681715346317,-69.58817153463178
TR-043552,2025-10-03,Atlanta,Memphis,Dry Van,257.5,634.0,641.1865209231037,632.9076437244207,1.0923562755792773
TR-043493,2025-10-03,San Antonio,Atlanta,Dry Van,958.2,2122.53,2054.653176548734,2371.693343029465,-249.1633430294646
TR-043494,2025-10-03,Charleston,Milwaukee,Dry Van,717.3,1531.3,1488.4262370431534,1579.5527277306703,-48.25272773067036
TR-043495,2025-10-03,Kansas City,Providence,Dry Van,1363.9,2744.43,2946.6607148484513,2849.9765273043145,-105.54652730431462
TR-043487,2025-10-03,Milwaukee,Buffalo,Dry Van,636.2,1365.42,1415.0875908134321,1440.071443670636,-74.6514436706359
TR-043496,2025-10-03,Charleston,Reno,Dry Van,2512.7,4490.45,4711.109257203568,5542.536403987326,-1052.0864039873259
TR-043498,2025-10-03,Montgomery,Houston,Flatbed,608.4,1433.36,1490.8593202515763,1572.860075736065,-139.50007573606513
TR-043499,2025-10-03,Columbia,Philadelphia,Dry Van,776.9,1645.35,1690.783341794432,1671.9944288614327,-26.644428861432743
TR-043500,2025-10-03,Lubbock,Los Angeles,Reefer,1192.5,2662.01,2631.934074150427,2702.115778749564,-40.1057787495638
TR-043501,2025-10-03,San Antonio,Grand Rapids,Flatbed,1374.7,2864.16,2958.471960603815,3013.0183561658564,-148.85835616585655
TR-043502,2025-10-03,Grand Rapids,Milwaukee,Dry Van,352.4,815.37,831.784900987524,807.7766062007826,7.593393799217438
TR-043503,2025-10-03,Baton Rouge,Providence,Flatbed,1701.7,3618.39,3568.081017800244,6890.71695977859,-3272.3269597785898
TR-043504,2025-10-03,Dallas,Greensboro,Dry Van,853.4,1740.91,1816.6106975957769,1859.7130620375895,-118.80306203758937
TR-043505,2025-10-03,Little Rock,Grand Rapids,Reefer,842.0,1969.27,1926.084817862102,2016.5532655946581,-47.28326559465813
TR-043497,2025-10-03,Hartford,Raleigh,Flatbed,497.6,1104.16,1214.7815509522509,1189.2277612466005,-85.06776124660041
TR-043485,2025-10-03,Washington,Fort Wayne,Reefer,568.2,1347.45,1404.2925976912375,1425.2553346015502,-77.80533460155016
TR-043507,2025-10-03,Bakersfield,Memphis,Flatbed,1731.6,3819.43,3706.229916409635,3306.8278985266043,512.6021014733956
TR-043550,2025-10-03,Dallas,Dayton,Flatbed,868.7,1992.33,1970.9750645961144,2043.1008133937612,-50.77081339376127
TR-043509,2025-10-03,Kansas City,Reno,Reefer,1678.9,3590.52,3682.1515280773474,3282.6346127411443,307.88538725885564
TR-043512,2025-10-03,Atlanta,Montgomery,Dry Van,305.5,774.59,758.3863794622612,763.9416857908396,10.64831420916039
TR-043514,2025-10-03,Albuquerque,Greensboro,Reefer,1771.2,3646.15,3648.192965728752,3956.1202524147625,-309.9702524147624
TR-043515,2025-10-03,Richmond,Memphis,Reefer,868.3,2132.15,2080.1972502625104,2121.0292641694114,11.120735830588728
TR-043516,2025-10-03,Philadelphia,Albuquerque,Flatbed,2312.2,4849.98,4706.9256333794665,5155.502916161758,-305.5229161617581
TR-043517,2025-10-03,Austin,Oklahoma City,Dry Van,240.5,620.43,619.4668094422659,633.2338765640017,-12.803876564001712
TR-043518,2025-10-03,Chattanooga,Milwaukee,Reefer,365.5,1011.24,999.084425869979,1026.4709549984054,-15.230954998405423
TR-043519,2025-10-03,Philadelphia,Lexington,Dry Van,808.0,1629.83,1691.033302458698,1726.6832796947972,-96.85327969479727
TR-043513,2025-10-03,Fresno,Syracuse,Reefer,2766.0,5521.8,5477.1197248444005,6483.541367363798,-961.7413673637975
TR-043511,2025-10-03,Columbia,Syracuse,Reefer,764.2,1711.77,1766.6109603637292,1762.743808619195,-50.9738086191951
TR-043521,2025-10-03,Memphis,Toledo,Dry Van,615.0,1385.93,1397.7988018137744,1393.9992234730403,-8.06922347304021
TR-043520,2025-10-03,Jacksonville,San Francisco,Dry Van,2505.2,4652.93,4704.225030923641,5552.7139814206475,-899.7839814206473
TR-043551,2025-10-03,New York,Houston,Dry Van,1510.0,2854.85,3070.7771885977327,3462.9175848164887,-608.0675848164888
TR-043526,2025-10-03,Phoenix,Boston,Dry Van,3147.1,5465.63,5651.8001342629,5344.532087533235,121.09791246676468
TR-043510,2025-10-03,Lexington,Lubbock,Dry Van,1160.4,2398.53,2361.294971846641,2381.9622533305737,16.56774666942647
TR-043524,2025-10-03,Baton Rouge,Nashville,Dry Van,507.9,1176.24,1180.1921107306912,1139.1989678778236,37.041032122176375
TR-043523,2025-10-03,Cincinnati,Bakersfield,Flatbed,1955.1,4040.38,4144.289979168878,4163.6394826894575,-123.2594826894574
TR-043525,2025-10-03,Las Vegas,Bakersfield,Dry Van,111.7,323.69,471.6945913530569,294.7281522050695,28.96184779493052
TR-043522,2025-10-03,Madison,Baltimore,Dry Van,1104.3,2201.44,2322.176034115265,2253.831431134126,-52.391431134125924
TR-043528,2025-10-03,Albuquerque,Hartford,Dry Van,2291.5,4131.55,4404.287286780161,4050.7309857828222,80.81901421717794
TR-043530,2025-10-03,Cincinnati,Fresno,Dry Van,2242.9,4305.39,4477.61472739284,5848.534663372683,-1543.1446633726828
TR-043529,2025-10-03,Greensboro,Tulsa,Dry Van,860.4,1913.02,1830.444320103038,1867.1388755479259,45.88112445207412
TR-043547,2025-10-03,Amarillo,Baton Rouge,Dry Van,863.5,1881.14,1857.8439187577014,1862.4531183039217,18.686881696078444
TR-043533,2025-10-03,Columbia,Bakersfield,Reefer,2260.6,4962.26,4857.362734670099,4076.4114537262085,885.8485462737917
TR-043534,2025-10-03,Lexington,Fresno,Dry Van,2291.3,4484.17,4539.764112139253,6613.07060226928,-2128.90060226928
TR-043535,2025-10-03,New York,Montgomery,Dry Van,1085.2,2279.97,2310.3314499229955,2343.457956148354,-63.48795614835399
TR-043536,2025-10-03,Greensboro,Lubbock,Dry Van,1276.7,2676.0,2580.347106680365,2723.287991478573,-47.287991478573076
TR-043537,2025-10-03,Hartford,Baton Rouge,Flatbed,1561.9,3216.36,3297.0917074256595,3094.191564969275,122.16843503072505
TR-043538,2025-10-03,Tulsa,Hartford,Dry Van,1537.0,2925.73,3166.9787815740624,3310.207139692423,-384.47713969242295
TR-043539,2025-10-03,Phoenix,Toledo,Reefer,2303.4,5231.69,4856.681772183502,8303.903232426846,-3072.213232426847
TR-043540,2025-10-03,Milwaukee,Bakersfield,Dry Van,1893.0,17514.11,3866.4213371196665,5906.486219806736,11607.623780193266
TR-043532,2025-10-03,Nashville,Shreveport,Dry Van,359.6,920.36,901.7880671608591,1004.56946215812,-84.20946215812
TR-043541,2025-10-03,Oklahoma City,Dayton,Dry Van,1066.7,2131.74,2212.837824902911,2251.0727665051645,-119.33276650516473
TR-043543,2025-10-03,New York,Columbia,Dry Van,760.2,1590.91,1660.9347996147196,1617.2401721912952,-26.330172191295105
TR-043544,2025-10-03,San Antonio,El Paso,Reefer,885.6,2135.05,2094.690590413963,2141.7527903344726,-6.702790334472411
TR-043545,2025-10-03,Fort Wayne,Tucson,Dry Van,1995.2,3795.8,3940.274968191704,3298.44536327718,497.35463672282003
TR-043546,2025-10-03,Mobile,Memphis,Dry Van,325.7,841.39,875.579230410526,855.1487401773525,-13.758740177352479
TR-043548,2025-10-03,Kansas City,Albany,Dry Van,1274.1,2584.5,2675.472997597335,2617.992661682177,-33.492661682177186
TR-043549,2025-10-03,Phoenix,Tampa,Dry Van,2111.2,3867.37,4093.240854556516,4116.290485653466,-248.92048565346613
TR-043508,2025-10-03,Amarillo,Syracuse,Reefer,1910.1,4201.07,4137.307931544157,3327.024078560425,874.0459214395746
TR-043542,2025-10-03,Albuquerque,Reno,Dry Van,676.7,1419.12,1401.3747569814323,1446.8024561205468,-27.68245612054693
TR-043531,2025-10-03,Detroit,Montgomery,Dry Van,1000.5,2020.28,2163.4162513286306,2233.8588358988036,-213.57883589880362
TR-043470,2025-10-03,Hartford,Albuquerque,Dry Van,2353.8,4527.45,4357.595684407308,4537.524884296648,-10.074884296648634
TR-043527,2025-10-03,San Antonio,New York,Dry Van,1804.0,3633.88,3755.7878608130372,3611.99623719598,21.88376280402008
TR-043553,2025-10-03,Shreveport,San Francisco,Reefer,1985.3,4305.52,4183.574179821547,4098.989932285575,206.53006771442506
TR-043598,2025-10-03,San Antonio,Savannah,Dry Van,1129.1,2373.1,2330.2834067007016,2422.6796098077493,-49.57960980774942
TR-043555,2025-10-03,Richmond,Buffalo,Dry Van,339.5,750.47,803.0879498967374,760.8540002416784,-10.384000241678336
TR-043556,2025-10-03,Green Bay,Houston,Dry Van,1204.9,2426.3,2414.313101461248,2482.8291814154272,-56.52918141542705
TR-043557,2025-10-03,Toledo,Bakersfield,Dry Van,2173.9,3888.25,4131.698762592412,5361.143830174405,-1472.8938301744047
TR-043559,2025-10-03,Reno,Louisville,Dry Van,1992.9,3858.38,4074.064909708751,3703.516103451202,154.86389654879804
TR-043560,2025-10-03,Jacksonville,Savannah,Dry Van,218.0,620.2,627.6314530875395,589.898491961969,30.301508038031102
TR-043561,2025-10-03,Albany,Los Angeles,Dry Van,3296.4,5909.05,5668.587307190183,6683.369312850934,-774.3193128509338
TR-043562,2025-10-03,Baltimore,Tucson,Dry Van,2736.2,4774.43,5036.514541398951,5334.486394961504,-560.0563949615034
TR-043563,2025-10-03,Buffalo,Indianapolis,Reefer,686.0,1693.26,1653.2588151446116,1674.5620589986847,18.697941001315257
TR-043596,2025-10-03,Shreveport,Los Angeles,Dry Van,1714.7,3392.57,3617.046126296307,3659.7236132202224,-267.15361322022227
TR-043564,2025-10-03,Lubbock,Louisville,Dry Van,1019.9,2056.32,2118.748715893871,2204.6899038922966,-148.3699038922964
TR-043566,2025-10-03,Tampa,Montgomery,Dry Van,267.3,649.32,720.253969231828,650.8306945525298,-1.5106945525297988
TR-043567,2025-10-03,Birmingham,San Francisco,Flatbed,2253.6,4603.49,4476.220505478609,5666.346293605887,-1062.856293605887
TR-043568,2025-10-03,Jacksonville,Oklahoma City,Dry Van,970.5,2092.92,2147.703447276926,2171.2306022545995,-78.31060225459942
TR-043569,2025-10-03,Houston,Montgomery,Reefer,622.8,1619.31,1530.9166476800337,1569.5042540521856,49.80574594781433
TR-043570,2025-10-03,Mobile,Fort Wayne,Reefer,813.8,1988.15,1890.8026725233701,2007.1115090134977,-18.96150901349756
TR-043571,2025-10-03,Kansas City,Columbia,Dry Van,638.3,1403.26,1432.336544933119,1453.1139311950847,-49.85393119508467
TR-043572,2025-10-03,Raleigh,Tampa,Dry Van,864.1,1748.97,1827.5730947034385,1804.4464566329636,-55.47645663296362
TR-043573,2025-10-03,Mobile,Indianapolis,Flatbed,542.4,1277.48,1322.1091130466232,1376.6704308290164,-99.19043082901635
TR-043565,2025-10-03,Fresno,Bakersfield,Dry Van,228.3,602.77,648.2290501455509,577.5735437547597,25.196456245240256
TR-043574,2025-10-03,Nashville,Lexington,Dry Van,274.3,678.25,666.028711933066,689.5809062282236,-11.330906228223625
TR-043558,2025-10-03,Baltimore,Cincinnati,Dry Van,922.6,2007.17,1927.0976143448424,1974.9197218680129,32.250278131987216
TR-043576,2025-10-03,Milwaukee,Savannah,Flatbed,644.1,1501.24,1509.2279517622023,1551.8368688368253,-50.59686883682525
TR-043581,2025-10-03,Grand Rapids,Hartford,Reefer,907.8,2037.82,2104.301504594172,2164.5734524158743,-126.75345241587434
TR-043582,2025-10-03,Reno,San Antonio,Reefer,1604.3,3653.22,3689.5852922188333,4639.203859674335,-985.9838596743352
TR-043583,2025-10-03,Mobile,Los Angeles,Reefer,2013.9,4179.42,4244.368987278819,6261.555058256914,-2082.135058256914
TR-043595,2025-10-03,Lexington,Houston,Dry Van,826.3,1815.62,1770.7214862787473,1850.9669489382043,-35.34694893820438
TR-043579,2025-10-03,Fresno,Tulsa,Dry Van,1675.9,3163.93,3394.760351288849,3462.325686426858,-298.395686426858
TR-043492,2025-10-03,Tucson,Tampa,Dry Van,1880.5,3806.59,3757.540596512252,3926.3691883440138,-119.77918834401362
TR-043578,2025-10-03,Reno,Little Rock,Flatbed,1783.4,3858.97,3854.3384769281106,3360.2708768056423,498.6991231943575
TR-043580,2025-10-03,El Paso,Greensboro,Reefer,1815.5,4077.19,3990.843374430081,3658.0260681165078,419.1639318834923
TR-043585,2025-10-03,Toledo,Greensboro,Reefer,484.7,1141.76,1206.5408972823768,1229.7407938677131,-87.98079386771315
TR-043593,2025-10-03,Tucson,Dayton,Dry Van,1952.6,3719.42,4042.8363028821777,3724.369022422771,-4.949022422771122
TR-043587,2025-10-03,Hartford,Atlanta,Dry Van,1010.5,2059.41,2154.0918471141417,2169.63486365648,-110.22486365648001
TR-043588,2025-10-03,Jacksonville,Kansas City,Dry Van,757.1,1550.98,1623.5009745665952,1589.3395293344913,-38.3595293344913
TR-043589,2025-10-03,Louisville,Kansas City,Reefer,314.3,846.72,813.4288735672997,861.9751038192671,-15.255103819267106
TR-043590,2025-10-03,Bakersfield,Greensboro,Dry Van,2231.9,4391.59,4492.242732824379,4174.960154650707,216.62984534929274
TR-043591,2025-10-03,San Francisco,Raleigh,Reefer,2900.8,6011.56,5969.761281271896,7847.299758092247,-1835.739758092247
TR-043592,2025-10-03,Indianapolis,Louisville,Dry Van,127.8,360.5,514.6291345660511,361.6548992233042,-1.1548992233041986
TR-043594,2025-10-03,Raleigh,Lexington,Dry Van,533.1,1138.44,1161.4732109481777,1239.563990537016,-101.12399053701597
TR-043577,2025-10-03,Tulsa,Bakersfield,Flatbed,1497.0,3245.38,3136.05349774484,3934.422858599937,-689.0428585999371
TR-043586,2025-10-03,Columbia,Cincinnati,Dry Van,313.5,729.41,770.6519940353878,736.1002714218679,-6.690271421867919
TR-043575,2025-10-03,Toledo,Mobile,Dry Van,835.5,1704.81,1803.9681179070149,1762.1892276272,-57.37922762719995
TR-043597,2025-10-03,El Paso,Lubbock,Flatbed,814.1,2040.58,1839.797672911725,2053.52288806808,-12.942888068080265
TR-043584,2025-10-03,Nashville,Fresno,Dry Van,2118.1,4155.33,4248.811187569219,5598.251387360378,-1442.9213873603785
TR-043599,2025-10-03,Atlanta,Phoenix,Dry Van,2040.6,3871.02,4082.9135251988437,4711.757653456712,-840.7376534567125
TR-043601,2025-10-03,Salt Lake City,Columbia,Dry Van,2025.3,4020.29,4064.550259299661,3653.141961581268,367.1480384187321
TR-043602,2025-10-03,Harrisburg,Grand Rapids,Flatbed,592.0,1312.03,1404.2703366267624,1463.366696629277,-151.33669662927696
TR-043603,2025-10-03,Baton Rouge,Raleigh,Dry Van,1105.1,2342.27,2404.983973588195,2442.4363250971946,-100.16632509719466
TR-043604,2025-10-03,Tucson,Kansas City,Dry Van,1565.9,3220.84,3276.723996359544,2963.396170092443,257.4438299075573
TR-043605,2025-10-03,Austin,Bakersfield,Flatbed,1213.8,2734.86,2563.7532843839176,2779.935790959706,-45.075790959705955
TR-043606,2025-10-03,Salt Lake City,Syracuse,Dry Van,2292.4,4300.69,4536.467977540243,5366.440684467125,-1065.7506844671252
TR-043607,2025-10-03,Indianapolis,Phoenix,Reefer,1921.8,4309.19,4188.20915198577,3968.029192925916,341.16080707408355
TR-043608,2025-10-03,Lubbock,Lexington,Reefer,1176.4,2768.84,2696.5899030609526,2870.3142376598003,-101.47423765980011
TR-043600,2025-10-03,Nashville,Green Bay,Reefer,740.1,1782.45,1762.541389584599,1908.9896698921018,-126.53966989210176
TR-043609,2025-10-03,Providence,Reno,Dry Van,3096.5,5421.97,5505.5291458202655,4981.233823342654,440.7361766573458
TR-043611,2025-10-03,Fort Wayne,Memphis,Dry Van,534.0,1170.72,1209.280277803753,1202.3854643764766,-31.66546437647662
TR-043612,2025-10-03,Philadelphia,Tucson,Flatbed,2696.2,5165.38,5274.354430685584,4891.372173817834,274.00782618216635
TR-043613,2025-10-03,Tucson,Bakersfield,Reefer,321.3,903.02,866.8038799779449,934.3565288848034,-31.336528884803442
TR-043614,2025-10-03,Oklahoma City,Nashville,Dry Van,784.4,1652.81,1657.522121493499,1838.8000427324555,-185.99004273245555
TR-043615,2025-10-03,Los Angeles,Fresno,Dry Van,439.7,953.94,1006.6808632303953,1011.6758267331114,-57.73582673311137
TR-043617,2025-10-03,Shreveport,Oklahoma City,Dry Van,448.4,1055.81,1032.7303380604164,1049.6324350862724,6.177564913727565
TR-043618,2025-10-03,Chattanooga,Albany,Dry Van,1234.9,2471.27,2467.4356300851846,2452.3134773963457,18.95652260365432
TR-043635,2025-10-03,Atlanta,Dallas,Dry Van,629.3,1411.05,1361.3471758332605,1509.6500659157346,-98.6000659157346
TR-043610,2025-10-03,Chattanooga,Phoenix,Dry Van,2071.7,4008.9,4122.247054470392,4540.321347326737,-531.4213473267368
TR-043619,2025-10-03,Grand Rapids,Baton Rouge,Reefer,1123.5,2713.34,2602.14429567477,2575.639492084339,137.7005079156611
TR-043616,2025-10-03,Columbia,Hartford,Flatbed,826.0,1842.01,1891.8926518629714,2000.0379195755925,-158.02791957559248
TR-043621,2025-10-03,San Francisco,Lubbock,Dry Van,1562.4,3102.36,3215.388745310488,2927.6967255005593,174.66327449944083
TR-043620,2025-10-03,Lexington,Tulsa,Dry Van,728.8,1681.52,1595.8454431124148,1703.1537836053267,-21.6337836053267
TR-043624,2025-10-03,Hartford,Tucson,Reefer,2866.1,6260.64,5808.002892262677,7555.784573783122,-1295.1445737831218
TR-043626,2025-10-03,Jacksonville,Hartford,Dry Van,1047.1,2164.69,2211.0777488109425,2228.3347010713064,-63.64470107130637
TR-043627,2025-10-03,Fort Wayne,Lexington,Flatbed,355.5,920.52,998.3090194984893,978.9384625585897,-58.41846255858968
TR-043628,2025-10-03,New York,Cincinnati,Reefer,855.6,1923.65,1939.47293194768,1994.577854662542,-70.9278546625419
TR-043629,2025-10-03,Toledo,Montgomery,Flatbed,872.7,1990.73,1995.882722414181,2055.836685328375,-65.10668532837508
TR-043630,2025-10-03,Dayton,Montgomery,Flatbed,709.9,1664.69,1553.686549718386,1733.0337448032,-68.34374480320002
TR-043622,2025-10-03,Grand Rapids,Jacksonville,Dry Van,953.6,1954.35,2001.6549493656375,2011.8408887489525,-57.49088874895256
TR-043631,2025-10-03,Nashville,Tulsa,Dry Van,488.3,1137.99,1146.2709340580402,1132.1285251718987,5.861474828101336
TR-043625,2025-10-03,San Antonio,Bakersfield,Dry Van,1306.6,2574.34,2654.1211533052447,2671.2023095865625,-96.86230958656233
TR-043634,2025-10-03,Milwaukee,Little Rock,Dry Van,505.5,1151.86,1201.6611111541229,1110.8085729420802,41.05142705791968
TR-043632,2025-10-03,Milwaukee,Savannah,Flatbed,645.1,1504.21,1521.0814291082659,1589.9529696968805,-85.74296969688044
TR-043633,2025-10-03,Amarillo,Tucson,Dry Van,656.0,1469.29,1475.6257542809808,1543.3749174136526,-74.08491741365265
TR-043554,2025-10-03,Kansas City,Cincinnati,Flatbed,343.0,896.64,936.735474919657,964.4961978717067,-67.85619787170674
TR-043640,2025-10-03,Oklahoma City,Little Rock,Reefer,509.0,1369.01,1277.0517697921578,1476.4847889218747,-107.47478892187473
TR-043623,2025-10-03,Boston,Fort Wayne,Dry Van,988.9,2099.59,2121.495757853035,2098.0902278034882,1.4997721965119126
TR-043638,2025-10-03,Albany,Salt Lake City,Dry Van,2653.0,4743.68,4973.112306247558,6508.065012510534,-1764.3850125105337
TR-043637,2025-10-03,El Paso,Richmond,Dry Van,2232.1,4336.33,4450.69255267453,5063.41242973043,-727.0824297304298
TR-043639,2025-10-03,Philadelphia,Amarillo,Dry Van,2114.2,3959.56,4053.0792063472327,3733.4000843053045,226.15991569469543
TR-043636,2025-10-03,Baton Rouge,Baltimore,Dry Van,1424.8,2798.24,3010.038958404368,2469.1825997188344,329.0574002811654
TR-043649,2025-10-04,St. Louis,Tucson,Reefer,1705.1,3624.75,3776.563556569765,3489.6310405656805,135.11895943431955
TR-043641,2025-10-04,Lubbock,Buffalo,Dry Van,1629.0,3116.04,3269.852339996937,4524.184625157344,-1408.1446251573443
TR-043717,2025-10-04,Los Angeles,Dallas,Reefer,1540.0,3270.72,3369.312968939388,3832.442378226489,-561.7223782264891
TR-043643,2025-10-04,Milwaukee,Baltimore,Dry Van,985.2,8236.26,2040.873475645094,2042.7574068749725,6193.5025931250275
TR-043644,2025-10-04,Raleigh,Kansas City,Flatbed,937.3,2107.24,2136.643081357393,2218.0606126237344,-110.82061262373463
TR-043645,2025-10-04,Richmond,Grand Rapids,Reefer,723.3,1636.11,1681.0794407043975,1768.1012752134982,-131.99127521349828
TR-043646,2025-10-04,Lexington,Bakersfield,Reefer,2077.2,4496.97,4329.307549314784,4372.769482356095,124.20051764390519
TR-043676,2025-10-04,Grand Rapids,Green Bay,Dry Van,122.1,328.91,445.1991983490461,338.664817564582,-9.75481756458197
TR-043648,2025-10-04,Jacksonville,Atlanta,Dry Van,283.1,714.11,700.7386836250291,712.9221694475307,1.187830552469336
TR-043651,2025-10-04,Kansas City,Cincinnati,Dry Van,351.9,820.92,834.6432094091033,820.5287444895577,0.39125551044230633
TR-043653,2025-10-04,Green Bay,Bakersfield,Dry Van,2008.5,3708.06,4018.1894453447776,4953.711990834576,-1245.6519908345758
TR-043654,2025-10-04,Baton Rouge,Green Bay,Dry Van,1140.5,2419.17,2443.941989392276,2470.1803859586253,-51.01038595862519
TR-043655,2025-10-04,Cincinnati,Los Angeles,Flatbed,2044.1,4046.09,4177.817973209131,5200.5072356699775,-1154.4172356699773
TR-043656,2025-10-04,San Francisco,Syracuse,Dry Van,2883.7,4938.57,5185.717053465199,6938.4570105114535,-1999.8870105114538
TR-043657,2025-10-04,Reno,Mobile,Flatbed,2037.8,4076.29,4279.43870623542,3744.593626623391,331.6963733766088
TR-043650,2025-10-04,Phoenix,Columbia,Reefer,2303.3,4847.61,4668.8639319761905,3129.1558435468123,1718.4541564531874
TR-043652,2025-10-04,Cincinnati,Madison,Flatbed,428.0,993.82,1041.530438410223,1192.1691098880171,-198.3491098880171
TR-043669,2025-10-04,Albuquerque,Harrisburg,Reefer,2046.0,4340.8,4383.992680539321,4483.819380058714,-143.01938005871398
TR-043659,2025-10-04,Las Vegas,Lexington,Dry Van,2073.0,4024.07,4117.896725452279,3692.151741558134,331.9182584418663
TR-043677,2025-10-04,Raleigh,Reno,Flatbed,2712.1,5235.99,5099.991082984473,6715.233154061799,-1479.243154061799
TR-043661,2025-10-04,Mobile,Dayton,Dry Van,684.3,1506.16,1446.4958596104298,1479.7443775968786,26.41562240312146
TR-043662,2025-10-04,Montgomery,Albany,Dry Van,1397.7,2798.93,3024.9240940308973,2710.9645437058252,87.9654562941746
TR-043663,2025-10-04,Reno,Mobile,Flatbed,1993.5,4036.53,4183.124863341889,3717.921034644415,318.60896535558504
TR-043664,2025-10-04,Albany,Dayton,Dry Van,940.6,1861.61,1923.2070920899614,1890.3584169624453,-28.74841696244539
TR-043665,2025-10-04,Grand Rapids,Chattanooga,Dry Van,662.7,1419.09,1400.8006814346618,1367.4533705219596,51.63662947804028
TR-043666,2025-10-04,Lexington,Richmond,Flatbed,560.8,1329.77,1345.903695536534,1385.7603486944847,-55.99034869448474
TR-043658,2025-10-04,Oklahoma City,Grand Rapids,Reefer,1248.7,2792.04,2795.636088340471,2888.527005731648,-96.48700573164797
TR-043667,2025-10-04,Grand Rapids,Philadelphia,Dry Van,886.2,1776.12,1853.1522738499434,1816.7655106501236,-40.6455106501237
TR-043670,2025-10-04,Austin,Buffalo,Reefer,1686.4,3787.11,3739.8945688670397,4342.880882372113,-555.7708823721127
TR-043671,2025-10-04,Houston,Reno,Dry Van,1708.9,3276.76,3464.3776903024145,3457.422750699061,-180.66275069906078
TR-043672,2025-10-04,Baton Rouge,Reno,Dry Van,1789.5,3482.73,3660.048189022443,3734.2599763153544,-251.52997631535436
TR-043673,2025-10-04,Fort Wayne,Providence,Flatbed,1061.1,2257.75,2361.9483877952625,2406.21216238669,-148.46216238669012
TR-043674,2025-10-04,Milwaukee,Los Angeles,Flatbed,2071.4,1274.95,4286.696990743284,6002.455242701734,-4727.5052427017345
TR-043675,2025-10-04,Charleston,Green Bay,Flatbed,936.6,2050.65,2132.3962514377245,2111.7026030352054,-61.052603035205266
TR-043660,2025-10-04,Corpus Christi,Syracuse,Dry Van,1669.4,3412.66,3393.6994076815236,4600.158584564952,-1187.4985845649526
TR-043668,2025-10-04,Raleigh,Montgomery,Flatbed,694.1,1577.96,1555.282273381778,1634.758524187446,-56.79852418744599
TR-043642,2025-10-04,Amarillo,Hartford,Reefer,2173.0,4712.14,4494.742877103484,4414.37825713861,297.7617428613903
TR-043681,2025-10-04,Memphis,Dallas,Reefer,468.7,1227.83,1110.3931609000235,1233.865576607143,-6.0355766071431844
TR-043700,2025-10-04,Grand Rapids,Memphis,Reefer,650.5,1474.42,1515.7230509214514,1570.3616130871965,-95.9416130871964
TR-043683,2025-10-04,Charleston,Amarillo,Dry Van,1624.9,3260.47,3300.890034408524,3274.175859893905,-13.705859893905199
TR-043684,2025-10-04,Indianapolis,Savannah,Dry Van,596.5,1327.19,1357.438385795443,1364.182900597394,-36.992900597394055
TR-043685,2025-10-04,Dallas,Syracuse,Reefer,1445.5,3302.07,3245.3172226968827,3082.7215482137835,219.34845178621663
TR-043697,2025-10-04,Indianapolis,Toledo,Reefer,397.0,1033.03,1052.918457552377,1087.0268495918308,-53.996849591830824
TR-043686,2025-10-04,Nashville,Little Rock,Reefer,290.1,823.97,801.865452053479,871.4426442489812,-47.47264424898117
TR-043687,2025-10-04,San Antonio,Fresno,Dry Van,1491.4,3109.53,3060.951294847934,3850.589671344041,-741.0596713440409
TR-043688,2025-10-04,Atlanta,Nashville,Flatbed,153.4,459.09,527.2979959579609,467.4062609547019,-8.316260954701931
TR-043689,2025-10-04,Bakersfield,Dallas,Dry Van,1515.7,2945.56,3067.507021718324,3266.8108253133764,-321.2508253133765
TR-043690,2025-10-04,New Orleans,San Antonio,Flatbed,507.9,1314.59,1281.2184056643023,1384.9401542780208,-70.35015427802091
TR-043691,2025-10-04,New York,Greensboro,Flatbed,693.1,548.16,1488.7271723796362,1554.2952419262042,-1006.1352419262042
TR-043692,2025-10-04,Austin,San Antonio,Flatbed,114.4,367.01,502.7215075090128,378.2783124845932,-11.268312484593196
TR-043693,2025-10-04,Philadelphia,Memphis,Reefer,1108.6,2476.11,2594.810257524322,2583.873339491751,-107.76333949175068
TR-043694,2025-10-04,Toledo,Atlanta,Dry Van,587.1,1283.4,1349.867557297409,1321.262786791914,-37.862786791914004
TR-043695,2025-10-04,Albany,San Antonio,Flatbed,2123.6,4203.77,4221.098018603072,2764.4836577384835,1439.286342261517
TR-043716,2025-10-04,Atlanta,Fort Wayne,Reefer,540.1,1324.87,1330.7356525979217,1513.1316845835931,-188.26168458359325
TR-043682,2025-10-04,Mobile,Madison,Flatbed,807.3,1880.52,1861.404724140948,1969.116353054524,-88.59635305452412
TR-043680,2025-10-04,Savannah,Houston,Reefer,893.4,2192.5,2100.0962164943367,2260.233904735233,-67.73390473523295
TR-043696,2025-10-04,Fresno,El Paso,Dry Van,665.6,1475.54,1472.5583518340177,1484.9844331776203,-9.44443317762034
TR-043714,2025-10-04,Oklahoma City,Grand Rapids,Flatbed,1202.8,2663.29,2678.068264794327,2798.8906918402513,-135.60069184025133
TR-043701,2025-10-04,Milwaukee,Oklahoma City,Dry Van,889.0,1832.33,1816.9513918299672,1874.4822593322917,-42.152259332291806
TR-043702,2025-10-04,Charleston,Memphis,Reefer,661.2,1604.25,1526.3262873963845,1618.659594240691,-14.409594240690922
TR-043703,2025-10-04,St. Louis,Tulsa,Dry Van,519.4,1206.42,1185.6928469162683,1138.445584525999,67.97441547400103
TR-043704,2025-10-04,Austin,Lubbock,Flatbed,70.0,236.92,504.4530009839016,266.85940217736595,-29.939402177365963
TR-043705,2025-10-04,New York,Austin,Reefer,1943.2,785.33,4159.524080956214,4019.045324366106,-3233.715324366106
TR-043706,2025-10-04,Jacksonville,Lexington,Dry Van,436.6,1021.77,996.6272779305018,985.1216386838581,36.64836131614186
TR-043707,2025-10-04,San Antonio,Charleston,Dry Van,1398.2,2768.1,2835.8771062653154,2859.2036146513724,-91.10361465137248
TR-043679,2025-10-04,Madison,Grand Rapids,Dry Van,269.9,620.95,654.7614489136924,625.601877423295,-4.651877423294991
TR-043708,2025-10-04,Boston,Richmond,Flatbed,496.5,1208.93,1205.3048370521294,1196.4573523007984,12.472647699201616
TR-043711,2025-10-04,Toledo,Atlanta,Dry Van,599.7,1231.13,1287.8467725029946,1264.3026776960826,-33.172677696082474
TR-043712,2025-10-04,Baton Rouge,Phoenix,Reefer,1650.6,3788.94,3613.4614464038277,5739.047270710408,-1950.107270710408
TR-043713,2025-10-04,Nashville,Grand Rapids,Flatbed,661.9,1530.87,1526.7799805302725,1617.0370974842947,-86.1670974842948
TR-043715,2025-10-04,Houston,Richmond,Dry Van,1354.6,2579.7,2863.765357955751,2730.3159144424208,-150.61591444242094
TR-043678,2025-10-04,Grand Rapids,Hartford,Dry Van,890.2,1666.27,1794.3450986587218,1751.985788429087,-85.71578842908707
TR-043699,2025-10-04,Jacksonville,Baton Rouge,Dry Van,585.1,1321.52,1300.8848270908932,1370.3396968166182,-48.81969681661826
TR-043698,2025-10-04,Nashville,Oklahoma City,Dry Van,748.7,1697.51,1626.1021280740051,1931.464278440273,-233.9542784402729
TR-043710,2025-10-04,San Antonio,Indianapolis,Dry Van,985.1,2130.66,2100.4143360501735,2179.9993489221165,-49.33934892211664
TR-043709,2025-10-04,Philadelphia,Tucson,Flatbed,2641.3,5280.63,5228.0799411646985,4771.408723422159,509.2212765778413
TR-043647,2025-10-04,Amarillo,Shreveport,Dry Van,829.0,1760.84,1723.7898925628704,1768.2925574968317,-7.452557496831787
TR-043767,2025-10-04,Buffalo,Baton Rouge,Reefer,1260.3,2911.9,2833.124295878922,2947.785735264232,-35.8857352642317
TR-043721,2025-10-04,Tulsa,Washington,Reefer,1231.7,2769.33,2771.999489509261,2880.657597643616,-111.32759764361617
TR-043722,2025-10-04,San Antonio,Tucson,Dry Van,1052.4,2299.67,2244.3873339255188,2319.4944219008676,-19.824421900867492
TR-043723,2025-10-04,Tucson,Las Vegas,Dry Van,254.3,628.7,647.8996887916492,627.5162484474944,1.1837515525056688
TR-043724,2025-10-04,Shreveport,Cincinnati,Dry Van,529.6,1229.26,1272.572823525093,1478.7325234875664,-249.47252348756638
TR-043725,2025-10-04,El Paso,Hartford,Reefer,2578.6,5479.97,5222.309842923317,5115.676810265083,364.2931897349172
TR-043737,2025-10-04,Austin,San Antonio,Dry Van,111.0,311.38,445.6591697225999,290.3092793357909,21.07072066420909
TR-043726,2025-10-04,Madison,Los Angeles,Dry Van,2031.1,3853.49,4068.3675680201304,4460.9912666024065,-607.5012666024068
TR-043729,2025-10-04,Baton Rouge,Tulsa,Flatbed,298.9,878.24,842.8701802225337,888.7035755262389,-10.463575526238856
TR-043730,2025-10-04,Shreveport,Nashville,Dry Van,385.6,1000.57,919.0054879487441,942.820282845445,57.749717154555015
TR-043731,2025-10-04,Raleigh,Lexington,Dry Van,525.2,1173.39,1230.06902524259,1176.5205701933019,-3.1305701933017644
TR-043732,2025-10-04,San Francisco,Providence,Dry Van,3228.2,5555.83,5580.81249879869,5446.291580298585,109.53841970141457
TR-043733,2025-10-04,Washington,Mobile,Dry Van,935.5,1938.54,1962.3083936573914,2219.8957427315204,-281.3557427315204
TR-043734,2025-10-04,Baltimore,Washington,Dry Van,296.7,729.62,738.4816233344327,715.783245038321,13.836754961679048
TR-043735,2025-10-04,Bakersfield,Cincinnati,Dry Van,1977.2,3909.68,4068.929492532783,3609.306193907206,300.373806092794
TR-043727,2025-10-04,Reno,Toledo,Dry Van,2117.6,8592.93,4040.17151000342,5695.15495048507,2897.7750495149303
TR-043755,2025-10-04,Montgomery,Fort Wayne,Dry Van,803.2,1756.9,1712.8594075250357,1735.003874682583,21.896125317417045
TR-043720,2025-10-04,Fresno,Columbia,Reefer,2425.1,5192.29,4982.578318352344,5087.932516434698,104.35748356530166
TR-043736,2025-10-04,Cincinnati,Nashville,Flatbed,189.0,544.04,595.3242635886447,584.358153168278,-40.31815316827806
TR-043728,2025-10-04,Nashville,Fort Wayne,Flatbed,516.9,1252.52,1286.4654235177475,1234.4387898725056,18.081210127494387
TR-043753,2025-10-04,Phoenix,Chattanooga,Dry Van,1970.2,3865.88,4071.034791160995,3691.9238068067407,173.95619319325942
TR-043740,2025-10-04,Baltimore,Boston,Dry Van,245.7,584.56,575.913954586797,580.8301899724837,3.729810027516237
TR-043741,2025-10-04,Lexington,Baltimore,Reefer,826.0,1977.98,1892.825895623786,1996.9075270749001,-18.927527074900127
TR-043742,2025-10-04,Mobile,Fort Wayne,Dry Van,815.0,1708.09,1711.298868973362,1768.1313957556476,-60.04139575564773
TR-043743,2025-10-04,Boston,Jacksonville,Reefer,1166.9,2682.14,2658.3739763044823,2773.763763526812,-91.62376352681213
TR-043744,2025-10-04,Mobile,Baton Rouge,Dry Van,332.8,850.3,861.7872499585226,880.3375914561202,-30.037591456120253
TR-043745,2025-10-04,Lubbock,Shreveport,Dry Van,559.0,1297.39,1276.955994881252,1295.1188234778358,2.2711765221642963
TR-043756,2025-10-04,Fresno,Tampa,Dry Van,2317.4,4610.23,4474.031246448767,4266.790451261859,343.43954873814073
TR-043746,2025-10-04,New York,Bakersfield,Dry Van,2748.5,4845.69,5021.4602833898525,4448.768007780969,396.92199221903047
TR-043750,2025-10-04,Houston,Providence,Reefer,1800.5,3891.84,3808.2903857922556,3812.198939740692,79.64106025930823
TR-043751,2025-10-04,Fort Wayne,Baton Rouge,Reefer,1026.7,2290.3,2231.6339037161647,2330.2123388503633,-39.912338850363085
TR-043752,2025-10-04,Chattanooga,Memphis,Flatbed,166.0,475.85,560.9588709186503,505.14528599407436,-29.295285994074334
TR-043754,2025-10-04,Savannah,Boston,Flatbed,956.6,2070.69,2195.682841485155,2142.273259007808,-71.58325900780801
TR-043738,2025-10-04,Boston,Montgomery,Dry Van,1306.2,2523.73,2633.893494701825,2563.124236554228,-39.39423655422797
TR-043747,2025-10-04,Dallas,Hartford,Reefer,1603.8,3598.91,3651.686481706286,3416.8334812685,182.07651873150007
TR-043749,2025-10-04,Cincinnati,Nashville,Dry Van,201.0,533.64,564.6179755225548,552.7542038284392,-19.11420382843926
TR-043748,2025-10-04,New York,El Paso,Dry Van,2405.0,4429.13,4511.69452091076,6029.08907288427,-1599.9590728842695
TR-043777,2025-10-04,Louisville,Baton Rouge,Dry Van,670.1,1445.2,1427.8506667033503,1497.7882026455763,-52.5882026455763
TR-043739,2025-10-04,Hartford,Reno,Reefer,2899.8,5601.89,5571.076498022782,11097.888966520028,-5495.998966520027
TR-043780,2025-10-04,Columbia,Houston,Dry Van,880.6,1859.45,1814.7726582151154,1874.1336549249254,-14.68365492492535
TR-043760,2025-10-04,El Paso,Harrisburg,Dry Van,2108.4,3873.89,4117.636949986663,5122.674023091793,-1248.7840230917932
TR-043761,2025-10-04,Syracuse,Hartford,Reefer,393.7,966.85,1034.076521706743,1073.3470248498757,-106.49702484987563
TR-043762,2025-10-04,Raleigh,Chattanooga,Dry Van,660.5,1479.39,1458.1323941291669,1483.4160339476657,-4.02603394766561
TR-043763,2025-10-04,Syracuse,Raleigh,Dry Van,612.3,1312.59,1368.57313748497,1312.7540773042415,-0.16407730424157307
TR-043764,2025-10-04,Cincinnati,Savannah,Reefer,418.6,1058.82,1089.4748702740296,1121.4947366494644,-62.67473664946442
TR-043758,2025-10-04,Albany,Houston,Dry Van,1932.5,3828.19,3934.894066356771,3568.010694640558,260.17930535944197
TR-043757,2025-10-04,Mobile,Tucson,Dry Van,1749.8,3297.05,3487.6436447103615,3781.019703878239,-483.96970387823876
TR-043766,2025-10-04,Chattanooga,Los Angeles,Dry Van,2090.0,3893.45,4032.900744027341,4838.459211349142,-945.0092113491419
TR-043768,2025-10-04,Atlanta,Memphis,Flatbed,238.1,666.14,669.6007068411632,716.4619330614881,-50.32193306148815
TR-043769,2025-10-04,Corpus Christi,Salt Lake City,Dry Van,1296.3,2671.78,2683.964475727409,2675.4771018985084,-3.6971018985082083
TR-043770,2025-10-04,Raleigh,Oklahoma City,Flatbed,1416.4,3207.15,3106.8896399301934,3237.7755693563176,-30.625569356317556
TR-043771,2025-10-04,Albany,Mobile,Reefer,1511.2,3377.25,3360.505788387778,3245.8524263106974,131.3975736893026
TR-043772,2025-10-04,New York,Corpus Christi,Reefer,1746.9,3892.47,3860.150681299572,3369.4476313492273,523.0223686507725
TR-043773,2025-10-04,Harrisburg,Fresno,Dry Van,2757.0,5122.83,5173.109771453874,6622.120621576538,-1499.290621576538
TR-043774,2025-10-04,Indianapolis,Richmond,Dry Van,769.2,1527.39,1606.4454177596645,1484.5750863391247,42.81491366087539
TR-043759,2025-10-04,Memphis,Nashville,Reefer,114.5,382.8,518.6125487075165,412.35808480176814,-29.558084801768132
TR-043775,2025-10-04,St. Louis,Richmond,Dry Van,865.0,1810.92,1811.4385357388142,1769.1632218779148,41.75677812208528
TR-043765,2025-10-04,Albany,Amarillo,Flatbed,2256.1,4554.3,4541.02522786029,4403.615090251586,150.6849097484146
TR-043778,2025-10-04,Corpus Christi,Phoenix,Dry Van,1428.4,2882.24,3048.1413445831254,3036.6053684891617,-154.36536848916194
TR-043781,2025-10-04,Philadelphia,Cincinnati,Flatbed,906.1,2008.07,2047.4883865272845,2124.1892416783185,-116.11924167831853
TR-043776,2025-10-04,Shreveport,Lexington,Dry Van,603.7,1358.72,1334.1882265330332,1357.461265617307,1.258734382693092
TR-043782,2025-10-04,Washington,Las Vegas,Dry Van,2568.1,4695.78,4736.5678606831525,5465.50012586083,-769.7201258608302
TR-043783,2025-10-04,Harrisburg,Reno,Dry Van,2499.3,4291.14,4617.671678706937,5359.1104898108615,-1067.9704898108612
TR-043784,2025-10-04,Salt Lake City,Amarillo,Dry Van,596.0,1321.48,1367.2388662376402,1352.3811584365226,-30.901158436522564
TR-043786,2025-10-04,Houston,Harrisburg,Reefer,1307.4,2841.05,2898.638580462263,2963.4809440300824,-122.43094403008217
TR-043787,2025-10-04,Richmond,Columbia,Dry Van,517.0,1171.18,1233.770689794237,1148.9349592353692,22.245040764630858
TR-043788,2025-10-04,Salt Lake City,Lexington,Flatbed,1822.1,3781.63,3850.37863428433,3296.054243136658,485.5757568633421
TR-043785,2025-10-04,Harrisburg,Kansas City,Flatbed,806.7,1832.78,1820.7374011724214,1901.048309350774,-68.26830935077396
TR-043718,2025-10-04,Providence,Phoenix,Reefer,3143.8,6619.87,6364.742843550647,6418.9713286385895,200.89867136141038
TR-043790,2025-10-04,Albuquerque,Little Rock,Dry Van,1168.8,2476.4,2471.1078997461755,2534.207687673005,-57.80768767300469
TR-043791,2025-10-04,Kansas City,Milwaukee,Dry Van,169.3,454.21,545.6027606624148,473.02383842579593,-18.81383842579595
TR-043792,2025-10-04,Columbia,Lexington,Dry Van,231.2,608.66,625.7276561637093,607.4825612084402,1.17743879155978
TR-043793,2025-10-04,Greensboro,Shreveport,Dry Van,704.5,1589.78,1511.0112578163648,1564.1200780278386,25.659921972161328
TR-043719,2025-10-04,Jacksonville,Atlanta,Dry Van,264.1,659.64,714.6633344473698,659.5529152107833,0.08708478921664664
TR-043779,2025-10-04,Greensboro,San Francisco,Reefer,2514.7,5443.87,5189.462837247137,4760.9048843602695,682.9651156397304
TR-043789,2025-10-04,San Antonio,Oklahoma City,Flatbed,202.7,589.08,640.6563086810661,607.9942064763579,-18.91420647635789
TR-043798,2025-10-05,Hartford,El Paso,Dry Van,2513.2,4297.75,4485.30032758523,5417.134547516339,-1119.384547516339
TR-043867,2025-10-05,Phoenix,Charleston,Dry Van,2447.7,4487.22,4643.360798081948,4137.1030038401805,350.1169961598198
TR-043794,2025-10-05,Cincinnati,Lexington,Dry Van,137.7,362.84,436.46317298601,349.6470695392341,13.192930460765865
TR-043795,2025-10-05,San Antonio,El Paso,Reefer,886.5,2190.49,2083.9892244479342,2147.445134408152,43.04486559184761
TR-043796,2025-10-05,Little Rock,Albany,Dry Van,1490.2,2930.08,3061.889078909131,3506.0015177767436,-575.9215177767437
TR-043797,2025-10-05,Fresno,Lexington,Reefer,2278.4,4821.17,4726.103436113082,4787.394626856559,33.77537314344136
TR-043799,2025-10-05,San Antonio,Madison,Dry Van,1137.7,2227.95,2301.169041678556,2294.137599863883,-66.1875998638834
TR-043807,2025-10-05,Philadelphia,Tucson,Reefer,2703.5,5540.6,5512.774867445105,5084.199600826496,456.4003991735044
TR-043801,2025-10-05,Phoenix,St. Louis,Flatbed,1933.0,3724.48,4000.2560181642557,4514.96813323824,-790.4881332382397
TR-043802,2025-10-05,Lubbock,Nashville,Flatbed,886.1,2032.14,1978.7157084920111,2125.537744610269,-93.39774461026877
TR-043803,2025-10-05,Syracuse,Cincinnati,Dry Van,781.8,1539.19,1636.2041908616638,1597.5831083199807,-58.39310831998068
TR-043804,2025-10-05,Indianapolis,Phoenix,Reefer,1887.5,4145.69,4078.8908151193846,4179.661480025526,-33.971480025526034
TR-043805,2025-10-05,Memphis,Providence,Reefer,1329.6,3099.4,2891.3571410291056,2992.171198225857,107.228801774143
TR-043806,2025-10-05,Lubbock,Lexington,Flatbed,1143.4,2437.21,2520.0904731984206,2565.5600272571883,-128.35002725718823
TR-043800,2025-10-05,San Antonio,Kansas City,Flatbed,957.8,2175.85,2170.921476748765,2278.591964325971,-102.74196432597091
TR-043808,2025-10-05,Oklahoma City,Richmond,Reefer,1513.4,3262.76,3260.963230246747,1836.742821013746,1426.0171789862543
TR-043814,2025-10-05,Milwaukee,Boston,Dry Van,1167.6,2384.15,2470.4363017620362,2511.4024489474764,-127.2524489474763
TR-043828,2025-10-05,Fresno,Providence,Flatbed,3310.6,6152.73,5851.488127430111,6154.990867413626,-2.260867413626329
TR-043809,2025-10-05,Greensboro,Indianapolis,Flatbed,459.1,1125.42,1119.5157330988477,1163.2257485889245,-37.805748588924416
TR-043815,2025-10-05,Hartford,Buffalo,Reefer,455.2,1122.82,1085.6150764651147,1133.967511696989,-11.147511696989113
TR-043816,2025-10-05,Philadelphia,Grand Rapids,Dry Van,883.1,1729.91,1780.7741371859504,1772.6360291757737,-42.72602917577365
TR-043817,2025-10-05,Harrisburg,Charleston,Reefer,479.2,1118.16,1106.0521726302045,1232.126212711373,-113.96621271137292
TR-043818,2025-10-05,Mobile,Chattanooga,Reefer,314.3,868.53,901.9511204338619,945.9752059277128,-77.44520592771278
TR-043819,2025-10-05,Chattanooga,Nashville,Flatbed,80.8,263.56,502.6308743948748,270.6349074205159,-7.074907420515899
TR-043820,2025-10-05,Kansas City,Houston,Dry Van,751.0,1633.97,1647.3399182495273,1809.1626706049371,-175.19267060493712
TR-043821,2025-10-05,San Francisco,Indianapolis,Flatbed,2093.1,4178.31,4319.882552032182,2922.245595794337,1256.0644042056633
TR-043822,2025-10-05,Oklahoma City,El Paso,Reefer,816.3,2094.64,1900.2585892779052,2044.3559220632271,50.284077936772746
TR-043823,2025-10-05,Fresno,Toledo,Dry Van,2363.0,4177.17,4385.388947762155,6377.096825656092,-2199.9268256560918
TR-043824,2025-10-05,Atlanta,Columbia,Flatbed,225.0,646.74,646.2034151349408,624.4915286366273,22.248471363372687
TR-043825,2025-10-05,Richmond,Raleigh,Flatbed,230.3,632.92,697.0660364561434,682.8199636168387,-49.899963616838704
TR-043826,2025-10-05,Philadelphia,Greensboro,Reefer,703.2,1652.34,1621.9602973035362,1667.2849044887937,-14.944904488793782
TR-043827,2025-10-05,Bakersfield,Hartford,Dry Van,2922.8,5079.21,5223.726249396689,10249.624569129885,-5170.4145691298845
TR-043811,2025-10-05,Nashville,Atlanta,Flatbed,159.5,439.04,515.8505984317912,441.291771003386,-2.2517710033859544
TR-043810,2025-10-05,Milwaukee,Las Vegas,Reefer,1858.0,3858.91,3953.3876230262595,3834.1443027950486,24.765697204951266
TR-043829,2025-10-05,Dallas,Syracuse,Dry Van,1389.2,2785.51,2963.3202353939178,2758.8129276192863,26.697072380713962
TR-043848,2025-10-05,Montgomery,Grand Rapids,Dry Van,980.8,2029.81,2072.809404473791,2099.980313524938,-70.17031352493814
TR-043831,2025-10-05,Los Angeles,Raleigh,Flatbed,2794.3,5433.87,5538.272967301711,3910.722956451384,1523.1470435486158
TR-043847,2025-10-05,Nashville,Atlanta,Dry Van,143.6,409.03,499.04744342123695,426.1562326759529,-17.126232675952906
TR-043834,2025-10-05,Lubbock,Raleigh,Dry Van,1572.4,3063.16,3126.1267372548336,2799.645912101636,263.51408789836387
TR-043835,2025-10-05,Charleston,Kansas City,Dry Van,822.5,1606.06,1715.6069400411764,1756.8569045500183,-150.79690455001833
TR-043836,2025-10-05,Oklahoma City,Lubbock,Dry Van,209.4,584.99,610.9757588233351,554.2679897077224,30.72201029227756
TR-043838,2025-10-05,Savannah,Dayton,Flatbed,574.2,1355.11,1379.330037134107,1367.0753449473216,-11.965344947321682
TR-043839,2025-10-05,El Paso,Savannah,Dry Van,1849.4,3490.4,3707.216559344755,4109.414181365075,-619.0141813650748
TR-043837,2025-10-05,Greensboro,Atlanta,Dry Van,265.0,651.87,656.7179432916078,641.1965392251197,10.673460774880255
TR-043841,2025-10-05,Fort Wayne,Philadelphia,Flatbed,767.8,1688.78,1692.596146053182,1875.5370406593447,-186.75704065934474
TR-043842,2025-10-05,Madison,Atlanta,Reefer,610.4,1502.59,1482.7712346914204,1505.3709637379288,-2.7809637379289143
TR-043843,2025-10-05,Albany,Columbia,Dry Van,1065.9,2109.69,2214.5570403752495,2161.992123104217,-52.30212310421712
TR-043844,2025-10-05,Little Rock,Indianapolis,Dry Van,411.8,955.05,961.1302775942324,940.3514505688773,14.698549431122615
TR-043845,2025-10-05,Savannah,New York,Dry Van,749.7,1574.04,1655.316501125791,1648.5765682212993,-74.53656822129938
TR-043846,2025-10-05,Birmingham,Harrisburg,Dry Van,788.2,1652.68,1655.3641536463133,1691.0715454097442,-38.39154540974414
TR-043840,2025-10-05,Charleston,New York,Dry Van,624.3,1243.66,1319.746115555273,1272.425684654629,-28.765684654629013
TR-043813,2025-10-05,Oklahoma City,Fort Wayne,Dry Van,1142.1,2331.03,2745.884593656493,3629.9627905253,-1298.9327905252999
TR-043832,2025-10-05,Grand Rapids,Greensboro,Dry Van,663.6,1429.58,1419.0520627355952,1456.4002141756057,-26.82021417560577
TR-043812,2025-10-05,Bakersfield,Lexington,Dry Van,2077.1,4057.63,4141.25838495782,3705.866620678451,351.7633793215491
TR-043833,2025-10-05,St. Louis,Las Vegas,Dry Van,1734.3,3352.17,3446.4516423433697,3453.925661084794,-101.7556610847937
TR-043849,2025-10-05,Columbia,Tampa,Dry Van,573.7,1291.36,1341.131149715408,1355.324743342272,-63.964743342272186
TR-043850,2025-10-05,Houston,Baton Rouge,Dry Van,173.7,462.62,494.5527112930306,461.27820142367,1.3417985763300067
TR-043851,2025-10-05,Salt Lake City,Austin,Reefer,1005.4,2438.43,2311.6655617239353,2446.015072269671,-7.585072269670945
TR-043852,2025-10-05,Cincinnati,Montgomery,Dry Van,461.1,1094.31,1074.0779580968574,1042.6631353840387,51.64686461596125
TR-043853,2025-10-05,New York,Boston,Dry Van,285.5,688.95,703.558079718809,679.9098994844619,9.040100515538143
TR-043854,2025-10-05,Shreveport,Nashville,Reefer,385.3,1055.69,1003.7423914410933,1075.795308467795,-20.105308467794885
TR-043856,2025-10-05,Montgomery,Tucson,Reefer,1849.6,3850.45,3951.3815158389534,4037.2222445552084,-186.77224455520854
TR-043857,2025-10-05,Lubbock,Hartford,Dry Van,1986.9,3761.16,3826.145826999272,3947.984390577053,-186.82439057705324
TR-043858,2025-10-05,Montgomery,Phoenix,Dry Van,2046.2,4124.94,4150.811896455026,4586.14454829821,-461.2045482982103
TR-043859,2025-10-05,Lubbock,Shreveport,Flatbed,576.4,1464.25,1379.3850278433447,1397.2655420626827,66.9844579373173
TR-043860,2025-10-05,Boston,Nashville,Dry Van,1282.2,2569.74,2638.0804335489297,2625.8986684579495,-56.158668457949716
TR-043861,2025-10-05,Harrisburg,Bakersfield,Dry Van,2475.6,4474.48,4612.80811021753,6211.485057800833,-1737.0050578008331
TR-043862,2025-10-05,Las Vegas,Tucson,Flatbed,250.4,679.73,689.5164063669961,739.4990720394546,-59.76907203945461
TR-043863,2025-10-05,Oklahoma City,St. Louis,Dry Van,786.8,1641.35,1628.6370619222782,1755.7061097061237,-114.35610970612379
TR-043830,2025-10-05,Tampa,Fresno,Flatbed,2275.0,4402.88,4428.687526750268,5818.9011900241985,-1416.0211900241984
TR-043865,2025-10-05,El Paso,Tucson,Flatbed,275.8,766.17,805.2927435097861,845.4545192964504,-79.28451929645041
TR-043855,2025-10-05,Houston,Los Angeles,Reefer,1554.5,3402.93,3362.039104717781,2989.175362183167,413.75463781683266
TR-043866,2025-10-05,Shreveport,Oklahoma City,Flatbed,462.5,1232.04,1177.696769023082,1237.858886153349,-5.818886153349013
TR-043864,2025-10-05,Baltimore,Los Angeles,Flatbed,3053.3,5800.91,5767.729927993011,6237.189575545814,-436.2795755458137
TR-043868,2025-10-05,Toledo,Reno,Reefer,2099.1,4287.3,4364.210706299059,3926.7783024108976,360.5216975891026
TR-043871,2025-10-05,Las Vegas,Tampa,Dry Van,2004.8,3896.22,3975.695964751747,3537.9132793079243,358.3067206920755
TR-043872,2025-10-05,Philadelphia,Richmond,Reefer,288.1,737.2,764.9533478119181,759.0884508086468,-21.88845080864678
TR-043873,2025-10-05,Memphis,Fort Wayne,Reefer,540.3,1295.99,1308.3233357136696,1368.5537057606218,-72.56370576062181
TR-043874,2025-10-05,Jacksonville,Richmond,Dry Van,725.1,1462.8,1571.0097231396303,1605.6918003207138,-142.89180032071386
TR-043875,2025-10-05,Las Vegas,Milwaukee,Dry Van,1806.8,3359.38,3688.452547374453,2851.976709627941,507.403290372059
TR-043876,2025-10-05,Atlanta,Reno,Flatbed,2098.5,4200.54,4282.820210857724,6050.429676477822,-1849.889676477822
TR-043903,2025-10-05,Montgomery,Corpus Christi,Flatbed,720.5,1689.73,1609.069377150234,1829.9739129196269,-140.24391291962684
TR-043877,2025-10-05,Baton Rouge,Lexington,Reefer,765.8,1814.57,1776.09520649392,1906.6854502959463,-92.1154502959464
TR-043880,2025-10-05,Amarillo,Toledo,Dry Van,1477.3,2935.08,3029.4333523990354,3128.807255913256,-193.72725591325616
TR-043881,2025-10-05,Baton Rouge,Jacksonville,Reefer,606.6,1530.9,1438.80112381248,1530.273604975114,0.626395024886051
TR-043882,2025-10-05,Albuquerque,Hartford,Dry Van,2366.1,4209.75,4382.666406844125,4527.780530956432,-318.0305309564319
TR-043883,2025-10-05,Houston,Austin,Dry Van,388.2,957.06,926.6972822474168,933.180153854028,23.879846145971896
TR-043884,2025-10-05,Albuquerque,Lexington,Dry Van,1559.8,2958.24,3226.700632410798,2830.139638758888,128.10036124111184
TR-043886,2025-10-05,Dayton,Montgomery,Reefer,680.7,1643.22,1599.6099065692936,1640.569080500836,2.650919499164047
TR-043878,2025-10-05,Memphis,Atlanta,Dry Van,243.1,593.84,603.8766155349645,606.4806156853928,-12.640615685392731
TR-043885,2025-10-05,Baton Rouge,Toledo,Reefer,1057.5,2491.41,2477.3925240191957,2532.655540368054,-41.24554036805421
TR-043879,2025-10-05,Jacksonville,Madison,Dry Van,855.4,1804.12,1841.2821611728973,1827.0482076565056,-22.92820765650572
TR-043887,2025-10-05,Shreveport,Baltimore,Reefer,1348.4,11052.72,3000.5159474073594,3072.5090034145064,7980.2109965854925
TR-043892,2025-10-05,Phoenix,Madison,Reefer,2023.7,4284.86,4311.484843910511,5349.00298806733,-1064.1429880673304
TR-043891,2025-10-05,Cincinnati,Kansas City,Dry Van,324.4,779.31,805.7999348516935,775.2257903186952,4.084209681304742
TR-043888,2025-10-05,Nashville,Bakersfield,Reefer,1851.9,3737.91,4043.2037140454213,3245.909738165001,492.00026183499904
TR-043889,2025-10-05,Columbia,Philadelphia,Flatbed,766.8,1765.8,1754.8583831949911,1862.4492098044009,-96.64920980440093
TR-043890,2025-10-05,Richmond,Mobile,Dry Van,931.4,1911.29,1873.2305359189593,1923.6566918213719,-12.366691821371887
TR-043893,2025-10-05,Hartford,Tulsa,Reefer,1517.0,3396.71,3395.414842328645,3209.905045567817,186.80495443218297
TR-043901,2025-10-05,Albuquerque,Fresno,Flatbed,713.0,1607.33,1580.668759523578,1740.3632686363928,-133.0332686363929
TR-043895,2025-10-05,Lexington,Grand Rapids,Dry Van,532.9,1160.12,1227.8900440956659,1238.2688889382114,-78.14888893821148
TR-043896,2025-10-05,Oklahoma City,Charleston,Reefer,1294.8,2848.75,2775.9494493081415,3001.916169901648,-153.16616990164812
TR-043897,2025-10-05,Madison,Chattanooga,Dry Van,556.0,1167.81,1221.71537796233,1180.4186639841373,-12.608663984137365
TR-043898,2025-10-05,Savannah,Jacksonville,Dry Van,203.2,507.62,635.8622509454751,528.95022018092,-21.330220180920037
TR-043899,2025-10-05,Charleston,Buffalo,Reefer,625.4,1472.72,1476.9108049690985,1463.0361626873316,9.683837312668402
TR-043900,2025-10-05,Atlanta,Raleigh,Flatbed,592.6,1393.73,1444.5529028190385,1435.9522371770142,-42.22223717701422
TR-043902,2025-10-05,Bakersfield,Baton Rouge,Dry Van,1654.9,3247.32,3330.2694628323597,3122.402362398278,124.91763760172216
TR-043894,2025-10-05,Chattanooga,Atlanta,Reefer,82.9,279.76,517.8744820412207,300.02966099953227,-20.269660999532277
TR-043904,2025-10-05,Harrisburg,Nashville,Dry Van,731.4,1531.51,1617.953474812742,1603.8913034629204,-72.38130346292041
TR-043923,2025-10-05,Toledo,Lexington,Dry Van,421.3,960.58,944.1307959311127,982.8101211733925,-22.23012117339249
TR-043870,2025-10-05,Houston,Bakersfield,Reefer,1516.7,3454.75,3409.5776466736734,4443.28713052665,-988.5371305266499
TR-043927,2025-10-05,Amarillo,Fresno,Flatbed,1073.6,2343.92,2363.2361725116134,2385.064555216688,-41.14455521668788
TR-043908,2025-10-05,Memphis,San Antonio,Dry Van,762.3,1697.73,1654.031095551663,1773.0458609304505,-75.31586093045053
TR-043909,2025-10-05,San Antonio,Richmond,Dry Van,1649.8,3194.09,3291.8822005438424,3135.603240195225,58.48675980477492
TR-043910,2025-10-05,Baltimore,Harrisburg,Dry Van,374.8,875.46,889.1713838927992,887.7031904222628,-12.243190422262728
TR-043911,2025-10-05,Dayton,Richmond,Flatbed,595.1,1330.8,1384.4019716401742,1398.5826618883525,-67.78266188835255
TR-043912,2025-10-05,New York,Bakersfield,Dry Van,2781.5,4904.69,5018.508646576746,6975.5601487034255,-2070.870148703426
TR-043914,2025-10-05,Philadelphia,Fort Wayne,Reefer,805.2,1843.84,1853.0569743400706,1925.7501420676506,-81.91014206765067
TR-043915,2025-10-05,Nashville,Montgomery,Reefer,358.9,953.32,951.0302041602718,1099.3914527335703,-146.07145273357025
TR-043916,2025-10-05,Bakersfield,Tucson,Dry Van,335.3,808.69,856.0453690372606,800.7395778088078,7.950422191192274
TR-043917,2025-10-05,Nashville,Dayton,Dry Van,424.2,4646.65,898.710848096448,1018.8247264868925,3627.8252735131073
TR-043918,2025-10-05,Mobile,Nashville,Dry Van,293.0,698.11,742.2236106086648,720.8727721322948,-22.7627721322948
TR-043919,2025-10-05,Albany,Buffalo,Dry Van,492.7,1017.32,1074.7792010502012,1109.1759998334671,-91.85599983346708
TR-043920,2025-10-05,Greensboro,Tucson,Dry Van,1989.6,3621.78,3908.367452240662,1262.3609077448425,2359.419092255158
TR-043921,2025-10-05,Syracuse,Lubbock,Flatbed,1798.7,3572.79,3752.8926728478373,3200.7533782638584,372.03662173614157
TR-043924,2025-10-05,Mobile,Tampa,Dry Van,305.9,742.04,797.1195724566592,747.8462696965045,-5.806269696504501
TR-043906,2025-10-05,Tulsa,Los Angeles,Dry Van,1547.6,3017.98,3164.1782444458877,3119.671599646436,-101.69159964643586
TR-043907,2025-10-05,Milwaukee,Grand Rapids,Dry Van,345.5,809.89,858.139846765976,802.1238481502064,7.766151849793573
TR-043922,2025-10-05,Hartford,Amarillo,Flatbed,2127.4,4471.7,4304.3323134355405,2906.5938463438633,1565.1061536561365
TR-043913,2025-10-05,Grand Rapids,Madison,Reefer,283.6,811.04,735.7823230081879,813.7480889634597,-2.7080889634597725
TR-043929,2025-10-05,Shreveport,Lubbock,Dry Van,586.9,1354.82,1333.0964632376226,1413.7835135086575,-58.96351350865757
TR-043928,2025-10-05,Raleigh,New York,Dry Van,446.7,963.41,1014.5761266814588,979.7126568984409,-16.302656898440887
TR-043925,2025-10-05,Oklahoma City,Greensboro,Dry Van,1122.7,2256.96,2288.662111142764,2280.7459044846078,-23.785904484607727
TR-043930,2025-10-05,Amarillo,Phoenix,Dry Van,891.6,1881.9,1863.0370735550518,1868.0911664045746,13.80883359542554
TR-043931,2025-10-05,Oklahoma City,Cincinnati,Flatbed,919.6,2080.68,2057.618159207618,2198.043095229766,-117.36309522976626
TR-043932,2025-10-05,Indianapolis,Buffalo,Dry Van,685.1,1426.28,1464.8266063678288,1445.215577199461,-18.935577199461022
TR-043933,2025-10-05,Lubbock,Dayton,Dry Van,1214.4,2509.73,2539.3653467643253,2549.4279298307974,-39.69792983079742
TR-043935,2025-10-05,Tulsa,Baton Rouge,Flatbed,293.4,829.88,825.5365094626857,886.8883606522479,-57.008360652247916
TR-043936,2025-10-05,Fresno,Tampa,Reefer,2279.4,4697.97,4555.115430594727,5422.213704709051,-724.2437047090507
TR-043934,2025-10-05,Grand Rapids,Fort Wayne,Reefer,206.3,579.38,619.1803320808865,638.9354368819658,-59.55543688196576
TR-043938,2025-10-05,San Antonio,Tucson,Dry Van,1028.1,2220.22,2181.9981791048444,2260.106333598969,-39.88633359896903
TR-043939,2025-10-05,Corpus Christi,Nashville,Reefer,763.2,1922.64,1816.847597080695,1945.1881820404233,-22.54818204042317
TR-043940,2025-10-05,Indianapolis,Tucson,Flatbed,1738.9,3299.32,3620.6581534699953,3434.7494741994255,-135.42947419942539
TR-043869,2025-10-05,Raleigh,Reno,Dry Van,2616.3,4614.15,4746.762468950038,5613.397487279839,-999.2474872798393
TR-043926,2025-10-05,Toledo,Grand Rapids,Dry Van,176.1,442.63,466.9482687285281,442.55296706435877,0.0770329356412276
TR-043905,2025-10-05,Hartford,Columbia,Flatbed,823.0,1830.18,1829.9448801551584,1922.9752512197545,-92.79525121975439
TR-043937,2025-10-05,Syracuse,Dallas,Dry Van,1444.5,2865.78,3012.485422984083,3455.2008754965477,-589.4208754965475
TR-043941,2025-10-06,Fort Wayne,Phoenix,Reefer,2201.7,4468.77,4470.866003199753,4500.596660811903,-31.82666081190291
TR-043946,2025-10-06,Los Angeles,Chattanooga,Dry Van,2091.5,4043.62,4118.268224787883,4246.826817058208,-203.2068170582079
TR-043942,2025-10-06,Nashville,Philadelphia,Dry Van,1023.1,2034.14,2114.9813508781162,2118.230169937122,-84.0901699371218
TR-043943,2025-10-06,Tucson,Memphis,Dry Van,1657.9,3118.92,3208.209935306433,3548.0142568108568,-429.0942568108567
TR-043944,2025-10-06,Kansas City,Lexington,Dry Van,452.9,1020.65,1008.0099012496535,993.0421453317416,27.60785466825837
TR-043945,2025-10-06,San Antonio,Boston,Dry Van,2087.0,4138.77,4089.932610702609,4962.598002578141,-823.8280025781405
TR-043976,2025-10-06,Milwaukee,Nashville,Dry Van,373.7,903.04,891.3057722150118,899.9120925095385,3.127907490461439
TR-043955,2025-10-06,Oklahoma City,Corpus Christi,Dry Van,337.7,858.03,881.9400830163745,821.5807811119918,36.449218888008204
TR-043949,2025-10-06,Amarillo,San Antonio,Reefer,507.0,1354.69,1318.9281475174294,1368.7103475427682,-14.02034754276815
TR-043950,2025-10-06,New York,Columbia,Flatbed,775.6,1810.66,1748.395056425001,1835.5206014270843,-24.860601427084248
TR-043951,2025-10-06,Bakersfield,Buffalo,Reefer,2555.8,5246.48,5037.233231522774,4473.839251467281,772.6407485327181
TR-043952,2025-10-06,Atlanta,Fresno,Dry Van,2231.8,3971.46,4268.132157206361,6647.49078536629,-2676.03078536629
TR-043953,2025-10-06,Grand Rapids,Richmond,Dry Van,741.8,1552.77,1616.6856373487085,1565.778372966028,-13.008372966027991
TR-043954,2025-10-06,Cincinnati,Milwaukee,Dry Van,235.9,624.15,647.6830150129751,692.000291076877,-67.85029107687706
TR-044016,2025-10-06,Fort Wayne,Cincinnati,Reefer,374.0,956.77,960.8317069893087,1172.8584710939879,-216.0884710939879
TR-043947,2025-10-06,Montgomery,Kansas City,Dry Van,729.3,1573.69,1636.13314559395,1693.8615308770702,-120.17153087707015
TR-043956,2025-10-06,Jacksonville,Indianapolis,Reefer,639.6,1486.69,1483.4996296867425,1616.7183471488997,-130.02834714889968
TR-043961,2025-10-06,Phoenix,Albany,Reefer,3183.4,6161.01,5855.240137674653,6531.474340784738,-370.46434078473794
TR-043959,2025-10-06,Los Angeles,Bakersfield,Dry Van,410.2,947.3,947.1850980466397,1000.332890595942,-53.032890595942035
TR-043948,2025-10-06,Fort Wayne,Lubbock,Dry Van,1298.2,2537.6,2720.6986387836205,2802.7766797901227,-265.17667979012276
TR-043962,2025-10-06,Milwaukee,Chattanooga,Flatbed,376.7,946.19,947.7188041704424,961.2245724824934,-15.034572482493331
TR-043963,2025-10-06,Los Angeles,Savannah,Reefer,2423.6,4912.37,4921.563966506927,4897.307088368126,15.062911631874158
TR-043964,2025-10-06,Tucson,Phoenix,Reefer,273.2,747.96,787.7486668142246,807.2032245348365,-59.243224534836486
TR-043965,2025-10-06,Phoenix,Louisville,Dry Van,2012.4,3624.9,3859.4990526402225,3507.077976747437,117.82202325256321
TR-043966,2025-10-06,Fort Wayne,Albany,Reefer,901.0,2061.34,2129.852337702872,2347.392396644041,-286.052396644041
TR-043967,2025-10-06,Milwaukee,Houston,Dry Van,830.5,1761.62,1746.3307626622418,1833.4773546725992,-71.85735467259929
TR-043957,2025-10-06,Richmond,Tulsa,Reefer,1273.2,2718.63,2718.7409834109,2886.6181661610717,-167.9881661610716
TR-043968,2025-10-06,Fort Wayne,Atlanta,Flatbed,554.1,1293.64,1285.0303893200805,1288.9517485878123,4.68825141218781
TR-043970,2025-10-06,San Antonio,San Francisco,Dry Van,1658.3,3182.58,3242.910864993317,3493.553973502099,-310.97397350209894
TR-043989,2025-10-06,Philadelphia,Montgomery,Reefer,1103.6,2586.91,2575.129385349411,2516.013761643659,70.89623835634075
TR-043972,2025-10-06,Los Angeles,Oklahoma City,Dry Van,1304.0,2653.8,2699.155930439198,2726.682160600237,-72.8821606002366
TR-043973,2025-10-06,Raleigh,Reno,Dry Van,2554.5,4564.71,4636.853786217223,5408.623569259503,-843.9135692595028
TR-043974,2025-10-06,Hartford,Houston,Dry Van,1673.7,3230.92,3267.0243969309604,2961.1249907786796,269.79500922132047
TR-043975,2025-10-06,Greensboro,Houston,Dry Van,935.1,1890.03,1869.5646325057276,1971.318768266052,-81.2887682660521
TR-043960,2025-10-06,Milwaukee,Fort Wayne,Dry Van,260.4,618.64,598.4388297460737,600.898325409856,17.74167459014393
TR-043969,2025-10-06,Reno,Bakersfield,Reefer,517.6,1318.59,1351.9551261851357,1254.336264433238,64.25373556676186
TR-043977,2025-10-06,Phoenix,Tulsa,Reefer,1525.8,3330.57,3320.5308081112626,3359.792923074738,-29.22292307473799
TR-043994,2025-10-06,Atlanta,Dayton,Reefer,427.0,1058.89,1055.8819613909359,1120.5492924052533,-61.659292405253154
TR-043979,2025-10-06,Fresno,Phoenix,Flatbed,463.2,1136.45,1124.0515987869783,1147.288963395241,-10.838963395240853
TR-043980,2025-10-06,Columbia,Cincinnati,Reefer,331.3,863.94,858.3467256820063,902.1820736289948,-38.24207362899472
TR-043981,2025-10-06,Oklahoma City,Phoenix,Dry Van,1251.2,2609.34,2632.723359798545,2792.4632058298284,-183.1232058298283
TR-043982,2025-10-06,Madison,Lexington,Dry Van,494.1,1061.3,1142.234388422022,1044.775207534328,16.524792465671908
TR-043983,2025-10-06,Savannah,Boston,Reefer,968.7,2172.14,2271.4641446750006,2254.3348090437826,-82.1948090437827
TR-043984,2025-10-06,Nashville,Atlanta,Dry Van,130.2,363.74,508.33990546833,391.5870823444283,-27.847082344428316
TR-043986,2025-10-06,Fort Wayne,Albany,Reefer,898.3,1974.12,2136.6863060712694,2330.156467818468,-356.0364678184683
TR-043987,2025-10-06,Columbia,Amarillo,Reefer,1454.0,3107.72,3152.401070644516,1865.4108391123268,1242.309160887673
TR-043988,2025-10-06,Hartford,Baltimore,Flatbed,134.5,363.14,462.2800033811468,377.94931355367527,-14.809313553675281
TR-043985,2025-10-06,Tulsa,Bakersfield,Reefer,1479.7,3195.86,3189.824592854573,3573.8092458176084,-377.94924581760824
TR-043990,2025-10-06,Hartford,St. Louis,Dry Van,1103.3,2332.39,2345.5959393372964,2330.2677590814537,2.12224091854614
TR-043991,2025-10-06,Memphis,Corpus Christi,Reefer,721.1,1795.1,1684.54914865401,1903.8717993213304,-108.77179932133049
TR-043992,2025-10-06,Kansas City,Savannah,Dry Van,737.8,1546.97,1582.258034807167,1623.6771737203592,-76.70717372035915
TR-043993,2025-10-06,Albany,Raleigh,Reefer,806.3,1796.04,1858.28551888127,1904.8824412026233,-108.84244120262338
TR-044015,2025-10-06,Atlanta,Richmond,Dry Van,663.0,337.89,1393.0139890720388,1374.7377804062614,-1036.8477804062613
TR-043995,2025-10-06,Shreveport,Tucson,Reefer,1472.1,3165.13,3178.3444554250473,3041.685388862564,123.44461113743591
TR-043996,2025-10-06,Louisville,Savannah,Dry Van,457.3,1067.6,1044.0606467087962,1008.4508688787497,59.14913112125021
TR-044005,2025-10-06,Milwaukee,Hartford,Dry Van,1023.5,2030.02,2147.3964079060383,2108.3008016136655,-78.28080161366552
TR-043997,2025-10-06,Green Bay,Phoenix,Flatbed,2187.0,4472.27,4467.890210581074,6374.517742996893,-1902.2477429968922
TR-044008,2025-10-06,Houston,Little Rock,Dry Van,360.6,905.93,887.7084272144386,871.9363110307423,33.99368896925762
TR-043999,2025-10-06,Hartford,Columbia,Dry Van,834.0,1662.93,1711.8143419138162,1715.8752991592,-52.945299159199976
TR-044000,2025-10-06,Philadelphia,Fresno,Dry Van,3059.4,5836.48,5749.62545174553,7871.305943205701,-2034.8259432057012
TR-044001,2025-10-06,Richmond,Oklahoma City,Reefer,1515.1,3215.63,3275.028730411711,3546.73651604967,-331.10651604967006
TR-044002,2025-10-06,Mobile,San Francisco,Dry Van,2234.6,4373.47,4349.450659652183,5271.999101989327,-898.5291019893266
TR-044003,2025-10-06,Mobile,Milwaukee,Dry Van,642.8,1363.25,1354.371619644678,1647.8105222759673,-284.5605222759673
TR-044004,2025-10-06,Tucson,Greensboro,Dry Van,2097.2,3980.77,4156.686129656976,3715.0088260676016,265.7611739323984
TR-044006,2025-10-06,Phoenix,Indianapolis,Flatbed,2009.4,3811.81,4111.098794935559,3855.0106460747056,-43.20064607470567
TR-043958,2025-10-06,Providence,Memphis,Dry Van,1310.6,2460.16,2652.071976408165,2575.1232431373974,-114.96324313739751
TR-043998,2025-10-06,Kansas City,Tucson,Reefer,1604.2,3579.44,3575.5007449622467,3716.131697840598,-136.69169784059795
TR-044009,2025-10-06,Baton Rouge,Grand Rapids,Reefer,1155.1,2506.97,2671.3917671808267,2852.777762909832,-345.80776290983204
TR-044010,2025-10-06,Fort Wayne,Toledo,Reefer,92.7,291.93,499.6175597386939,333.3534698962538,-41.42346989625378
TR-044011,2025-10-06,Jacksonville,Salt Lake City,Flatbed,1890.8,3918.02,4049.9168052926675,5945.804434590702,-2027.784434590702
TR-044012,2025-10-06,Bakersfield,Philadelphia,Reefer,2796.2,5501.66,5689.526786596312,5017.21007118689,484.4499288131101
TR-044013,2025-10-06,Chattanooga,St. Louis,Reefer,318.3,875.47,854.3184975918805,933.2376762075478,-57.767676207547765
TR-043978,2025-10-06,Cincinnati,Harrisburg,Flatbed,606.9,1290.78,1374.3244043443763,1299.1151263968522,-8.335126396852274
TR-044014,2025-10-06,Tulsa,El Paso,Flatbed,1052.9,2275.74,2305.5178644730454,2374.4979196536246,-98.75791965362487
TR-044007,2025-10-06,Columbia,Nashville,Dry Van,345.5,807.11,834.6881642154697,822.7511675353994,-15.641167535399404
TR-044021,2025-10-06,Columbia,Amarillo,Flatbed,1429.1,2929.0,3072.865038259898,3116.7938963608394,-187.79389636083943
TR-043971,2025-10-06,Philadelphia,Charleston,Reefer,588.9,1408.96,1477.188949874257,1426.2699167512046,-17.309916751204582
TR-044066,2025-10-06,El Paso,Baton Rouge,Reefer,1230.0,2885.04,2805.5180575683235,2983.49226200551,-98.45226200550997
TR-044019,2025-10-06,Houston,Reno,Dry Van,1711.4,3286.71,3430.5730041600164,4104.752349858389,-818.0423498583887
TR-044022,2025-10-06,Boston,Oklahoma City,Flatbed,1961.5,4098.02,4125.119308932555,2906.9879041868016,1191.0320958131988
TR-044023,2025-10-06,Lexington,Dallas,Flatbed,767.0,1687.81,1703.8879294455303,2006.8747316346223,-319.0647316346224
TR-044024,2025-10-06,Fort Wayne,Memphis,Dry Van,559.7,1235.98,1257.3965023232488,1267.7250595694552,-31.74505956945518
TR-044025,2025-10-06,Tulsa,Jacksonville,Dry Van,703.8,1504.38,1466.8554522317788,1507.6402567363637,-3.2602567363635444
TR-044026,2025-10-06,Atlanta,Tampa,Dry Van,537.4,1204.0,1227.2287038846193,1255.6762212032108,-51.676221203210844
TR-044027,2025-10-06,Indianapolis,Little Rock,Flatbed,412.3,1044.13,1034.0669889776748,1047.7460965239839,-3.6160965239837424
TR-044028,2025-10-06,Albuquerque,San Francisco,Dry Van,819.4,1759.53,1729.4755296311282,1826.802964316081,-67.27296431608102
TR-044029,2025-10-06,Bakersfield,Oklahoma City,Flatbed,1212.8,2734.73,2708.695083195669,2894.7317409126995,-160.00174091269946
TR-044030,2025-10-06,Tampa,Kansas City,Reefer,984.1,2246.92,2183.867635214101,2309.5006572397933,-62.580657239793254
TR-044031,2025-10-06,Buffalo,Albany,Flatbed,518.2,1171.5,1235.768262072529,1183.2837158478496,-11.783715847849635
TR-044032,2025-10-06,Lubbock,Montgomery,Dry Van,940.5,1942.68,1872.786218782789,2051.3012918634818,-108.6212918634817
TR-044033,2025-10-06,Montgomery,Savannah,Dry Van,318.6,811.41,821.3358128495677,809.9697306227717,1.4402693772282191
TR-044034,2025-10-06,Richmond,Mobile,Dry Van,920.7,1954.55,1920.0698910523056,1942.707121445009,11.842878554990875
TR-044036,2025-10-06,New York,Los Angeles,Reefer,3028.4,5870.7,5796.95666806297,5638.096493144131,232.60350685586855
TR-044054,2025-10-06,New York,Richmond,Flatbed,249.5,610.58,668.2390384180399,719.4330816562123,-108.85308165621223
TR-044035,2025-10-06,Memphis,Lexington,Dry Van,333.9,848.67,836.4859147599859,823.5387116012126,25.13128839878732
TR-044037,2025-10-06,San Antonio,Los Angeles,Dry Van,1255.0,2574.17,2620.2298703917286,2884.44951221277,-310.27951221277
TR-044046,2025-10-06,Boston,Lexington,Reefer,1030.7,2340.45,2349.1798351956336,2406.5006101991385,-66.05061019913865
TR-044017,2025-10-06,Raleigh,Austin,Dry Van,1592.3,3218.43,3265.1126339448274,3133.38836338414,85.04163661585972
TR-044039,2025-10-06,Milwaukee,Albany,Reefer,1102.7,2491.67,2579.9017504616945,2529.476127199147,-37.806127199146886
TR-044044,2025-10-06,Albany,Shreveport,Reefer,1584.8,3533.81,3527.863337889159,3478.4854623630877,55.32453763691228
TR-044040,2025-10-06,Cincinnati,Bakersfield,Dry Van,1992.9,3773.44,4049.878863194066,4653.710624362224,-880.2706243622238
TR-044041,2025-10-06,Fort Wayne,Tulsa,Dry Van,893.1,1856.42,1809.6742421300194,1922.48241832003,-66.06241832003002
TR-044042,2025-10-06,Fort Wayne,Philadelphia,Dry Van,768.7,1532.18,1608.4434449550054,1763.5130074469466,-231.33300744694657
TR-044043,2025-10-06,Nashville,Memphis,Reefer,114.4,350.78,497.2086068235287,380.375029204709,-29.59502920470902
TR-044055,2025-10-06,Albany,San Antonio,Flatbed,2107.1,4116.8,4211.462379763718,3989.847159773345,126.9528402266551
TR-044045,2025-10-06,Phoenix,Chattanooga,Dry Van,2047.2,3900.6,3974.6621359939218,3608.4286594632704,292.17134053672953
TR-044047,2025-10-06,Chattanooga,Birmingham,Dry Van,172.1,474.64,500.6672260859634,483.2150992257962,-8.575099225796237
TR-044048,2025-10-06,Boston,Las Vegas,Dry Van,2960.9,5573.55,5521.064085869604,6201.862307887136,-628.3123078871358
TR-044049,2025-10-06,Fort Wayne,Lexington,Dry Van,360.6,864.11,924.4150887808228,830.2830422845329,33.826957715467074
TR-044050,2025-10-06,Memphis,Hartford,Dry Van,1144.7,2352.33,2413.473863281062,2388.351882015895,-36.021882015895244
TR-044051,2025-10-06,Kansas City,Savannah,Dry Van,744.4,1676.58,1602.6230224832145,1675.717711289163,0.8622887108369923
TR-044052,2025-10-06,Mobile,Tampa,Dry Van,324.7,784.02,791.1840279802714,780.7410040851588,3.2789959148411754
TR-044038,2025-10-06,Nashville,Amarillo,Dry Van,1113.4,2346.53,2385.6706720750294,2419.980547818364,-73.4505478183637
TR-044053,2025-10-06,Oklahoma City,Dallas,Reefer,318.2,891.23,815.0694673316711,924.409619824118,-33.179619824117935
TR-044091,2025-10-06,Nashville,Fresno,Dry Van,2087.3,3796.72,3998.498771313773,5359.861002472245,-1563.141002472245
TR-044020,2025-10-06,Richmond,Nashville,Dry Van,786.3,1656.21,1670.5296732892955,1749.7260835780578,-93.51608357805776
TR-044078,2025-10-06,Cincinnati,Kansas City,Dry Van,369.0,867.2,859.2409095297005,874.965308841244,-7.76530884124395
TR-044058,2025-10-06,Kansas City,El Paso,Dry Van,1372.5,2863.58,2895.6518876612186,2779.81097182775,83.76902817224982
TR-044059,2025-10-06,Philadelphia,Indianapolis,Flatbed,1009.0,2169.35,2233.588218741199,2265.101199384456,-95.75119938445596
TR-044060,2025-10-06,Grand Rapids,Mobile,Dry Van,953.5,1929.48,1942.4483476585744,1977.571760327267,-48.09176032726691
TR-044061,2025-10-06,Cincinnati,Harrisburg,Dry Van,591.0,1203.53,1317.1347758097982,1284.7166271630558,-81.18662716305585
TR-044062,2025-10-06,Amarillo,Green Bay,Dry Van,1361.8,2541.47,2853.161181292897,2714.292482294207,-172.82248229420702
TR-044063,2025-10-06,Oklahoma City,Austin,Dry Van,233.1,626.22,627.3603772382999,650.9448795009037,-24.724879500903626
TR-044075,2025-10-06,Greensboro,Reno,Dry Van,2276.9,4337.77,4430.28836292657,5115.3637356132185,-777.5937356132181
TR-044074,2025-10-06,Lexington,Bakersfield,Dry Van,2148.6,4100.88,4214.405286681479,5560.9279939425405,-1460.0479939425404
TR-044065,2025-10-06,Raleigh,Greensboro,Flatbed,360.7,882.45,940.4358201251475,893.5834014445096,-11.133401444509559
TR-044068,2025-10-06,Baton Rouge,Hartford,Dry Van,1561.0,3118.32,3192.934920523964,3783.9330795541014,-665.6130795541012
TR-044069,2025-10-06,Lubbock,Los Angeles,Dry Van,1211.0,2401.07,2432.557074122093,2564.0068581202854,-162.93685812028525
TR-044070,2025-10-06,Dayton,Atlanta,Dry Van,429.3,969.91,957.083561016485,981.275447969694,-11.36544796969406
TR-044071,2025-10-06,El Paso,Tampa,Flatbed,1675.0,3518.03,3671.835578015933,2564.980314768936,953.0496852310644
TR-044072,2025-10-06,Milwaukee,Montgomery,Flatbed,673.3,1636.43,1573.389576020971,1806.919678997794,-170.48967899779404
TR-044073,2025-10-06,Buffalo,Los Angeles,Dry Van,2631.3,4831.89,4904.39922317014,5286.293501498555,-454.40350149855476
TR-044057,2025-10-06,Montgomery,Fort Wayne,Reefer,824.7,1877.91,1869.4997180158753,1942.655524437714,-64.74552443771381
TR-044067,2025-10-06,Charleston,St. Louis,Dry Van,779.4,1687.5,1641.0174138124517,1697.1928622092057,-9.692862209205714
TR-044076,2025-10-06,Atlanta,Hartford,Dry Van,995.4,1872.82,2095.4535272887388,2037.891904884123,-165.07190488412311
TR-044064,2025-10-06,Savannah,Hartford,Flatbed,827.8,1779.27,1787.3452565585944,1890.0844910270741,-110.81449102707415
TR-044056,2025-10-06,Little Rock,Lexington,Reefer,530.7,1320.52,1316.3306149931234,1394.7320093734797,-74.21200937347976
TR-044080,2025-10-06,Nashville,Greensboro,Dry Van,363.9,880.74,885.2455854053817,862.7937483976096,17.94625160239036
TR-044081,2025-10-06,Washington,Chattanooga,Flatbed,712.2,1607.56,1613.5025107984995,1755.0579321654855,-147.4979321654855
TR-044082,2025-10-06,Shreveport,Tulsa,Flatbed,202.9,568.52,604.3242966669729,589.8306345246634,-21.310634524663442
TR-044083,2025-10-06,Boston,Philadelphia,Dry Van,236.3,595.93,597.9001519227584,604.5466070379348,-8.616607037934841
TR-044084,2025-10-06,Richmond,Atlanta,Reefer,692.0,1612.8,1585.2555467139437,1642.1187455534402,-29.318745553440294
TR-044077,2025-10-06,Hartford,Montgomery,Reefer,1131.3,2474.26,2613.9926145375557,2507.3510009919773,-33.091000991977126
TR-044085,2025-10-06,Las Vegas,Bakersfield,Dry Van,117.1,309.64,444.50798409903837,334.27674092197645,-24.636740921976468
TR-044087,2025-10-06,Corpus Christi,Baltimore,Flatbed,1778.3,3604.59,3664.2823496183228,5055.000620015236,-1450.4106200152355
TR-044079,2025-10-06,Atlanta,Columbia,Dry Van,217.4,561.58,592.9701795220667,559.2091530737961,2.370846926203967
TR-044089,2025-10-06,Tucson,Dayton,Dry Van,1862.5,3520.84,3783.904472245466,3654.8070766048177,-133.96707660481752
TR-044090,2025-10-06,Grand Rapids,Hartford,Flatbed,910.8,1865.44,1993.4141157611498,1971.453161019393,-106.01316101939301
TR-044018,2025-10-06,El Paso,San Antonio,Dry Van,872.5,1879.08,1848.8006025019474,1903.4626483325487,-24.382648332548797
TR-044092,2025-10-06,Lubbock,Syracuse,Dry Van,1780.3,3400.27,3628.840913312539,4371.09987765431,-970.8298776543102
TR-044093,2025-10-06,Cincinnati,Milwaukee,Dry Van,242.1,641.14,619.6223654120588,695.5913717935207,-54.45137179352071
TR-044086,2025-10-06,Albuquerque,Chattanooga,Reefer,1465.9,3379.8,3258.4041284449327,11135.599514488014,-7755.799514488014
TR-044088,2025-10-06,Oklahoma City,Providence,Dry Van,1922.2,3621.3,3744.399383923499,4969.396009525772,-1348.0960095257715
TR-044095,2025-10-07,Fresno,Tucson,Dry Van,481.3,1081.64,1132.3675377859383,1189.0006560885356,-107.3606560885355
TR-044096,2025-10-07,Lexington,Las Vegas,Dry Van,2019.8,4002.03,4136.621904759538,4514.494423753275,-512.4644237532752
TR-044097,2025-10-07,Buffalo,Lubbock,Reefer,1691.0,3613.18,3628.4412055547045,3770.5448005289563,-157.3648005289565
TR-044098,2025-10-07,Birmingham,Shreveport,Reefer,406.6,1129.78,1076.352120243114,1190.7591315250315,-60.97913152503156
TR-044099,2025-10-07,Atlanta,Lexington,Dry Van,195.7,543.25,626.9743637203178,543.353851767614,-0.10385176761394632
TR-044100,2025-10-07,San Antonio,Amarillo,Dry Van,512.9,1191.94,1238.897832020219,1349.069165072376,-157.12916507237605
TR-044101,2025-10-07,Lexington,Richmond,Flatbed,528.9,1221.71,1320.3486781158344,1309.1228612073498,-87.4128612073498
TR-044102,2025-10-07,Nashville,Shreveport,Dry Van,379.6,941.96,902.7143756103783,1031.808625320801,-89.84862532080092
TR-044106,2025-10-07,Syracuse,Buffalo,Dry Van,164.7,417.09,491.92418313827557,420.58315157939046,-3.493151579390485
TR-044104,2025-10-07,Los Angeles,Providence,Dry Van,3185.8,5766.93,5557.977235802745,5575.4902354129235,191.43976458707675
TR-044105,2025-10-07,Hartford,Oklahoma City,Reefer,1913.4,4281.85,4186.40669562141,4011.6268793686368,270.2231206313636
TR-044107,2025-10-07,Baton Rouge,Chattanooga,Dry Van,556.5,1254.51,1270.7280345279944,1370.841348275673,-116.33134827567301
TR-044108,2025-10-07,Greensboro,Columbia,Dry Van,135.8,347.21,431.52368121441236,366.547230895765,-19.337230895765003
TR-044109,2025-10-07,Nashville,Amarillo,Reefer,1093.9,2628.55,2581.876212084884,2628.641697326435,-0.09169732643476891
TR-044110,2025-10-07,Montgomery,Los Angeles,Dry Van,2202.0,4005.12,4211.78146131214,3827.4134123949693,177.70658760503056
TR-044112,2025-10-07,Hartford,Baltimore,Dry Van,137.8,378.59,446.8326536037912,337.2537604986194,41.33623950138059
TR-044103,2025-10-07,Little Rock,Baton Rouge,Dry Van,310.3,810.34,827.484174992233,785.4767192725265,24.86328072747358
TR-044094,2025-10-07,Los Angeles,Memphis,Dry Van,1898.8,3521.79,3910.5617586334583,4035.619593807864,-513.8295938078641
TR-044117,2025-10-07,Phoenix,Toledo,Flatbed,2267.3,4654.5,4560.322129905487,4767.276641123578,-112.77664112357797
TR-044113,2025-10-07,Tulsa,Toledo,Reefer,970.7,2202.48,2229.7051097840117,2275.389673191104,-72.90967319110405
TR-044133,2025-10-07,Lubbock,Los Angeles,Dry Van,1197.8,2596.05,2521.6971736308838,2650.542584091776,-54.492584091775825
TR-044118,2025-10-07,Greensboro,Hartford,Dry Van,755.2,1495.33,1606.1296004378923,1540.4754418150303,-45.14544181503038
TR-044119,2025-10-07,Amarillo,Milwaukee,Flatbed,1149.8,2550.13,2619.1037198435447,2586.935697254564,-36.80569725456371
TR-044120,2025-10-07,Los Angeles,Albany,Dry Van,3162.1,5368.81,5544.515288606255,5130.788864886735,238.0211351132657
TR-044121,2025-10-07,Milwaukee,Toledo,Flatbed,309.7,764.04,822.0574250039492,943.9454270849144,-179.90542708491444
TR-044122,2025-10-07,Lexington,Phoenix,Reefer,2221.3,4560.49,4539.548332712227,4545.192289771361,15.297710228638607
TR-044123,2025-10-07,Lexington,Oklahoma City,Reefer,1003.3,2492.07,2306.1372007280356,2444.7822790968517,47.28772090314851
TR-044124,2025-10-07,Phoenix,Mobile,Dry Van,1927.0,3882.76,3979.147366452622,3843.8107019364843,38.949298063515926
TR-044125,2025-10-07,Philadelphia,Charleston,Dry Van,609.2,1329.78,1374.5625617348956,1331.8194237428706,-2.0394237428706674
TR-044126,2025-10-07,Los Angeles,Little Rock,Reefer,1780.3,3987.15,3846.447695985334,3494.307553703894,492.8424462961061
TR-044127,2025-10-07,Oklahoma City,Dayton,Dry Van,1031.1,2199.94,2193.946896292336,2271.2199014615135,-71.27990146151342
TR-044128,2025-10-07,Richmond,Los Angeles,Flatbed,2803.0,5209.11,5440.213778562571,5984.98170539229,-775.8717053922901
TR-044129,2025-10-07,Toledo,Amarillo,Reefer,1429.7,3013.41,3138.729782788867,3024.417501474886,-11.00750147488634
TR-044130,2025-10-07,Fresno,Louisville,Dry Van,2148.6,3930.32,4104.970317750492,4563.0489041389455,-632.7289041389454
TR-044131,2025-10-07,Grand Rapids,Kansas City,Dry Van,466.3,1076.93,1047.4580948071316,1035.2317049574274,41.69829504257268
TR-044114,2025-10-07,Memphis,Chattanooga,Dry Van,180.7,467.61,504.4154683195434,495.6059248471572,-27.995924847157198
TR-044132,2025-10-07,San Antonio,Greensboro,Dry Van,1206.8,2481.63,2496.1429678772847,2560.7152110223205,-79.08521102232044
TR-044111,2025-10-07,Salt Lake City,Savannah,Reefer,2021.5,4566.62,4319.739922175502,4287.3169978310225,279.3030021689774
TR-044176,2025-10-07,Raleigh,Milwaukee,Flatbed,796.6,463.05,1773.9222212562845,1838.1253349538006,-1375.0753349538006
TR-044151,2025-10-07,Providence,Montgomery,Reefer,1231.0,2964.61,2732.0649030658624,2865.085427163933,99.52457283606691
TR-044158,2025-10-07,Oklahoma City,Phoenix,Dry Van,1189.0,2448.67,2632.1843332537246,2642.2478940845112,-193.57789408451117
TR-044138,2025-10-07,Fort Wayne,Corpus Christi,Dry Van,1221.6,2442.27,2429.7954788450006,2492.471522734298,-50.20152273429812
TR-044139,2025-10-07,Charleston,Albuquerque,Dry Van,1990.5,3713.4,3956.7946267703505,5325.580166523739,-1612.1801665237385
TR-044140,2025-10-07,Hartford,Baltimore,Dry Van,143.8,383.5,457.7954435424674,353.5136599985604,29.9863400014396
TR-044141,2025-10-07,San Antonio,Buffalo,Dry Van,1601.8,3098.51,3296.7257281219545,4216.434256099947,-1117.9242560999464
TR-044142,2025-10-07,Cincinnati,Baltimore,Flatbed,925.0,1996.97,2026.7985017764613,2041.9234875485174,-44.95348754851739
TR-044143,2025-10-07,Milwaukee,Tucson,Dry Van,1764.6,3494.0,3603.921101996929,3501.0255754793125,-7.025575479312465
TR-044144,2025-10-07,Harrisburg,Hartford,Flatbed,395.6,950.43,956.8454105804922,977.2895323425578,-26.859532342557827
TR-044136,2025-10-07,Oklahoma City,Milwaukee,Flatbed,909.8,2120.59,2059.74691154045,2222.6980860169697,-102.10808601696954
TR-044146,2025-10-07,Salt Lake City,Philadelphia,Flatbed,2526.2,4845.95,4920.76654344662,5732.027418599405,-886.0774185994051
TR-044147,2025-10-07,Jacksonville,Reno,Reefer,2336.4,5058.57,4872.229877081872,6871.103978894561,-1812.5339788945612
TR-044148,2025-10-07,Phoenix,Hartford,Dry Van,2943.1,5346.93,5491.510704677885,4875.413539886194,471.5164601138067
TR-044149,2025-10-07,San Antonio,Buffalo,Reefer,1562.1,3549.06,3476.5473905257404,4761.946656248153,-1212.886656248153
TR-044150,2025-10-07,Lubbock,Las Vegas,Dry Van,1072.7,2303.95,2301.2445218707353,2365.593060597179,-61.6430605971791
TR-044115,2025-10-07,Bakersfield,Reno,Reefer,525.1,1276.25,1323.1713503117178,1216.0617407516327,60.18825924836733
TR-044152,2025-10-07,Salt Lake City,Green Bay,Dry Van,1778.0,3303.47,3511.557697217155,4080.2371311341763,-776.7671311341765
TR-044153,2025-10-07,Cincinnati,Fort Wayne,Dry Van,380.5,910.55,893.3989078924847,1030.597848732327,-120.04784873232711
TR-044145,2025-10-07,Boston,Montgomery,Dry Van,1290.6,2486.75,2673.056224173948,2637.1210047241716,-150.3710047241716
TR-044137,2025-10-07,Tampa,Tucson,Dry Van,1838.4,3521.73,3805.426703438783,3086.7814538111797,434.9485461888203
TR-044155,2025-10-07,Greensboro,Milwaukee,Dry Van,485.3,1101.55,1148.9199455642479,1087.2704035350725,14.279596464927408
TR-044154,2025-10-07,Oklahoma City,Kansas City,Dry Van,796.6,1743.43,1699.2157014391905,1779.076276298491,-35.646276298490875
TR-044164,2025-10-07,Fresno,Baltimore,Dry Van,3071.7,5768.57,5739.444616066948,7519.12664834776,-1750.5566483477605
TR-044159,2025-10-07,Tucson,Fort Wayne,Dry Van,2010.4,3635.27,3925.4671346678297,3496.371877547424,138.898122452576
TR-044160,2025-10-07,Jacksonville,Amarillo,Flatbed,1363.3,3181.62,3059.761443954252,3253.219552967413,-71.59955296741327
TR-044161,2025-10-07,Milwaukee,Baton Rouge,Dry Van,806.2,1778.31,1718.5862331226008,1820.760022451832,-42.450022451831956
TR-044162,2025-10-07,Baton Rouge,Detroit,Flatbed,1189.2,8425.34,2618.4395462255256,2909.7875675306163,5515.552432469383
TR-044163,2025-10-07,Little Rock,Tucson,Dry Van,1461.7,2928.06,3138.5382849590305,2736.857168368755,191.20283163124486
TR-044134,2025-10-07,Montgomery,Lexington,Reefer,483.1,1188.47,1199.114971986159,1283.137918268294,-94.66791826829399
TR-044165,2025-10-07,Lubbock,Richmond,Dry Van,1674.0,3282.71,3334.77152330453,3470.0473805074657,-187.3373805074657
TR-044166,2025-10-07,Hartford,San Antonio,Dry Van,1858.7,3603.1,3846.813016039565,3550.1259130016483,52.974086998351595
TR-044135,2025-10-07,Indianapolis,Fort Wayne,Reefer,334.0,872.03,889.688874257532,885.1239974660142,-13.09399746601423
TR-044167,2025-10-07,El Paso,Cincinnati,Dry Van,1576.8,3028.7,3208.9595089194418,2873.1506383486385,155.54936165136132
TR-044169,2025-10-07,Amarillo,Washington,Reefer,1864.5,4287.51,4082.026041337308,3747.539729796348,539.970270203652
TR-044170,2025-10-07,Austin,El Paso,Reefer,829.8,2085.87,1935.0855648525378,2054.3272961641505,31.542703835849352
TR-044171,2025-10-07,New York,Madison,Dry Van,969.1,2005.58,2012.821304579682,2035.1210976545362,-29.541097654536316
TR-044172,2025-10-07,Philadelphia,Nashville,Flatbed,1032.3,2142.38,2230.5469284129254,2298.465469331944,-156.08546933194384
TR-044173,2025-10-07,Washington,Providence,Reefer,507.7,1277.52,1305.91379243896,1217.5815174232066,59.938482576793376
TR-044174,2025-10-07,Harrisburg,Kansas City,Dry Van,841.7,1734.56,1785.4137256565637,1775.321091236112,-40.76109123611195
TR-044157,2025-10-07,Indianapolis,Buffalo,Flatbed,711.8,1554.33,1537.922095204122,1675.2102442188996,-120.88024421889963
TR-044156,2025-10-07,Tulsa,Milwaukee,Dry Van,650.3,1525.43,1439.65686968742,1512.8276044706222,12.602395529377873
TR-044168,2025-10-07,Albany,Corpus Christi,Reefer,2002.6,4204.74,4143.3607507449115,5232.895157694933,-1028.1551576949332
TR-044175,2025-10-07,Fresno,Toledo,Reefer,2362.6,4817.58,4823.429535662393,6392.9236686713075,-1575.3436686713076
TR-044116,2025-10-07,Louisville,Richmond,Dry Van,721.4,1459.87,1495.1509615981872,1524.705239500401,-64.83523950040103
TR-044177,2025-10-07,Houston,Greensboro,Reefer,925.2,2293.83,2145.545654206705,2334.069968819784,-40.23996881978428
TR-044217,2025-10-07,Albany,Kansas City,Dry Van,1263.9,2462.56,2630.732709740237,2531.479605822265,-68.91960582226511
TR-044179,2025-10-07,Chattanooga,Mobile,Dry Van,285.5,713.84,714.3060270464691,696.2961775583102,17.543822441689827
TR-044180,2025-10-07,Houston,Chattanooga,Reefer,647.2,1671.84,1607.0464901418625,1662.3041661927878,9.535833807212157
TR-044182,2025-10-07,San Antonio,Lexington,Reefer,1072.1,2518.87,2477.3870398279532,2534.1049952561034,-15.234995256103502
TR-044183,2025-10-07,Columbia,Dayton,Reefer,467.6,1147.73,1144.1743613583485,1182.2013667955164,-34.47136679551636
TR-044184,2025-10-07,Hartford,Chattanooga,Flatbed,1030.0,2193.67,2303.00247240647,2293.5458665805477,-99.87586658054761
TR-044185,2025-10-07,Baton Rouge,Tulsa,Dry Van,312.4,777.68,750.5142116563593,786.1931336332092,-8.513133633209236
TR-044186,2025-10-07,Richmond,Corpus Christi,Dry Van,1510.6,2903.55,3073.1466073348383,3179.2791770192534,-275.72917701925326
TR-044187,2025-10-07,Kansas City,Toledo,Dry Van,468.8,1013.2,1053.5330350547495,1065.239135872014,-52.03913587201396
TR-044188,2025-10-07,Richmond,Louisville,Flatbed,696.1,1561.6,1557.7269268209475,1589.7783922880408,-28.178392288040868
TR-044189,2025-10-07,Columbia,Phoenix,Reefer,2278.1,4752.22,4606.5070335411565,4772.821937770367,-20.60193777036693
TR-044190,2025-10-07,Madison,Nashville,Flatbed,530.4,1234.37,1290.1769215469049,1239.8679378250908,-5.497937825090958
TR-044191,2025-10-07,New York,Fort Wayne,Dry Van,742.6,1460.12,1526.3009514297055,1429.741810850437,30.378189149562786
TR-044192,2025-10-07,Lubbock,Indianapolis,Dry Van,986.1,2074.22,2099.4865483107387,2131.356288866632,-57.136288866632185
TR-044193,2025-10-07,Baltimore,Lubbock,Dry Van,1910.9,3829.1,3866.667590329377,3551.532974770063,277.5670252299369
TR-044194,2025-10-07,Mobile,Atlanta,Dry Van,296.0,760.31,746.4977075329971,742.2729993813315,18.037000618668458
TR-044195,2025-10-07,Little Rock,Greensboro,Dry Van,644.8,1451.78,1424.3418555418318,1502.1208350642435,-50.34083506424349
TR-044196,2025-10-07,Boston,Richmond,Dry Van,490.9,1086.79,1130.7489228656127,1105.8767809572646,-19.086780957264637
TR-044197,2025-10-07,Providence,Baton Rouge,Reefer,1621.3,3527.99,3470.5873773231856,3440.655480352663,87.33451964733695
TR-044181,2025-10-07,Boston,Green Bay,Dry Van,1160.7,2193.1,2445.4365060702507,2369.3337317601554,-176.23373176015548
TR-044208,2025-10-07,St. Louis,Memphis,Dry Van,254.9,646.5,636.2485453370316,653.6329854638603,-7.1329854638603365
TR-044252,2025-10-07,Austin,Amarillo,Dry Van,469.9,1139.45,1074.7951654671288,1068.9888242729073,70.46117572709272
TR-044206,2025-10-07,Baton Rouge,Oklahoma City,Dry Van,422.7,1050.79,1005.9871639237963,1169.1652600255277,-118.37526002552772
TR-044201,2025-10-07,Columbia,Fresno,Reefer,2452.9,5264.82,5133.515618387522,5852.806488166842,-587.9864881668427
TR-044202,2025-10-07,Charleston,Jacksonville,Dry Van,388.5,934.61,932.5867874273508,908.9057802477967,25.704219752203358
TR-044203,2025-10-07,Syracuse,Lubbock,Dry Van,1812.5,3669.51,3695.8470044693368,3756.2299057759888,-86.71990577598854
TR-044204,2025-10-07,Detroit,Columbia,Dry Van,730.7,1561.47,1612.4156808291423,1574.3174196592377,-12.84741965923763
TR-044205,2025-10-07,St. Louis,Kansas City,Reefer,107.4,343.65,577.5918671839765,357.81443413550716,-14.164434135507179
TR-044207,2025-10-07,Chattanooga,Buffalo,Reefer,764.8,1843.82,1779.2096408203397,1870.6130703644335,-26.79307036443356
TR-044214,2025-10-07,Jacksonville,Boston,Flatbed,1199.2,2411.14,2540.4020574422048,2720.621891423451,-309.4818914234511
TR-044209,2025-10-07,Philadelphia,Reno,Flatbed,2819.1,5552.48,5635.447288085292,6954.336182847495,-1401.8561828474958
TR-044210,2025-10-07,Fort Wayne,Jacksonville,Reefer,772.2,1769.05,1801.5154152909527,1859.5677398739197,-90.51773987391971
TR-044211,2025-10-07,Montgomery,Austin,Reefer,946.5,2209.39,2211.4916884638424,2311.643315936729,-102.253315936729
TR-044212,2025-10-07,Columbia,Harrisburg,Flatbed,545.6,1246.09,1305.0721705681174,1228.9698601207801,17.120139879219778
TR-044213,2025-10-07,New Orleans,San Antonio,Dry Van,488.3,1148.19,1156.7146986948378,1195.6573332105024,-47.467333210502375
TR-044216,2025-10-07,Philadelphia,Lexington,Dry Van,780.2,1548.72,1599.0004768951312,1556.658366277465,-7.938366277464866
TR-044215,2025-10-07,Nashville,Tucson,Dry Van,1770.0,725.75,3445.709513091012,3632.4381111512025,-2906.6881111512025
TR-044199,2025-10-07,Houston,Tulsa,Dry Van,217.4,600.81,664.7951796133013,588.6894336167893,12.120566383210644
TR-044198,2025-10-07,Philadelphia,Raleigh,Flatbed,439.4,1109.09,1151.5943176233304,1123.2495223549047,-14.159522354904766
TR-044218,2025-10-07,Harrisburg,Lexington,Flatbed,502.8,1145.57,1228.9174981393965,1203.730161264726,-58.16016126472596
TR-044200,2025-10-07,Amarillo,Chattanooga,Dry Van,1128.4,2342.36,2419.3809084704776,2441.681209180924,-99.32120918092369
TR-044220,2025-10-07,Phoenix,Baton Rouge,Dry Van,1659.3,3137.27,3266.4136318208257,3670.256993512653,-532.986993512653
TR-044222,2025-10-07,Lubbock,Charleston,Reefer,1414.1,3087.54,3175.8356436881986,3433.960152663988,-346.4201526639881
TR-044223,2025-10-07,Atlanta,Bakersfield,Flatbed,2036.2,4294.78,4267.647251859959,4320.315505897127,-25.535505897127223
TR-044224,2025-10-07,Chattanooga,Phoenix,Dry Van,2032.0,3853.42,4042.1053940549054,4600.0166193432615,-746.5966193432614
TR-044225,2025-10-07,Grand Rapids,Syracuse,Dry Van,564.5,1195.74,1282.6048514051033,1240.1266058831227,-44.386605883122684
TR-044226,2025-10-07,El Paso,Tulsa,Dry Van,1046.8,2100.06,2186.3865426224997,2214.5032560885875,-114.44325608858753
TR-044227,2025-10-07,Corpus Christi,Greensboro,Reefer,1063.1,2338.11,2412.347581047661,2308.5251162839177,29.58488371608246
TR-044228,2025-10-07,Milwaukee,Atlanta,Flatbed,412.4,981.78,1019.4036110539196,1051.469624428789,-69.6896244287891
TR-044229,2025-10-07,Greensboro,Raleigh,Reefer,377.7,979.31,941.6384565433257,1025.016681803539,-45.70668180353914
TR-044230,2025-10-07,Nashville,Buffalo,Dry Van,804.4,1628.75,1702.8971760851127,1729.4452853761545,-100.69528537615452
TR-044231,2025-10-07,Atlanta,Providence,Reefer,1109.9,2527.69,2603.0711207259396,2482.513647907097,45.17635209290302
TR-044232,2025-10-07,Detroit,Austin,Dry Van,1542.6,2997.84,3125.4016772021387,3053.0987018650653,-55.25870186506518
TR-044233,2025-10-07,Boston,Tampa,Reefer,1456.7,2996.55,3190.6999648884585,2579.8510121827194,416.6989878172808
TR-044234,2025-10-07,Madison,Mobile,Flatbed,810.3,1751.13,1775.591316318008,1890.6275830244356,-139.49758302443547
TR-044235,2025-10-07,Nashville,Richmond,Dry Van,806.6,1697.88,1709.479265437043,1790.8848515290467,-93.00485152904662
TR-044236,2025-10-07,San Antonio,Nashville,Reefer,850.4,2134.87,2036.3037591372245,2157.6974095848177,-22.827409584817815
TR-044237,2025-10-07,Detroit,Lubbock,Dry Van,1466.4,2838.8,3049.0422557913794,2396.371743936279,442.42825606372116
TR-044256,2025-10-07,Little Rock,Phoenix,Dry Van,1761.5,3332.67,3485.5372302333635,3551.4583947023166,-218.7883947023165
TR-044221,2025-10-07,Tulsa,Syracuse,Flatbed,1383.6,2978.41,3031.6524870039266,2961.680283802567,16.729716197432936
TR-044238,2025-10-07,El Paso,Fresno,Dry Van,655.9,1458.81,1471.902177052181,1524.3793876164068,-65.56938761640686
TR-044239,2025-10-07,Houston,Oklahoma City,Dry Van,294.4,798.7,772.4146596632129,789.5291834408933,9.170816559106697
TR-044219,2025-10-07,Albuquerque,Tucson,Dry Van,444.6,1054.4,1049.6029872087956,1054.113656724796,0.28634327520398983
TR-044242,2025-10-07,Milwaukee,Baton Rouge,Flatbed,801.2,1807.79,1765.11704225678,1905.3706939558137,-97.58069395581379
TR-044243,2025-10-07,New York,Atlanta,Dry Van,911.5,1912.19,1909.0498315001464,1981.4144632253717,-69.22446322537166
TR-044244,2025-10-07,Greensboro,Bakersfield,Reefer,2259.0,4914.48,4727.3533965195975,3894.870122822458,1019.6098771775414
TR-044245,2025-10-07,Lubbock,Baton Rouge,Flatbed,530.4,1341.93,1247.3058291720795,1328.2222549370751,13.707745062924914
TR-044246,2025-10-07,Greensboro,Fresno,Dry Van,2427.0,4578.11,4653.071781836076,6359.114935464195,-1781.0049354641951
TR-044240,2025-10-07,Buffalo,Baton Rouge,Reefer,1320.6,2936.32,2760.0224611562735,2976.182897172496,-39.86289717249565
TR-044248,2025-10-07,New York,Amarillo,Flatbed,2058.0,4255.76,4281.291385030337,3757.186247115998,498.57375288400226
TR-044249,2025-10-07,Hartford,Reno,Dry Van,2896.8,5055.75,5263.271359824567,6237.622995769966,-1181.872995769966
TR-044250,2025-10-07,Lexington,El Paso,Dry Van,1706.7,3200.14,3337.6577243249394,3221.4508933067223,-21.31089330672239
TR-044247,2025-10-07,Philadelphia,Grand Rapids,Flatbed,894.7,1934.91,2003.069862753077,1936.2272557161375,-1.3172557161374243
TR-044259,2025-10-07,Salt Lake City,Houston,Dry Van,1300.1,2714.39,2514.650891788216,2718.098363443898,-3.708363443898179
TR-044253,2025-10-07,Fresno,Syracuse,Dry Van,2754.5,4886.24,5022.3505252227615,6883.084936924995,-1996.8449369249956
TR-044254,2025-10-07,Syracuse,Providence,Dry Van,651.9,1369.5,1414.485510339305,1380.1344160202234,-10.634416020223398
TR-044255,2025-10-07,Baton Rouge,Richmond,Dry Van,1197.9,2443.14,2499.466877997696,2505.4058908488137,-62.2658908488138
TR-044257,2025-10-07,Reno,San Antonio,Reefer,1578.1,3461.27,3447.020098688701,1825.3968856296253,1635.8731143703747
TR-044258,2025-10-07,Oklahoma City,Richmond,Dry Van,1504.1,3016.26,3205.477570457264,3200.4458300773153,-184.18583007731513
TR-044178,2025-10-07,Albany,San Antonio,Flatbed,2101.9,4489.14,4339.514503819483,4071.2239623731493,417.916037626851
TR-044241,2025-10-07,Bakersfield,Phoenix,Dry Van,387.5,896.02,916.571812867312,869.738825490001,26.281174509999005
TR-044251,2025-10-07,San Antonio,Phoenix,Reefer,1231.4,2812.67,2801.8641518975946,3200.244656835053,-387.5746568350528
TR-044260,2025-10-08,Harrisburg,Bakersfield,Reefer,2558.4,5189.95,5201.683963108707,4356.147967691984,833.8020323080154
TR-044261,2025-10-08,Albany,Bakersfield,Reefer,3008.3,6037.04,5997.703299178436,5135.338108091655,901.7018919083448
TR-044341,2025-10-08,Hartford,San Francisco,Flatbed,3155.7,6512.76,6177.933720855007,7695.703814004893,-1182.9438140048924
TR-044263,2025-10-08,New Orleans,Mobile,Reefer,297.7,855.24,841.3237921519874,850.2255358293322,5.014464170667793
TR-044264,2025-10-08,Atlanta,Little Rock,Dry Van,406.1,950.68,917.0825862978293,969.2447409423622,-18.564740942362278
TR-044265,2025-10-08,San Antonio,Tulsa,Dry Van,429.3,1071.43,1004.350550293088,1020.1784820886197,51.25151791138035
TR-044266,2025-10-08,Nashville,Green Bay,Dry Van,741.1,1578.75,1604.0296483219884,1619.2606302437432,-40.51063024374321
TR-044276,2025-10-08,Atlanta,Boston,Dry Van,1119.0,2211.67,2285.2510672874987,2309.557546208923,-97.88754620892314
TR-044268,2025-10-08,Albany,Albuquerque,Dry Van,2492.6,14425.42,4590.881076235138,6465.851280983812,7959.568719016188
TR-044269,2025-10-08,Harrisburg,Milwaukee,Dry Van,651.6,1423.7,1443.7229061535138,1460.3534290072025,-36.653429007202476
TR-044270,2025-10-08,El Paso,Baton Rouge,Reefer,1263.1,3015.04,2848.614367950604,3123.5008730025693,-108.46087300256931
TR-044271,2025-10-08,Columbia,Kansas City,Reefer,652.1,313.15,1549.5848817527387,1638.975349044582,-1325.8253490445818
TR-044272,2025-10-08,Oklahoma City,Charleston,Reefer,1293.6,3157.99,2887.7099827545317,3186.164851955316,-28.17485195531617
TR-044273,2025-10-08,Tucson,Syracuse,Dry Van,2470.5,4227.08,4541.278256229724,4179.326373376476,47.753626623523814
TR-044274,2025-10-08,Los Angeles,Phoenix,Dry Van,74.7,222.72,434.6960837717281,218.59488581946766,4.125114180532336
TR-044275,2025-10-08,St. Louis,Tulsa,Dry Van,531.5,1222.99,1186.4892604632912,1254.0627928355584,-31.072792835558403
TR-044267,2025-10-08,Buffalo,Indianapolis,Dry Van,686.6,1441.53,1495.2369591464721,1480.2936386814429,-38.7636386814429
TR-044277,2025-10-08,Atlanta,Indianapolis,Reefer,345.2,895.44,931.358472766002,984.459746191573,-89.01974619157295
TR-044291,2025-10-08,Syracuse,Charleston,Flatbed,701.8,1551.27,1631.591206309651,1636.7937086350823,-85.52370863508236
TR-044298,2025-10-08,Indianapolis,Lexington,Reefer,292.9,837.86,844.8797119752123,877.2023062719728,-39.3423062719728
TR-044278,2025-10-08,Dayton,Fort Wayne,Flatbed,127.0,372.9,510.04601328674335,386.1109431405167,-13.210943140516747
TR-044281,2025-10-08,Corpus Christi,Philadelphia,Dry Van,1723.3,3332.32,3632.884460390709,4616.991036974354,-1284.6710369743537
TR-044282,2025-10-08,Grand Rapids,Buffalo,Flatbed,492.3,1186.99,1199.908096437778,1151.4399251779605,35.550074822039505
TR-044283,2025-10-08,Cincinnati,Buffalo,Dry Van,647.8,1331.38,1362.8639184585857,1411.2298791621283,-79.84987916212822
TR-044284,2025-10-08,New York,Albuquerque,Reefer,2310.5,5018.12,4832.565889647877,3950.664186260785,1067.455813739215
TR-044285,2025-10-08,Las Vegas,Columbia,Dry Van,2142.2,3965.18,4101.168639538656,4176.296842505701,-211.1168425057008
TR-044286,2025-10-08,Fort Wayne,Cincinnati,Dry Van,363.8,820.16,846.6031878470812,944.0855390804052,-123.9255390804052
TR-044287,2025-10-08,Mobile,Richmond,Dry Van,944.9,4729.66,1989.2508105864313,2062.2818217948593,2667.3781782051406
TR-044288,2025-10-08,Syracuse,Shreveport,Flatbed,1251.6,2571.46,2652.4639210637592,2774.4419324474875,-202.98193244748745
TR-044289,2025-10-08,Milwaukee,Buffalo,Dry Van,646.7,1318.04,1360.8381906651516,1367.9773213483202,-49.93732134832021
TR-044290,2025-10-08,Kansas City,Washington,Dry Van,878.1,1802.45,1860.619797670654,1842.9181505092424,-40.46815050924238
TR-044292,2025-10-08,Nashville,Los Angeles,Reefer,2002.2,4277.65,4246.23518562734,4159.556257617571,118.0937423824289
TR-044294,2025-10-08,Mobile,Memphis,Reefer,328.7,917.6,936.2113540215273,983.9076567448449,-66.30765674484485
TR-044295,2025-10-08,Nashville,Memphis,Dry Van,108.8,302.65,437.6061139351798,298.0987518425134,4.551248157486555
TR-044296,2025-10-08,Louisville,Washington,Flatbed,683.0,1548.61,1520.0120006136835,1600.940528113818,-52.33052811381799
TR-044297,2025-10-08,Phoenix,Albany,Reefer,3148.3,6263.27,5951.142791709988,5162.6977495239835,1100.572250476017
TR-044280,2025-10-08,Baltimore,Oklahoma City,Flatbed,1837.1,3785.69,3879.384810306644,4738.497984456768,-952.8079844567678
TR-044279,2025-10-08,Nashville,Montgomery,Flatbed,359.1,882.73,919.1386853142656,985.7361321313311,-103.00613213133113
TR-044299,2025-10-08,Shreveport,Nashville,Dry Van,357.1,906.63,928.003690999501,890.6378379046513,15.992162095348704
TR-044328,2025-10-08,Chattanooga,Jacksonville,Flatbed,339.8,919.26,920.410535664713,941.1326160722712,-21.87261607227117
TR-044301,2025-10-08,Atlanta,Montgomery,Flatbed,310.5,825.14,824.4892204403143,857.9324188486024,-32.79241884860244
TR-044303,2025-10-08,Baton Rouge,Oklahoma City,Dry Van,459.2,1103.62,1078.9480748428032,1206.3771142601472,-102.75711426014732
TR-044304,2025-10-08,Bakersfield,Cincinnati,Dry Van,1995.2,3801.19,4026.4548481431852,3582.1999700171823,218.99002998281776
TR-044305,2025-10-08,Lexington,Charleston,Dry Van,435.3,981.87,1018.9435253368724,1108.771849474684,-126.9018494746839
TR-044306,2025-10-08,Jacksonville,Richmond,Reefer,736.2,1659.84,1698.4002415128123,1735.4296691886368,-75.58966918863689
TR-044308,2025-10-08,Fort Wayne,Raleigh,Reefer,716.6,1719.38,1652.2429087569494,1842.2600957793418,-122.88009577934167
TR-044309,2025-10-08,Atlanta,Los Angeles,Flatbed,2108.9,4330.69,4231.806930311326,4710.695257263804,-380.0052572638042
TR-044307,2025-10-08,Lexington,Milwaukee,Dry Van,328.0,812.96,784.8316872419423,863.1582470841354,-50.198247084135346
TR-044311,2025-10-08,Phoenix,Albany,Dry Van,3166.1,5697.12,5987.071247937872,7301.92264164553,-1604.8026416455305
TR-044312,2025-10-08,Mobile,Houston,Dry Van,478.4,411.17,1117.8746282587272,1281.5022100012368,-870.3322100012367
TR-044313,2025-10-08,Lubbock,Raleigh,Dry Van,1580.7,3197.76,3314.386620122962,2948.8491252482204,248.91087475177983
TR-044314,2025-10-08,Corpus Christi,Mobile,Dry Van,618.7,1387.71,1369.537153088314,1401.3667296461279,-13.656729646127815
TR-044315,2025-10-08,Atlanta,San Antonio,Dry Van,945.8,2051.57,2054.6059085032152,2129.8164962298533,-78.24649622985316
TR-044316,2025-10-08,Lubbock,Amarillo,Dry Van,434.0,1066.71,1033.2383082862236,1069.828230426384,-3.1182304263838887
TR-044317,2025-10-08,Milwaukee,Lubbock,Reefer,1085.5,2517.8,2452.089491962335,2486.070382573561,31.72961742643929
TR-044318,2025-10-08,New York,St. Louis,Dry Van,1034.4,2121.19,2183.8303857331553,2161.2146729278243,-40.02467292782421
TR-044310,2025-10-08,Tucson,Memphis,Dry Van,1665.9,3208.13,3309.30688400905,2995.2289557925,212.90104420750004
TR-044340,2025-10-08,Lexington,Raleigh,Flatbed,523.1,1249.95,1277.830032516818,1249.0502779522699,0.8997220477301653
TR-044320,2025-10-08,Raleigh,Philadelphia,Dry Van,427.9,988.67,1023.7928031820925,1022.6303263630285,-33.96032636302857
TR-044262,2025-10-08,Amarillo,Toledo,Reefer,1484.5,3142.74,3169.7351455943963,2919.4744762715654,223.26552372843435
TR-044302,2025-10-08,Mobile,St. Louis,Dry Van,557.1,1315.64,1296.8365614806169,1349.1384325534573,-33.49843255345718
TR-044321,2025-10-08,Milwaukee,Fort Wayne,Dry Van,261.7,626.31,633.061125183445,636.5271195412421,-10.217119541242141
TR-044323,2025-10-08,Nashville,Milwaukee,Flatbed,366.1,923.77,950.0496142205991,956.9727700453782,-33.2027700453782
TR-044324,2025-10-08,Columbia,Raleigh,Flatbed,417.8,1025.83,1062.6569711743773,1051.8917132523693,-26.061713252369373
TR-044325,2025-10-08,Houston,Richmond,Reefer,1315.9,2880.8,2842.3090709774947,3013.9188399334507,-133.11883993345054
TR-044326,2025-10-08,Greensboro,San Antonio,Dry Van,1182.0,2475.13,2521.6001853629605,2596.7447671771242,-121.61476717712412
TR-044327,2025-10-08,Las Vegas,Fresno,Dry Van,339.6,779.8,797.9398955128597,794.2429397803853,-14.442939780385359
TR-044300,2025-10-08,Madison,Albuquerque,Flatbed,1351.5,2996.39,3027.493530722773,2934.567276352767,61.82272364723303
TR-044329,2025-10-08,Salt Lake City,Memphis,Flatbed,1593.0,3104.79,3415.463760771785,3273.0666855586173,-168.27668555861737
TR-044322,2025-10-08,San Antonio,Hartford,Reefer,1896.7,3896.37,4059.7903326731175,3839.2248360912895,57.1451639087104
TR-044330,2025-10-08,Kansas City,Fort Wayne,Flatbed,391.6,977.05,962.8591024273071,1019.2912126738593,-42.24121267385931
TR-044332,2025-10-08,Memphis,Amarillo,Reefer,1045.9,2499.24,2359.353374113302,2467.3909559513922,31.84904404860754
TR-044333,2025-10-08,Buffalo,Lexington,Dry Van,565.0,1188.73,1243.2058926294128,1225.8628827974962,-37.13288279749622
TR-044334,2025-10-08,Grand Rapids,Savannah,Dry Van,844.2,1778.52,1767.391561253747,1747.0488275831283,31.471172416871696
TR-044335,2025-10-08,Boston,Fresno,Dry Van,3288.9,5920.59,5605.196472858073,8433.970520587152,-2513.380520587152
TR-044336,2025-10-08,Houston,Greensboro,Reefer,927.0,2154.76,2116.643652262401,2258.3621290365213,-103.60212903652109
TR-044337,2025-10-08,Syracuse,Richmond,Dry Van,398.6,895.22,894.2618907729461,884.7168314390111,10.503168560988911
TR-044339,2025-10-08,El Paso,Kansas City,Dry Van,1344.8,2842.65,2943.76147885319,2870.0481701502904,-27.398170150290298
TR-044331,2025-10-08,Boston,Philadelphia,Dry Van,236.0,578.45,590.3785526819104,592.0847750983289,-13.634775098328873
TR-044319,2025-10-08,Madison,Bakersfield,Dry Van,1826.8,3384.59,3776.626666886534,4799.129232954921,-1414.5392329549204
TR-044338,2025-10-08,El Paso,Cincinnati,Dry Van,1591.5,3124.21,3369.664788606214,3003.542792470789,120.66720752921083
TR-044293,2025-10-08,Columbia,Baton Rouge,Reefer,730.2,1950.32,1770.7243745678152,1974.2214454383484,-23.901445438348446
TR-044405,2025-10-08,Savannah,Mobile,Dry Van,424.1,1053.16,1057.0196598035468,1034.5805309424964,18.57946905750373
TR-044345,2025-10-08,Lexington,Albany,Dry Van,1040.0,10566.25,2190.4773422269004,2191.8544429532676,8374.395557046733
TR-044346,2025-10-08,Bakersfield,Harrisburg,Dry Van,2480.9,4668.25,4791.1660589831745,5968.133871242417,-1299.8838712424167
TR-044347,2025-10-08,Raleigh,Jacksonville,Reefer,547.5,1334.51,1356.2094537149683,1379.770146794423,-45.26014679442301
TR-044348,2025-10-08,Corpus Christi,Oklahoma City,Reefer,339.8,972.88,939.4908193621761,951.0463107178588,21.833689282141222
TR-044349,2025-10-08,Shreveport,Providence,Dry Van,1528.0,3174.36,3261.3835016636403,3140.394160827629,33.965839172371034
TR-044350,2025-10-08,Baton Rouge,Salt Lake City,Dry Van,1448.0,3098.28,3081.387421252296,18405.930535839303,-15307.650535839302
TR-044351,2025-10-08,Hartford,San Francisco,Flatbed,3189.5,6080.94,6076.987378949065,7611.340057954241,-1530.4000579542417
TR-044363,2025-10-08,Baton Rouge,San Antonio,Dry Van,431.2,1085.63,1003.4367852145601,1081.3170555692225,4.312944430777634
TR-044352,2025-10-08,Syracuse,Reno,Reefer,2512.9,5136.23,5080.75954135103,4538.89147305549,597.3385269445098
TR-044354,2025-10-08,Nashville,Harrisburg,Reefer,740.7,1763.19,1691.2327194177674,1742.4841970951156,20.705802904884422
TR-044355,2025-10-08,Savannah,Green Bay,Flatbed,936.9,2070.12,2122.182692125352,2141.4429280019353,-71.32292800193545
TR-044356,2025-10-08,Savannah,Philadelphia,Dry Van,763.7,1645.67,1680.8367534801878,1663.9072582148465,-18.237258214846406
TR-044357,2025-10-08,Charleston,Bakersfield,Reefer,2451.3,5333.52,5056.880241254101,4290.656980555433,1042.8630194445677
TR-044358,2025-10-08,Kansas City,Madison,Reefer,201.4,585.34,683.0177967048219,618.5148667076643,-33.17486670766425
TR-044359,2025-10-08,San Antonio,Chattanooga,Flatbed,894.7,2056.8,2048.638624247844,2111.651940016406,-54.85194001640593
TR-044360,2025-10-08,Green Bay,Phoenix,Flatbed,2189.8,4397.12,4420.293055040866,5461.569339071055,-1064.449339071055
TR-044361,2025-10-08,St. Louis,Austin,Dry Van,1008.3,2071.17,2086.6202499831697,2175.667063882139,-104.49706388213872
TR-044382,2025-10-08,Reno,Amarillo,Dry Van,1047.3,1996.66,2184.957054337068,2198.889229356857,-202.22922935685688
TR-044353,2025-10-08,Madison,Houston,Dry Van,972.4,1984.99,2039.574209664524,2063.6599724316143,-78.66997243161427
TR-044362,2025-10-08,Tulsa,Detroit,Flatbed,1047.0,2242.32,2345.448604154867,2368.332360409652,-126.01236040965205
TR-044364,2025-10-08,Lubbock,Richmond,Dry Van,1667.9,3277.97,3480.3589400804312,3487.2893856043424,-209.31938560434264
TR-044370,2025-10-08,Syracuse,Fort Wayne,Dry Van,529.9,1152.09,1228.968624776357,1229.650526096207,-77.56052609620701
TR-044369,2025-10-08,Green Bay,Detroit,Dry Van,215.5,501.69,612.1636179835243,520.2568048630496,-18.56680486304964
TR-044365,2025-10-08,Milwaukee,Raleigh,Dry Van,805.1,1712.04,1737.687862352568,1732.9536383591626,-20.913638359162633
TR-044367,2025-10-08,Baton Rouge,Fresno,Reefer,1824.4,4165.0,3999.342259761318,3180.592799797068,984.407200202932
TR-044366,2025-10-08,Cincinnati,Corpus Christi,Reefer,934.1,2247.82,2227.5933683532553,2296.1883640301635,-48.36836403016332
TR-044371,2025-10-08,Mobile,Indianapolis,Reefer,559.4,1461.55,1406.1800275731975,1491.9008586741802,-30.350858674180245
TR-044368,2025-10-08,Louisville,Shreveport,Flatbed,527.8,1396.12,1292.418003043881,1398.4388066492081,-2.318806649208227
TR-044372,2025-10-08,Greensboro,Los Angeles,Dry Van,2320.8,4493.05,4539.1671854168135,5107.436441791091,-614.3864417910909
TR-044376,2025-10-08,Kansas City,Richmond,Dry Van,921.4,1838.07,1901.252052634164,1929.1424771995398,-91.07247719953989
TR-044374,2025-10-08,Los Angeles,Austin,Flatbed,1237.0,2917.59,2737.8176940284775,2900.2275765403024,17.362423459697766
TR-044375,2025-10-08,Fresno,Kansas City,Dry Van,1971.0,3657.67,3946.4305878820514,3585.8116878489936,71.85831215100643
TR-044377,2025-10-08,Lubbock,Greensboro,Reefer,1246.1,3042.93,2833.037680190552,3037.3981821561524,5.531817843847421
TR-044378,2025-10-08,Baltimore,Montgomery,Dry Van,1044.5,2100.15,2256.526327803961,2250.1525135166858,-150.00251351668567
TR-044379,2025-10-08,San Antonio,Austin,Dry Van,86.8,257.52,508.7694800916961,279.2859328567118,-21.7659328567118
TR-044380,2025-10-08,Tulsa,Baton Rouge,Dry Van,285.1,741.71,755.9417108284192,751.8138104352596,-10.103810435259561
TR-044381,2025-10-08,Tucson,Green Bay,Dry Van,2006.4,3741.48,3940.3721554050016,2825.8042196539795,915.6757803460205
TR-044373,2025-10-08,Phoenix,Kansas City,Dry Van,1824.8,3534.58,3691.4995612300067,3553.5069658710986,-18.926965871098673
TR-044344,2025-10-08,St. Louis,Amarillo,Dry Van,1014.6,2089.49,2091.6894316748553,2172.250056041516,-82.76005604151624
TR-044383,2025-10-08,San Antonio,Oklahoma City,Dry Van,215.9,621.68,618.0672505881207,604.2907314519077,17.38926854809222
TR-044342,2025-10-08,Chattanooga,Las Vegas,Flatbed,1902.4,3955.44,4046.544452690184,5076.445798372849,-1121.0057983728489
TR-044385,2025-10-08,Kansas City,Greensboro,Reefer,618.4,1500.99,1478.313829855876,1510.9455390885594,-9.955539088559362
TR-044386,2025-10-08,New York,Shreveport,Dry Van,1325.9,2666.75,2794.652561195542,2755.092654150415,-88.342654150415
TR-044387,2025-10-08,New York,Grand Rapids,Reefer,821.8,1875.44,1853.4519341771856,1835.9352979579362,39.504702042063855
TR-044388,2025-10-08,Memphis,Philadelphia,Flatbed,1090.4,2445.03,2528.2475891576023,2808.540177529588,-363.51017752958796
TR-044389,2025-10-08,Los Angeles,Baltimore,Dry Van,3006.7,5670.75,5824.517410239101,7285.847211203646,-1615.097211203646
TR-044403,2025-10-08,Reno,Corpus Christi,Flatbed,1751.3,3817.37,3799.2484213197495,3295.665092424724,521.7049075752757
TR-044390,2025-10-08,Bakersfield,Milwaukee,Dry Van,1897.3,3544.19,3850.012649566847,3859.6338621412497,-315.4438621412496
TR-044391,2025-10-08,Buffalo,Columbia,Dry Van,659.3,1308.91,1410.1057413069275,1429.147904500663,-120.23790450066281
TR-044392,2025-10-08,Amarillo,Fort Wayne,Flatbed,1366.0,2945.22,2951.2905336581907,3006.4773251356837,-61.257325135683914
TR-044393,2025-10-08,Raleigh,Tucson,Flatbed,2439.9,5009.84,5026.668898157004,4763.116908244345,246.72309175565533
TR-044394,2025-10-08,Syracuse,Atlanta,Dry Van,869.6,1847.58,1879.6301668005742,1819.102493012505,28.477506987494962
TR-044395,2025-10-08,Grand Rapids,Fresno,Flatbed,2265.0,4694.66,4342.229510103866,4765.759652336293,-71.09965233629282
TR-044396,2025-10-08,El Paso,Baton Rouge,Flatbed,1223.4,2735.4,2660.4704961504053,2866.258321344998,-130.85832134499788
TR-044397,2025-10-08,Greensboro,Phoenix,Dry Van,2334.3,4225.88,4513.056291540488,5115.027615842703,-889.1476158427031
TR-044398,2025-10-08,Savannah,Amarillo,Dry Van,1492.0,3194.31,3132.2344996112733,2979.248711382194,215.06128861780599
TR-044399,2025-10-08,Baton Rouge,Salt Lake City,Reefer,1441.3,3375.73,3254.3220220365456,3139.2307864508543,236.49921354914568
TR-044400,2025-10-08,Shreveport,Cincinnati,Reefer,558.5,1438.13,1393.2778920074793,1649.41820404188,-211.2882040418799
TR-044402,2025-10-08,New Orleans,Albuquerque,Flatbed,1205.4,2735.62,2646.1360325512846,2713.232969532711,22.387030467288696
TR-044404,2025-10-08,Providence,Tulsa,Dry Van,1703.6,3441.81,3453.2420574023085,3226.698923026999,215.11107697300076
TR-044406,2025-10-08,Kansas City,Albuquerque,Dry Van,1234.9,2584.59,2568.228870580406,2604.0786011206515,-19.48860112065131
TR-044401,2025-10-08,Fort Wayne,Mobile,Dry Van,796.9,1719.59,1724.613624035424,1749.0520810982744,-29.46208109827444
TR-044407,2025-10-08,El Paso,Richmond,Dry Van,2156.1,3962.36,4149.318446936164,3312.138197838595,650.2218021614053
TR-044408,2025-10-08,Houston,Providence,Dry Van,1736.7,3502.63,3530.23837008369,3442.9301931910863,59.69980680891376
TR-044409,2025-10-08,Little Rock,Cincinnati,Reefer,439.3,1196.54,1151.4266388097933,1248.2695869098093,-51.72958690980931
TR-044410,2025-10-08,Indianapolis,Amarillo,Reefer,1097.7,2670.34,2597.387346101729,2594.6642891838073,75.6757108161928
TR-044411,2025-10-08,Mobile,Syracuse,Reefer,1145.9,2641.96,2663.0051543315567,2611.9970198155947,29.962980184405296
TR-044412,2025-10-08,Richmond,Harrisburg,Reefer,182.1,515.65,573.1692905282675,529.6726155423353,-14.022615542335302
TR-044384,2025-10-08,Milwaukee,Mobile,Reefer,664.8,1700.19,1579.7101351875126,1665.589885716255,34.60011428374514
TR-044414,2025-10-08,Memphis,Atlanta,Dry Van,242.4,2281.75,630.1271595197986,633.0787435458969,1648.671256454103
TR-044415,2025-10-08,Lexington,Grand Rapids,Flatbed,549.4,1264.02,1318.214058201556,1351.3460724955453,-87.3260724955453
TR-044413,2025-10-08,Lubbock,Mobile,Reefer,837.5,2047.8,1925.666761764288,2080.6330963914866,-32.833096391486606
TR-044417,2025-10-08,El Paso,Indianapolis,Dry Van,1473.1,3093.95,3124.860808561849,2515.557470199744,578.3925298002559
TR-044418,2025-10-08,Madison,Charleston,Flatbed,894.5,1945.36,2002.7608707639592,1986.9637671360454,-41.60376713604546
TR-044419,2025-10-08,Columbia,Tampa,Dry Van,598.6,1324.61,1344.6139628153733,1393.4955270380817,-68.88552703808182
TR-044420,2025-10-08,Cincinnati,Lexington,Dry Van,127.3,350.21,445.89043229237177,345.85644739555283,4.353552604447145
TR-044421,2025-10-08,Philadelphia,Cincinnati,Dry Van,911.6,1777.07,1859.130027400965,1941.300688337538,-164.23068833753814
TR-044422,2025-10-08,Nashville,Lexington,Dry Van,248.1,596.8,658.3955043330504,616.258144888203,-19.458144888203037
TR-044423,2025-10-08,Montgomery,Raleigh,Dry Van,679.7,4747.88,1468.83094990854,1748.8751060293623,2999.0048939706376
TR-044343,2025-10-08,Atlanta,Fort Wayne,Dry Van,533.1,1216.74,1395.1970713052679,1416.69408174437,-199.9540817443699
TR-044416,2025-10-08,Raleigh,Tucson,Dry Van,2434.8,4584.93,4737.765709068918,4258.0571611178675,326.8728388821328
TR-044426,2025-10-09,Grand Rapids,Oklahoma City,Dry Van,1252.3,2542.03,2591.2914929810227,2985.5106416411077,-443.48064164110747
TR-044427,2025-10-09,Las Vegas,Philadelphia,Dry Van,2678.9,5016.11,5162.785021051155,6919.0147086022125,-1902.9047086022128
TR-044428,2025-10-09,Bakersfield,Fresno,Dry Van,238.3,599.05,616.3549964292499,627.8253297200142,-28.77532972001427
TR-044429,2025-10-09,Grand Rapids,Tucson,Reefer,1967.7,4113.37,4110.326942813368,4112.969416059593,0.4005839404071594
TR-044459,2025-10-09,Baton Rouge,Reno,Reefer,1835.5,4049.21,4048.1513846943253,3629.8026386376514,419.40736136234864
TR-044430,2025-10-09,Cincinnati,Philadelphia,Flatbed,942.2,2121.88,2111.861453249835,2169.3089540411074,-47.42895404110732
TR-044432,2025-10-09,Fort Wayne,Memphis,Flatbed,555.2,1313.69,1334.0213112923107,1381.7454395216528,-68.05543952165272
TR-044460,2025-10-09,Cincinnati,Shreveport,Reefer,530.0,1371.17,1305.6530071289642,1403.4258016316671,-32.255801631667055
TR-044434,2025-10-09,Harrisburg,Toledo,Dry Van,447.1,1021.86,1032.5576530682683,1018.0404297534851,3.8195702465148997
TR-044435,2025-10-09,Lubbock,Corpus Christi,Reefer,324.2,961.45,868.0870225557171,996.609499323251,-35.159499323251
TR-044436,2025-10-09,Shreveport,Raleigh,Dry Van,1022.9,2090.03,2111.5377484187384,2151.9433880755623,-61.913388075562125
TR-044437,2025-10-09,Albany,Savannah,Dry Van,1114.9,2211.15,2298.394839178919,2268.272120579885,-57.12212057988472
TR-044438,2025-10-09,Greensboro,Raleigh,Flatbed,363.6,911.78,946.0988675121225,937.1698304310564,-25.389830431056453
TR-044431,2025-10-09,Atlanta,Boston,Reefer,1126.9,2658.76,2605.614014533625,2521.6929109169755,137.0670890830247
TR-044425,2025-10-09,Amarillo,Baton Rouge,Dry Van,876.7,1880.05,1803.929271627649,1869.6117237070298,10.438276292970158
TR-044433,2025-10-09,Montgomery,Fort Wayne,Dry Van,825.7,1849.4,1913.1094877679402,1791.979184058552,57.420815941448154
TR-044424,2025-10-09,Lexington,San Antonio,Reefer,1078.9,2664.93,2532.5355678942838,2658.3234547218744,6.606545278125395
TR-044453,2025-10-09,Mobile,Baton Rouge,Dry Van,350.9,920.64,878.6563192593103,970.4914049394596,-49.8514049394596
TR-044439,2025-10-09,Los Angeles,New Orleans,Flatbed,1722.2,3852.58,3747.822032368127,3399.6904166451645,452.8895833548354
TR-044443,2025-10-09,Greensboro,Memphis,Dry Van,444.9,995.1,1018.6375775338852,1040.963506799196,-45.86350679919599
TR-044445,2025-10-09,Tampa,Reno,Reefer,2295.4,4782.28,4700.888285216263,4438.436100901795,343.84389909820493
TR-044446,2025-10-09,Greensboro,Buffalo,Dry Van,564.5,1266.91,1251.809236845053,1304.9588654705744,-38.048865470574356
TR-044447,2025-10-09,Raleigh,El Paso,Flatbed,2166.4,4404.31,4427.671722926497,4683.041920924549,-278.73192092454883
TR-044448,2025-10-09,Savannah,Reno,Dry Van,2458.0,4516.71,4565.803149170731,5496.255894513084,-979.545894513084
TR-044449,2025-10-09,Lubbock,Dallas,Dry Van,436.1,1119.61,1051.6339031693203,1081.1440432911443,38.46595670885563
TR-044450,2025-10-09,Baton Rouge,El Paso,Flatbed,1240.4,2617.72,2652.810137276159,2862.2199399818714,-244.49993998187165
TR-044500,2025-10-09,Bakersfield,Dallas,Reefer,1494.7,3519.69,3305.7493491783866,3962.986307551023,-443.2963075510229
TR-044451,2025-10-09,Dayton,Albany,Dry Van,977.5,1954.43,2007.7630983709564,2012.3488777777854,-57.91887777778538
TR-044454,2025-10-09,Fresno,Corpus Christi,Reefer,1715.8,3737.47,3713.86554834346,3655.178134839538,82.29186516046184
TR-044455,2025-10-09,Raleigh,El Paso,Dry Van,2177.2,4327.96,4296.279247023515,5546.493712586918,-1218.5337125869182
TR-044456,2025-10-09,Boston,Columbia,Reefer,977.7,2254.47,2300.956713030636,2291.4358328843336,-36.96583288433385
TR-044457,2025-10-09,Savannah,Madison,Dry Van,826.6,1795.99,1756.9352714596048,1795.0721397397454,0.9178602602546562
TR-044458,2025-10-09,Nashville,San Antonio,Dry Van,853.7,1922.84,1859.7406188936413,1935.8953149575073,-13.055314957507335
TR-044442,2025-10-09,Albany,Fresno,Flatbed,3087.5,5938.75,5970.716771787443,6657.841047289972,-719.0910472899723
TR-044440,2025-10-09,Boston,Tucson,Dry Van,2902.6,5332.05,5579.279787767645,4813.298412255753,518.7515877442474
TR-044452,2025-10-09,Indianapolis,Cincinnati,Dry Van,189.7,506.9,555.4002415403165,529.944440928797,-23.04444092879703
TR-044462,2025-10-09,Columbia,Dayton,Dry Van,467.8,1058.31,1068.9171089685003,1062.1385913064312,-3.8285913064312354
TR-044479,2025-10-09,Jacksonville,Mobile,Dry Van,278.4,707.53,712.2524752631427,678.7866738890131,28.743326110986914
TR-044484,2025-10-09,Nashville,Raleigh,Reefer,716.8,1643.75,1613.2680909247263,1770.5611233478596,-126.81112334785962
TR-044465,2025-10-09,Fort Wayne,Lexington,Dry Van,358.4,816.77,895.1801195559817,842.2707264923669,-25.50072649236688
TR-044466,2025-10-09,Columbia,Buffalo,Reefer,654.4,1573.0,1566.4785891693768,1572.1232538431518,0.8767461568481849
TR-044467,2025-10-09,Raleigh,Syracuse,Dry Van,614.4,1260.89,1335.1214790969834,1277.2579472045552,-16.367947204555094
TR-044468,2025-10-09,Boston,Mobile,Dry Van,1405.6,2916.35,2986.484692628041,2885.815844743487,30.534155256512804
TR-044469,2025-10-09,Los Angeles,Phoenix,Dry Van,77.5,223.86,442.2393471082589,222.14590291796165,1.7140970820383643
TR-044470,2025-10-09,Lexington,New York,Flatbed,759.6,1777.76,1752.168483444395,1801.0432540715462,-23.283254071546253
TR-044471,2025-10-09,Syracuse,Reno,Dry Van,2534.4,4774.04,4876.498729946732,5432.672504241879,-658.6325042418794
TR-044464,2025-10-09,Richmond,Houston,Reefer,1343.5,3037.14,3023.0407130690114,3188.480427876058,-151.34042787605813
TR-044473,2025-10-09,Syracuse,Jacksonville,Reefer,1004.8,2413.73,2385.456510673981,2372.9692180638554,40.76078193614467
TR-044474,2025-10-09,Hartford,Corpus Christi,Dry Van,1797.4,3383.17,3612.3730245870966,3447.1288053512626,-63.95880535126253
TR-044475,2025-10-09,Corpus Christi,Oklahoma City,Reefer,348.9,1029.53,988.6854168669038,1068.4492526278862,-38.91925262788618
TR-044476,2025-10-09,Dayton,Jacksonville,Reefer,664.9,1550.3,1540.6275052408914,1667.7576760126076,-117.45767601260764
TR-044477,2025-10-09,Shreveport,Savannah,Dry Van,696.8,1544.43,1465.467788150495,1527.4450263680985,16.98497363190154
TR-044478,2025-10-09,Columbia,Tucson,Dry Van,2079.5,4135.5,4179.543533976526,3733.514810933949,401.98518906605113
TR-044472,2025-10-09,Bakersfield,Kansas City,Dry Van,1716.1,3423.01,3568.4042678501196,3361.218193426774,61.79180657322604
TR-044480,2025-10-09,Reno,Fort Wayne,Flatbed,2059.1,4078.06,4470.559860115329,5358.853225673592,-1280.7932256735917
TR-044463,2025-10-09,Montgomery,Grand Rapids,Dry Van,997.8,2054.89,2075.2036257246878,2098.336013098649,-43.44601309864902
TR-044444,2025-10-09,Lexington,San Francisco,Dry Van,2326.7,4275.91,4460.483193733917,4010.2787382993506,265.63126170064925
TR-044488,2025-10-09,Hartford,Detroit,Reefer,781.4,1834.67,1823.6212433258352,1817.8537916234282,16.81620837657192
TR-044485,2025-10-09,Oklahoma City,Dallas,Flatbed,282.8,811.54,842.0952963431853,865.9744971749132,-54.43449717491319
TR-044486,2025-10-09,Kansas City,Cincinnati,Dry Van,355.2,802.51,841.2394945506751,839.761710214202,-37.251710214202035
TR-044487,2025-10-09,Milwaukee,Albany,Dry Van,1074.1,2089.95,2180.557884537213,2221.0855325113994,-131.13553251139956
TR-044489,2025-10-09,Bakersfield,Los Angeles,Dry Van,386.0,841.52,894.9363763936155,981.3575286203949,-139.8375286203949
TR-044490,2025-10-09,Los Angeles,Indianapolis,Dry Van,2012.5,3969.29,4091.2452148738203,3702.3632207625806,266.9267792374194
TR-044482,2025-10-09,Nashville,Albuquerque,Dry Van,1416.3,2973.63,3034.00757853919,2799.786049268264,173.8439507317362
TR-044491,2025-10-09,Greensboro,Shreveport,Dry Van,705.5,1521.83,1465.4733716690776,1483.7118178712976,38.1181821287023
TR-044483,2025-10-09,Tulsa,Greensboro,Dry Van,872.6,1956.4,1815.7813597865809,2152.9355996801046,-196.5355996801045
TR-044493,2025-10-09,Madison,Philadelphia,Dry Van,1059.5,2195.41,2246.6276426583395,2267.150824650922,-71.74082465092215
TR-044495,2025-10-09,Grand Rapids,Milwaukee,Flatbed,359.8,905.33,908.0120573905187,939.6628042392823,-34.33280423928227
TR-044496,2025-10-09,Fresno,Los Angeles,Reefer,441.7,1125.21,1141.941702201025,1141.0230423664104,-15.8130423664104
TR-044497,2025-10-09,Los Angeles,Hartford,Reefer,3061.6,6610.87,6253.034661849028,8574.531915531321,-1963.661915531321
TR-044461,2025-10-09,Phoenix,Baltimore,Dry Van,3033.0,5791.84,5727.5881536663455,7597.348846284188,-1805.5088462841877
TR-044498,2025-10-09,Nashville,Albuquerque,Dry Van,1427.1,2958.24,3075.973614823186,2784.884536650205,173.35546334979472
TR-044492,2025-10-09,Boston,Hartford,Dry Van,186.7,464.23,508.2664201122964,478.2830647117921,-14.053064711792103
TR-044481,2025-10-09,Austin,Memphis,Dry Van,875.4,1955.55,1960.2213728453366,1984.4084621722977,-28.858462172297777
TR-044494,2025-10-09,Boston,Toledo,Dry Van,954.8,1962.57,2019.055544252264,2025.5635382692851,-62.99353826928518
TR-044499,2025-10-09,Richmond,Bakersfield,Reefer,2652.5,5686.14,5421.131157873375,4735.389239546369,950.7507604536313
TR-044441,2025-10-09,Kansas City,Mobile,Reefer,662.6,1585.9,1556.825576467346,1666.8008687165836,-80.90086871658355
TR-044501,2025-10-09,Toledo,Tucson,Dry Van,2059.8,3828.39,3991.638166620927,3540.7804183538483,287.6095816461516
TR-044504,2025-10-09,Cincinnati,Memphis,Reefer,235.9,656.59,683.0482259615096,722.3951144350692,-65.80511443506919
TR-044505,2025-10-09,Greensboro,Memphis,Dry Van,467.8,1044.29,1063.6434487654835,1043.7119419264416,0.5780580735583953
TR-044506,2025-10-09,Shreveport,Albuquerque,Flatbed,1190.1,2611.99,2610.1311592016364,2922.012395187187,-310.02239518718716
TR-044507,2025-10-09,Tampa,El Paso,Reefer,1680.5,3806.22,3830.6253840329305,2815.4493132600446,990.7706867399552
TR-044508,2025-10-09,Nashville,Toledo,Reefer,581.0,1457.28,1500.441994672243,1512.9285147646842,-55.64851476468425
TR-044509,2025-10-09,Houston,Lubbock,Flatbed,368.1,973.83,964.3357430626227,1007.6174305700011,-33.787430570001106
TR-044520,2025-10-09,Atlanta,Dallas,Reefer,611.0,1571.77,1517.8080688865507,1604.4040276736557,-32.63402767365574
TR-044538,2025-10-09,Fort Wayne,Madison,Dry Van,285.2,665.88,692.3651401420818,745.1210364854799,-79.24103648547987
TR-044510,2025-10-09,Fort Wayne,Montgomery,Reefer,831.4,1926.36,1876.8722615007387,1938.0339704022647,-11.673970402264786
TR-044513,2025-10-09,Tampa,Savannah,Dry Van,546.0,1241.75,1296.1345562678341,1273.0384204099914,-31.28842040999143
TR-044514,2025-10-09,Tucson,Baltimore,Dry Van,2763.2,5053.13,5097.260262270329,7020.593043734168,-1967.4630437341675
TR-044515,2025-10-09,Albany,New York,Flatbed,383.6,958.28,917.1587364714499,952.7024151098545,5.577584890145431
TR-044516,2025-10-09,Chattanooga,Charleston,Dry Van,512.3,1203.76,1235.0014208009504,1206.0426192275238,-2.28261922752381
TR-044517,2025-10-09,Chattanooga,Providence,Dry Van,1147.3,2237.63,2364.5861733989072,2389.731918993717,-152.10191899371694
TR-044518,2025-10-09,Montgomery,Charleston,Dry Van,512.4,1117.48,1154.7118083855837,1157.7149964871703,-40.23499648717029
TR-044511,2025-10-09,Shreveport,Cincinnati,Reefer,548.2,1431.35,1376.9764911971643,1635.206026340277,-203.85602634027714
TR-044512,2025-10-09,Oklahoma City,Montgomery,Flatbed,869.2,2149.17,2015.9222527136858,2156.2810958252644,-7.111095825264329
TR-044539,2025-10-09,Little Rock,Kansas City,Dry Van,407.1,942.96,984.9074225474594,995.7103557632671,-52.750355763267066
TR-044519,2025-10-09,Los Angeles,Baton Rouge,Flatbed,1696.1,3466.55,3615.1515088356755,3428.0035853266845,38.54641467331567
TR-044521,2025-10-09,Nashville,Richmond,Reefer,778.6,1901.84,1829.918834795294,1943.335393567254,-41.49539356725404
TR-044564,2025-10-09,Detroit,Mobile,Flatbed,1021.1,2283.31,2312.4908138453907,2356.8067854038964,-73.49678540389641
TR-044522,2025-10-09,Madison,San Antonio,Reefer,1135.0,2504.88,2514.557902249722,2510.063380904022,-5.18338090402176
TR-044523,2025-10-09,Baltimore,Boston,Flatbed,223.0,611.91,689.0290430875762,617.392633282627,-5.4826332826270345
TR-044524,2025-10-09,Tampa,Mobile,Dry Van,310.0,2940.49,775.8896838647074,744.6532339935859,2195.836766006414
TR-044525,2025-10-09,Tucson,Toledo,Dry Van,2016.7,3704.53,3983.6065819668247,3419.730096419596,284.79990358040413
TR-044526,2025-10-09,Charleston,Harrisburg,Dry Van,476.7,1095.83,1117.6487815129467,1173.4506862852363,-77.62068628523639
TR-044528,2025-10-09,Buffalo,Kansas City,Dry Van,792.5,1701.51,1724.4378632330727,1726.8849763194341,-25.374976319434154
TR-044503,2025-10-09,Columbia,Shreveport,Dry Van,650.2,5511.27,1393.775603308438,1457.3221843964789,4053.9478156035216
TR-044537,2025-10-09,Madison,Mobile,Dry Van,820.8,1639.77,1718.9527904513745,1824.8345252954691,-185.06452529546914
TR-044531,2025-10-09,Lexington,Fresno,Flatbed,2254.9,4501.42,4512.380848848893,5468.2891339800735,-966.8691339800735
TR-044532,2025-10-09,El Paso,Raleigh,Reefer,2194.2,4628.73,4567.718841781281,5869.888584208052,-1241.1585842080522
TR-044533,2025-10-09,Fresno,Mobile,Reefer,2205.7,5069.63,4600.954329454596,5462.610132802099,-392.9801328020985
TR-044534,2025-10-09,Los Angeles,New Orleans,Flatbed,1730.1,3540.21,3656.705147296666,3516.160726917738,24.04927308226206
TR-044535,2025-10-09,Oklahoma City,Boston,Dry Van,2012.3,3957.89,4064.01121425045,4340.625745552409,-382.7357455524093
TR-044536,2025-10-09,Atlanta,Phoenix,Dry Van,2082.8,3939.62,4039.3354546650185,4765.4682973025865,-825.8482973025866
TR-044529,2025-10-09,Philadelphia,Tucson,Reefer,2673.7,5687.25,5590.601087136429,7198.52679529096,-1511.2767952909599
TR-044530,2025-10-09,Reno,Syracuse,Reefer,2471.1,4901.87,5241.144406042006,4218.737153323541,683.1328466764589
TR-044558,2025-10-09,Montgomery,Atlanta,Reefer,312.9,856.91,835.4248101312669,880.5466685430582,-23.63666854305825
TR-044527,2025-10-09,Tucson,Greensboro,Dry Van,2073.2,4016.71,4162.893680120589,3774.9526305382774,241.75736946172265
TR-044563,2025-10-09,Charleston,Boston,Dry Van,791.4,1556.42,1682.4082141993445,1737.5069935664612,-181.08699356646116
TR-044544,2025-10-09,Albany,Oklahoma City,Dry Van,1982.6,3757.74,3926.2412604544206,3916.2816545997316,-158.54165459973183
TR-044545,2025-10-09,Shreveport,Cincinnati,Dry Van,525.2,1152.84,1216.3560765215145,1292.4403690980294,-139.60036909802943
TR-044546,2025-10-09,Nashville,Corpus Christi,Dry Van,775.1,1789.11,1703.2538220809115,1764.9372360352227,24.172763964777232
TR-044547,2025-10-09,Tulsa,Oklahoma City,Dry Van,285.1,742.74,773.7471879992215,855.8881741484222,-113.14817414842219
TR-044548,2025-10-09,Tucson,Bakersfield,Dry Van,314.6,794.34,819.1425139088528,824.3579766342604,-30.01797663426032
TR-044540,2025-10-09,Phoenix,San Antonio,Dry Van,1270.4,2603.65,2576.0071550662506,2677.0690128620795,-73.4190128620794
TR-044549,2025-10-09,Harrisburg,Jacksonville,Dry Van,776.3,1612.45,1650.2863572038768,1604.0776586560253,8.372341343974767
TR-044551,2025-10-09,Madison,Richmond,Dry Van,880.1,1769.34,1818.641561712182,1797.386292150203,-28.046292150203044
TR-044552,2025-10-09,Tucson,Amarillo,Dry Van,641.8,1423.71,1404.5041862714443,1465.647874159636,-41.93787415963607
TR-044553,2025-10-09,Memphis,Corpus Christi,Dry Van,711.4,1653.45,1523.635651147339,1728.0882220163433,-74.6382220163432
TR-044554,2025-10-09,Mobile,Detroit,Dry Van,988.9,2008.89,2099.4440216557896,2081.8967069648706,-73.00670696487055
TR-044555,2025-10-09,Baton Rouge,San Antonio,Dry Van,439.5,1077.79,1036.7610427754303,1089.9853472282498,-12.19534722824983
TR-044556,2025-10-09,Milwaukee,Greensboro,Dry Van,455.6,367.67,1065.3974201045794,1041.405853076429,-673.7358530764288
TR-044557,2025-10-09,Corpus Christi,Lubbock,Flatbed,322.1,874.67,822.6049917533273,906.6852570873302,-32.01525708733027
TR-044541,2025-10-09,Syracuse,Chattanooga,Reefer,896.3,2071.76,2099.855570213806,2161.5112168157125,-89.75121681571227
TR-044543,2025-10-09,Los Angeles,Columbia,Dry Van,2308.3,4241.74,4599.483000347277,4148.9502380507765,92.78976194922325
TR-044542,2025-10-09,Lexington,Dallas,Dry Van,746.9,1691.61,1621.3729054034548,1898.3771919549383,-206.76719195493843
TR-044550,2025-10-09,Milwaukee,Phoenix,Flatbed,2025.9,4242.66,4214.225122751658,5227.658030490473,-984.998030490473
TR-044560,2025-10-09,Little Rock,Kansas City,Dry Van,431.3,1059.7,1027.4021948897644,1032.297455647176,27.402544352823952
TR-044559,2025-10-09,Phoenix,Raleigh,Flatbed,2724.0,5584.9,5485.868238021261,5157.230637188837,427.6693628111625
TR-044565,2025-10-09,Kansas City,Shreveport,Reefer,560.4,1484.72,1419.446846253222,1503.3270076012802,-18.607007601280202
TR-044566,2025-10-09,Charleston,Cincinnati,Flatbed,519.5,1264.57,1316.3908314874034,1316.9838833055767,-52.413883305576746
TR-044567,2025-10-09,Boston,Milwaukee,Dry Van,1154.0,2415.68,2460.070977629498,2443.03162552061,-27.351625520610014
TR-044568,2025-10-09,Toledo,Fort Wayne,Dry Van,82.8,231.71,443.1536315433384,225.94282278516133,5.767177214838682
TR-044569,2025-10-09,Corpus Christi,Syracuse,Dry Van,1751.0,3521.35,3593.444320187554,4269.4092450019925,-748.0592450019926
TR-044571,2025-10-09,Chattanooga,Atlanta,Reefer,83.1,282.04,523.1227133544785,306.6520492462749,-24.612049246274864
TR-044572,2025-10-09,Buffalo,Green Bay,Dry Van,581.0,1163.86,1254.5510868956562,1242.362545018249,-78.50254501824907
TR-044570,2025-10-09,Hartford,Memphis,Dry Van,1156.8,2405.13,2446.3420496049816,2405.479730367537,-0.34973036753672204
TR-044574,2025-10-09,Syracuse,Corpus Christi,Dry Van,1689.3,3348.58,3449.6121264347985,3155.246987265062,193.3330127349377
TR-044575,2025-10-09,Jacksonville,Montgomery,Dry Van,140.5,396.7,469.20773285592804,388.9434799214668,7.756520078533185
TR-044576,2025-10-09,Bakersfield,Birmingham,Flatbed,2060.7,4226.48,4224.687151799466,3939.7249403297064,286.7550596702931
TR-044502,2025-10-09,San Francisco,Milwaukee,Dry Van,2162.5,4282.29,4239.457332095425,4015.0953727936444,267.19462720635556
TR-044562,2025-10-09,Toledo,Baltimore,Dry Van,836.5,1776.94,1703.164283912895,1781.4423133722682,-4.5023133722681905
TR-044561,2025-10-09,Amarillo,San Francisco,Reefer,1189.9,2781.77,2748.731395442039,2736.4992413584046,45.27075864159542
TR-044577,2025-10-09,Corpus Christi,Mobile,Dry Van,611.8,1415.91,1386.1917963961366,1410.4360640057328,5.473935994267322
TR-044573,2025-10-09,Dallas,St. Louis,Dry Van,626.7,1445.85,1397.9321263696747,1502.1648650507977,-56.314865050797835
TR-044584,2025-10-10,Raleigh,New York,Dry Van,451.0,1028.21,1054.5418458378415,1030.3893771775972,-2.179377177597189
TR-044580,2025-10-10,El Paso,Lubbock,Dry Van,793.1,1853.27,1742.2575313498196,1859.1689871385292,-5.8989871385292645
TR-044581,2025-10-10,Louisville,Toledo,Reefer,436.0,1128.32,1132.252349934108,1169.3914847922665,-41.071484792266574
TR-044582,2025-10-10,Louisville,Philadelphia,Dry Van,925.9,1898.58,1993.289185844072,2004.4102434306392,-105.83024343063926
TR-044583,2025-10-10,St. Louis,Bakersfield,Dry Van,1794.9,3378.19,3562.0687398710897,3233.239028940546,144.95097105945388
TR-044585,2025-10-10,Shreveport,Atlanta,Reefer,450.8,1244.46,1199.065677807278,1276.8727012526128,-32.412701252612806
TR-044593,2025-10-10,Hartford,Albany,Dry Van,368.8,789.41,863.5887139947815,846.1889665426567,-56.77896654265669
TR-044587,2025-10-10,Tampa,Albuquerque,Flatbed,1694.8,3759.04,3693.8885112316243,3555.753391357097,203.28660864290305
TR-044588,2025-10-10,New Orleans,Richmond,Dry Van,1126.9,2435.89,2402.964860769724,2470.5255470000984,-34.63554700009854
TR-044589,2025-10-10,Lubbock,Los Angeles,Dry Van,1160.7,2421.18,2393.3667586189877,2435.5592804221114,-14.379280422111606
TR-044590,2025-10-10,Las Vegas,Chattanooga,Reefer,1889.9,4254.93,4080.835579004988,5581.662335015956,-1326.7323350159559
TR-044591,2025-10-10,Chattanooga,New York,Dry Van,956.9,2033.38,2064.9220817521073,2077.5497554515764,-44.16975545157629
TR-044592,2025-10-10,Albany,Buffalo,Dry Van,476.1,993.54,1086.5152405194754,1023.4791667413124,-29.93916674131242
TR-044578,2025-10-10,Los Angeles,Syracuse,Reefer,2821.2,5360.52,5733.824620934998,6337.286085831113,-976.7660858311128
TR-044595,2025-10-10,Los Angeles,Montgomery,Flatbed,2164.4,4589.65,4430.363786875465,4232.136907664613,357.5130923353863
TR-044586,2025-10-10,Shreveport,Grand Rapids,Reefer,975.1,2302.46,2237.6574768769506,2337.2400783053563,-34.780078305356255
TR-044594,2025-10-10,Tulsa,Toledo,Reefer,939.1,2242.33,2180.1486643320804,2216.3880857486406,25.94191425135932
TR-044608,2025-10-10,Philadelphia,Nashville,Dry Van,1031.6,1984.11,2117.8505342133903,2126.857930806341,-142.74793080634095
TR-044613,2025-10-10,Syracuse,New Orleans,Dry Van,1295.1,2527.85,2544.511983382244,2539.4623462826416,-11.612346282641738
TR-044598,2025-10-10,Green Bay,Philadelphia,Reefer,951.6,2174.63,2176.5702051626204,2133.093422698956,41.53657730104396
TR-044614,2025-10-10,Tampa,Mobile,Reefer,307.6,2094.59,890.8508875056013,927.1473643626084,1167.4426356373917
TR-044599,2025-10-10,Grand Rapids,Baton Rouge,Dry Van,1136.1,2343.86,2424.8909716544326,2482.182554822001,-138.3225548220007
TR-044600,2025-10-10,Fresno,Fort Wayne,Dry Van,2294.4,4335.83,4457.711528547155,4714.814892159396,-378.9848921593957
TR-044601,2025-10-10,Salt Lake City,Green Bay,Reefer,1737.0,3522.2,3696.455306114611,2531.209606331072,990.9903936689279
TR-044602,2025-10-10,Bakersfield,San Francisco,Dry Van,388.0,915.66,907.6117905091628,901.2192651506866,14.440734849313344
TR-044603,2025-10-10,Shreveport,Washington,Reefer,1134.6,2507.38,2540.7088526986536,2566.7839601621076,-59.40396016210752
TR-044596,2025-10-10,Tulsa,New York,Reefer,1475.2,3217.79,3244.580364480933,8663.68387187277,-5445.89387187277
TR-044604,2025-10-10,Oklahoma City,Baltimore,Flatbed,1791.8,3614.88,3831.020407373503,4488.794867464762,-873.9148674647622
TR-044606,2025-10-10,San Francisco,Charleston,Flatbed,2752.5,5539.54,5450.910957252439,5303.373482238505,236.16651776149502
TR-044607,2025-10-10,Reno,Grand Rapids,Dry Van,1985.6,3574.14,3839.2696592617876,3507.9754808525463,66.16451914745357
TR-044609,2025-10-10,Buffalo,Amarillo,Reefer,1787.3,4085.99,3922.1524733201586,4863.591570551846,-777.6015705518466
TR-044630,2025-10-10,Corpus Christi,New York,Dry Van,1702.5,3500.41,3448.8592733603664,3236.990966298849,263.41903370115097
TR-044611,2025-10-10,Los Angeles,Memphis,Dry Van,1979.1,3692.86,3905.2988536032735,3857.513970895304,-164.6539708953037
TR-044612,2025-10-10,New Orleans,Phoenix,Reefer,1625.9,3564.26,3554.6909095117617,3126.6075625149165,437.65243748508374
TR-044597,2025-10-10,Corpus Christi,Detroit,Dry Van,1403.3,2864.16,2985.23556498174,2901.5756206348256,-37.4156206348257
TR-044605,2025-10-10,Kansas City,Tampa,Flatbed,941.5,2154.79,2182.2612183632045,2226.9783657008074,-72.18836570080748
TR-044579,2025-10-10,Montgomery,New York,Flatbed,1061.4,2275.93,2404.8047958112275,2388.0301130173025,-112.10011301730265
TR-044645,2025-10-10,Cincinnati,Syracuse,Dry Van,769.4,1590.39,1633.091966739073,1608.0392804734813,-17.649280473481213
TR-044637,2025-10-10,Toledo,Detroit,Dry Van,153.4,379.54,453.00274798203486,408.0509741735482,-28.510974173548163
TR-044620,2025-10-10,Nashville,Reno,Flatbed,2026.0,4118.68,4276.097190388967,5119.645943352228,-1000.9659433522274
TR-044621,2025-10-10,Lexington,Bakersfield,Flatbed,2051.9,4176.34,4226.0714337138015,4490.67989767348,-314.33989767347975
TR-044622,2025-10-10,Tampa,Toledo,Dry Van,1074.6,2062.28,2224.088115790327,2260.6423688422306,-198.36236884223035
TR-044623,2025-10-10,Tampa,Lexington,Reefer,730.3,1806.72,1736.0201063404743,1892.5986208164454,-85.87862081644539
TR-044624,2025-10-10,Fresno,Buffalo,Dry Van,2708.6,4782.29,4867.796878484184,5761.251193091445,-978.9611930914452
TR-044618,2025-10-10,Atlanta,Tucson,Reefer,1829.1,3893.83,3926.4361888906524,4245.0916196749695,-351.26161967496955
TR-044626,2025-10-10,Greensboro,Kansas City,Reefer,611.3,1562.83,1531.019063717761,1532.690041055373,30.13995894462687
TR-044632,2025-10-10,Hartford,Tucson,Flatbed,2797.9,5899.4,5602.9084356929025,5377.356493523728,522.0435064762714
TR-044625,2025-10-10,Atlanta,Richmond,Dry Van,681.8,1473.33,1468.23768615566,1507.8494820245808,-34.51948202458084
TR-044631,2025-10-10,Birmingham,Buffalo,Dry Van,823.1,1738.92,1783.251809626544,1814.5988412648003,-75.67884126480021
TR-044617,2025-10-10,Tampa,Los Angeles,Dry Van,2161.9,4045.17,4044.3606376516855,4994.42674218379,-949.2567421837903
TR-044629,2025-10-10,Bakersfield,Green Bay,Flatbed,2011.1,4088.24,4232.491816959193,4149.433610883355,-61.19361088335518
TR-044628,2025-10-10,Reno,Baton Rouge,Reefer,1820.1,3836.59,3918.1387323880344,3599.7737324032587,236.81626759674145
TR-044627,2025-10-10,Hartford,Grand Rapids,Reefer,919.7,2032.95,2044.7580489469046,2057.6327335877872,-24.682733587787197
TR-044652,2025-10-10,Baton Rouge,Lubbock,Dry Van,517.5,1283.49,1229.2548226174563,1271.049360655236,12.440639344764122
TR-044619,2025-10-10,Milwaukee,Montgomery,Flatbed,689.3,1653.38,1605.528269201207,1838.9772761039505,-185.59727610395043
TR-044634,2025-10-10,Bakersfield,Toledo,Reefer,2106.5,4594.27,4426.7188022263335,3396.5346137175407,1197.7353862824598
TR-044633,2025-10-10,Hartford,Lubbock,Flatbed,1980.2,4160.02,4033.2388806130175,3839.9585805498614,320.06141945013906
TR-044653,2025-10-10,Shreveport,Lexington,Dry Van,615.0,1327.27,1354.2695380045961,1344.463465228684,-17.19346522868409
TR-044638,2025-10-10,Tampa,Baton Rouge,Flatbed,457.6,1199.69,1146.9255940674284,1190.4589167530555,9.231083246944536
TR-044639,2025-10-10,Cincinnati,Corpus Christi,Dry Van,968.9,2093.43,2074.5635796734778,2077.9226766476727,15.507323352327148
TR-044640,2025-10-10,Providence,El Paso,Reefer,2692.2,5694.27,5317.443698622565,4695.644540285707,998.6254597142934
TR-044641,2025-10-10,Los Angeles,Memphis,Flatbed,1887.2,3828.99,4020.6908239028585,3925.266210189134,-96.27621018913442
TR-044642,2025-10-10,Kansas City,Phoenix,Reefer,1829.7,3758.85,3931.2545782615,4449.85380134124,-691.00380134124
TR-044643,2025-10-10,Fresno,Washington,Flatbed,2821.0,5681.14,5637.743954688877,5434.350429575368,246.78957042463207
TR-044636,2025-10-10,Houston,Buffalo,Dry Van,1401.6,2855.05,2945.5121448938608,2720.713405352941,134.33659464705897
TR-044616,2025-10-10,Jacksonville,Austin,Dry Van,1060.8,2194.61,2211.5847477597904,2295.837779973082,-101.22777997308185
TR-044644,2025-10-10,Milwaukee,Grand Rapids,Dry Van,347.8,803.07,829.7555252318789,806.7968053176123,-3.726805317612275
TR-044647,2025-10-10,Buffalo,Los Angeles,Dry Van,2672.2,4761.97,4794.47567125818,4376.352659113359,385.6173408866416
TR-044648,2025-10-10,Hartford,Tampa,Flatbed,1316.7,2890.9,2819.703808440353,2924.1274723168094,-33.227472316809326
TR-044649,2025-10-10,Little Rock,Baton Rouge,Reefer,324.1,866.98,836.4801872638525,889.2309517927212,-22.25095179272114
TR-044650,2025-10-10,Indianapolis,Providence,Dry Van,1265.9,2545.24,2522.1150777840203,2629.852519726674,-84.61251972667424
TR-044651,2025-10-10,Columbia,Oklahoma City,Reefer,1042.9,2601.44,2446.3011692185955,2601.919282353402,-0.47928235340214087
TR-044615,2025-10-10,Indianapolis,Tulsa,Dry Van,540.2,1264.94,1303.963028814332,1310.7474525654636,-45.807452565463564
TR-044635,2025-10-10,Buffalo,Fort Wayne,Flatbed,431.3,960.78,1197.453175701178,1115.0692877570666,-154.28928775706663
TR-044646,2025-10-10,Amarillo,Charleston,Dry Van,1708.9,3398.84,3449.615740580527,3337.1611036893155,61.67889631068465
TR-044726,2025-10-10,Montgomery,Madison,Dry Van,861.2,1835.97,1876.6823403368148,1856.1908311651048,-20.220831165104755
TR-044610,2025-10-10,El Paso,Tampa,Dry Van,1650.0,3224.7,3304.4454746543192,3211.2317177224604,13.468282277539402
TR-044703,2025-10-10,Houston,Corpus Christi,Reefer,201.7,610.44,663.6668338126426,624.4854672368208,-14.045467236820741
TR-044691,2025-10-10,Fort Wayne,Houston,Flatbed,1064.8,2357.78,2323.6889470255096,2437.2080295370624,-79.42802953706223
TR-044657,2025-10-10,St. Louis,Atlanta,Dry Van,383.0,906.37,907.191876660017,880.6534839758154,25.716516024184557
TR-044658,2025-10-10,El Paso,Memphis,Dry Van,1376.4,2636.13,2858.5246071694596,2826.3753437949463,-190.24534379494617
TR-044659,2025-10-10,Nashville,Baton Rouge,Dry Van,500.7,1146.59,1431.3579939252647,1506.41872321487,-359.82872321487
TR-044660,2025-10-10,Charleston,Tampa,Dry Van,672.6,1430.83,1449.9917290381002,1442.8584163854407,-12.028416385440778
TR-044661,2025-10-10,San Antonio,Dayton,Dry Van,1189.8,2381.74,2420.0110359098167,2463.723636814497,-81.983636814497
TR-044662,2025-10-10,Savannah,Syracuse,Flatbed,821.5,1862.97,1870.743299869992,1880.4495495933547,-17.479549593354704
TR-044673,2025-10-10,Richmond,Oklahoma City,Dry Van,1540.1,3052.02,3182.940065107232,3055.9023414431504,-3.8823414431503807
TR-044663,2025-10-10,Columbia,Charleston,Dry Van,246.4,634.08,668.1575330798814,628.256030046819,5.823969953181063
TR-044665,2025-10-10,Corpus Christi,El Paso,Flatbed,1094.2,2343.09,2493.2538267827895,2563.091730730595,-220.00173073059477
TR-044666,2025-10-10,Mobile,Shreveport,Dry Van,292.3,770.02,803.4861328187733,781.3202897009908,-11.300289700990788
TR-044667,2025-10-10,Baton Rouge,Nashville,Dry Van,514.2,1180.98,1215.7642897706908,1144.5433500685283,36.43664993147172
TR-044668,2025-10-10,San Antonio,Columbia,Dry Van,1140.1,2260.68,2343.6302135902174,2373.325253865232,-112.64525386523201
TR-044669,2025-10-10,Albuquerque,Montgomery,Reefer,1627.4,3613.73,3614.573980344418,4641.193848029534,-1027.463848029534
TR-044670,2025-10-10,Columbia,Buffalo,Dry Van,656.4,1431.42,1441.9751096956138,1472.321787887547,-40.901787887547016
TR-044672,2025-10-10,Lubbock,Reno,Dry Van,1475.4,2740.91,2969.9836934596583,3644.950574787462,-904.040574787462
TR-044656,2025-10-10,Nashville,Indianapolis,Reefer,272.9,798.7,804.5261407974333,826.4404017935796,-27.740401793579508
TR-044674,2025-10-10,Oklahoma City,Baltimore,Dry Van,1781.8,3638.92,3618.049408269704,4947.674670547388,-1308.7546705473878
TR-044683,2025-10-10,Shreveport,Albuquerque,Reefer,1177.8,2737.93,2755.818166966861,2775.504911262663,-37.574911262663136
TR-044654,2025-10-10,Birmingham,Lubbock,Flatbed,952.6,2213.71,2222.661716600317,2345.5939719255266,-131.88397192552657
TR-044676,2025-10-10,Richmond,Tucson,Reefer,2440.1,5148.13,5034.167319416205,6833.155120926865,-1685.0251209268645
TR-044677,2025-10-10,Albany,Los Angeles,Reefer,3094.1,6336.16,6207.342170097985,5832.805172764703,503.3548272352973
TR-044678,2025-10-10,Montgomery,Raleigh,Dry Van,692.6,1505.85,1422.0347583019004,1706.9449804354122,-201.09498043541225
TR-044679,2025-10-10,Grand Rapids,Oklahoma City,Dry Van,1237.2,2540.67,2551.9456158918238,2935.6629198503447,-394.9929198503446
TR-044680,2025-10-10,Columbia,Toledo,Dry Van,627.3,1331.84,1310.24358039566,1397.2597716248415,-65.41977162484159
TR-044681,2025-10-10,Greensboro,Green Bay,Dry Van,750.3,1633.71,1634.7886010267925,1608.2117862386995,25.498213761300576
TR-044671,2025-10-10,Tampa,Baton Rouge,Dry Van,444.7,200.31,1033.5957459353592,1060.397232475286,-860.0872324752861
TR-044682,2025-10-10,Chattanooga,Phoenix,Flatbed,1978.5,4065.44,4144.979322136219,5194.900979278186,-1129.4609792781862
TR-044684,2025-10-10,Washington,Lexington,Dry Van,540.8,1092.65,1217.5423399559518,1175.927838087181,-83.27783808718095
TR-044685,2025-10-10,Tampa,San Francisco,Dry Van,2496.8,4871.12,4800.014420681238,5558.103904812463,-686.9839048124632
TR-044690,2025-10-10,Fresno,San Antonio,Flatbed,1501.1,3355.91,3305.581875032045,2841.897669825267,514.012330174733
TR-044687,2025-10-10,Milwaukee,Green Bay,Dry Van,389.5,905.9,886.5797062353934,941.8447668538878,-35.94476685388781
TR-044688,2025-10-10,Hartford,Harrisburg,Dry Van,384.7,875.41,907.2376450902202,904.7244080461213,-29.314408046121343
TR-044689,2025-10-10,Chattanooga,San Antonio,Flatbed,899.3,2080.96,2038.2915217909144,2231.9556393951902,-150.9956393951902
TR-044675,2025-10-10,Los Angeles,New Orleans,Dry Van,1709.6,3223.52,3414.5830735974114,3431.7662104228316,-208.2462104228316
TR-044686,2025-10-10,Raleigh,Jacksonville,Dry Van,545.7,1190.14,1234.6059735127037,1214.3936912101447,-24.253691210144552
TR-044664,2025-10-10,Mobile,Baton Rouge,Dry Van,333.1,877.06,882.6911832703856,913.2239713196789,-36.16397131967892
TR-044706,2025-10-10,Memphis,St. Louis,Dry Van,238.2,637.89,677.5692645805796,651.2410374612406,-13.351037461240594
TR-044730,2025-10-10,Nashville,Salt Lake City,Flatbed,1659.7,3543.04,3498.7599307142023,3255.75054920609,287.28945079390996
TR-044695,2025-10-10,Dayton,Green Bay,Dry Van,371.2,833.33,873.6679603747191,880.5425663321157,-47.21256633211567
TR-044696,2025-10-10,Dayton,Amarillo,Dry Van,1316.1,2599.36,2584.81630080634,2670.6913643350795,-71.33136433507934
TR-044697,2025-10-10,Nashville,Philadelphia,Dry Van,1011.5,2073.63,2133.3495444286013,2161.3878514709477,-87.75785147094757
TR-044698,2025-10-10,Mobile,Memphis,Dry Van,329.2,838.28,866.5731628098995,853.7527066808085,-15.472706680808528
TR-044699,2025-10-10,Savannah,Nashville,Dry Van,418.7,961.44,956.4519889130513,987.9724019717587,-26.532401971758645
TR-044700,2025-10-10,Grand Rapids,Richmond,Reefer,712.6,1654.14,1634.3498545956627,1727.9964529963347,-73.85645299633461
TR-044701,2025-10-10,Madison,Charleston,Dry Van,877.8,1747.88,1773.3632788004534,1851.0696284275623,-103.18962842756218
TR-044693,2025-10-10,New York,Milwaukee,Dry Van,914.1,362.69,1851.7466747456967,1884.194972864133,-1521.504972864133
TR-044702,2025-10-10,Houston,New Orleans,Flatbed,250.7,710.97,710.4870297574016,824.4871875028653,-113.51718750286523
TR-044704,2025-10-10,Fort Wayne,Memphis,Dry Van,548.2,1258.79,1275.57689794173,1280.0392400620733,-21.24924006207334
TR-044705,2025-10-10,Oklahoma City,Indianapolis,Dry Van,836.9,1787.06,1723.2768388821391,1974.5585420589362,-187.4985420589362
TR-044707,2025-10-10,Oklahoma City,Jacksonville,Reefer,976.1,2339.21,2247.996170442162,2372.7732896837742,-33.5632896837742
TR-044708,2025-10-10,New York,Lexington,Dry Van,773.3,1608.79,1595.6733334728312,1556.1587075259347,52.631292474065276
TR-044710,2025-10-10,New York,Raleigh,Dry Van,461.2,1003.34,1054.2677673770202,1027.2726339223148,-23.93263392231472
TR-044692,2025-10-10,Bakersfield,Shreveport,Reefer,1672.5,3711.34,3666.526501887618,4765.697703302696,-1054.3577033026959
TR-044711,2025-10-10,Austin,Baton Rouge,Dry Van,525.4,1226.9,1228.3980212790532,1163.431257314686,63.468742685314055
TR-044712,2025-10-10,Lexington,Tucson,Dry Van,1952.7,3849.77,3941.55323168592,3656.062616828789,193.70738317121095
TR-044709,2025-10-10,Tucson,Fort Wayne,Dry Van,2027.2,3775.5,3911.2387184322333,4435.405035393524,-659.9050353935236
TR-044714,2025-10-10,Boston,Cincinnati,Dry Van,1122.4,2169.55,2300.6878641202206,2261.6276125915647,-92.0776125915645
TR-044715,2025-10-10,Madison,New York,Flatbed,956.0,2089.85,2205.9577893868554,2147.135412597949,-57.28541259794929
TR-044716,2025-10-10,Jacksonville,Detroit,Dry Van,940.7,1909.37,1942.4537171151617,1923.348836636056,-13.97883663605603
TR-044717,2025-10-10,Tucson,Atlanta,Dry Van,1838.9,3714.5,3726.3001389543238,3664.5055361608183,49.99446383918166
TR-044694,2025-10-10,San Antonio,Baltimore,Flatbed,1827.8,3873.54,3842.852638345943,4363.358112880361,-489.8181128803608
TR-044718,2025-10-10,Columbia,Grand Rapids,Dry Van,749.8,1525.78,1598.8106743822395,1577.5883784438713,-51.808378443871334
TR-044713,2025-10-10,Shreveport,Austin,Dry Van,579.4,1328.5,1305.091156761149,1386.1731343950062,-57.67313439500617
TR-044720,2025-10-10,Lubbock,Kansas City,Reefer,973.7,2290.09,2230.6525974500687,2350.052855121031,-59.96285512103077
TR-044721,2025-10-10,Shreveport,Phoenix,Dry Van,1663.5,3221.15,3216.4672447178727,3558.323578824306,-337.1735788243059
TR-044719,2025-10-10,Boston,New Orleans,Dry Van,1536.8,3046.89,3086.9631978138814,2759.885735012934,287.00426498706565
TR-044723,2025-10-10,Lubbock,Greensboro,Dry Van,1234.4,2573.69,2555.4500020292435,2635.8430227332465,-62.15302273324642
TR-044724,2025-10-10,Green Bay,Memphis,Reefer,722.3,1717.37,1662.5865876897435,1809.6332653790241,-92.26326537902423
TR-044725,2025-10-10,Grand Rapids,Raleigh,Flatbed,863.0,1955.02,1979.7244843634003,2022.6999028703724,-67.67990287037242
TR-044727,2025-10-10,El Paso,Charleston,Dry Van,2061.9,3745.12,3952.0205722535075,3995.934236582602,-250.814236582602
TR-044728,2025-10-10,Syracuse,New York,Dry Van,315.7,750.33,745.1982244361357,756.3969851870718,-6.066985187071737
TR-044729,2025-10-10,Fresno,Corpus Christi,Dry Van,1689.5,3518.45,3475.2831126852934,3248.714710473686,269.73528952631386
TR-044655,2025-10-10,Austin,Lexington,Dry Van,1177.0,2460.2,2511.1321634635556,2597.8793477901017,-137.67934779010193
TR-044722,2025-10-10,Dayton,Richmond,Dry Van,586.5,1288.83,1345.1815935971654,1347.8924316078019,-59.062431607801955
TR-044731,2025-10-11,Amarillo,Philadelphia,Flatbed,2134.7,4130.04,4246.548695751575,4914.250550480812,-784.2105504808123
TR-044732,2025-10-11,Montgomery,Austin,Dry Van,952.7,2066.18,2002.3042429631885,2095.3021703705713,-29.12217037057144
TR-044733,2025-10-11,Memphis,Reno,Reefer,1877.8,3996.28,4076.1156640380404,4058.517982470121,-62.23798247012064
TR-044734,2025-10-11,Milwaukee,New York,Reefer,922.3,2143.64,2114.1044372926167,2183.918918754985,-40.27891875498517
TR-044735,2025-10-11,Raleigh,Houston,Dry Van,1218.3,2526.69,2542.204328044198,2806.893450412874,-280.20345041287374
TR-044743,2025-10-11,Mobile,New York,Flatbed,1182.9,2569.64,2666.8603471365614,2770.0940856147645,-200.4540856147646
TR-044737,2025-10-11,Milwaukee,Cincinnati,Dry Van,246.2,624.8,607.0258739300466,638.2441524330637,-13.444152433063778
TR-044738,2025-10-11,Kansas City,Fresno,Reefer,1939.9,4266.12,4090.969367449393,4081.8541237242443,184.26587627575555
TR-044739,2025-10-11,Lexington,Shreveport,Dry Van,627.8,1446.63,1395.5707849248124,1517.6587928032206,-71.02879280322054
TR-044740,2025-10-11,Boston,Charleston,Dry Van,781.7,1659.78,1657.2474400671263,1647.4741969517618,12.305803048238204
TR-044741,2025-10-11,Lexington,Chattanooga,Flatbed,212.2,592.16,652.1940746514908,611.3037689192457,-19.14376891924576
TR-044742,2025-10-11,Los Angeles,Mobile,Dry Van,1995.0,3718.09,3897.9012219695455,4426.1652476843365,-708.0752476843363
TR-044744,2025-10-11,El Paso,Tampa,Reefer,1731.4,3529.82,3662.3012979890764,4664.456123503408,-1134.6361235034078
TR-044736,2025-10-11,Milwaukee,Mobile,Dry Van,655.2,1451.28,1410.2329562346374,1458.2562883809546,-6.9762883809546565
TR-044745,2025-10-11,Little Rock,Indianapolis,Flatbed,398.9,995.91,1011.6119338035298,1035.8043089341475,-39.89430893414749
TR-044759,2025-10-11,Birmingham,Toledo,Dry Van,710.5,1539.47,1474.082112806118,1568.1526288813038,-28.6826288813038
TR-044748,2025-10-11,Columbia,Tampa,Dry Van,586.5,1222.96,1288.1749761125513,1322.9393431658202,-99.97934316582018
TR-044750,2025-10-11,Lexington,Philadelphia,Reefer,817.3,1833.98,1863.9638531228402,1946.0252247766123,-112.04522477661226
TR-044764,2025-10-11,Montgomery,Baton Rouge,Dry Van,464.4,1097.91,1103.8353049771622,1071.46113122954,26.448868770460194
TR-044751,2025-10-11,Fort Wayne,Fresno,Reefer,2241.6,4593.62,4585.907367734451,4749.155826613008,-155.53582661300788
TR-044752,2025-10-11,Philadelphia,Richmond,Dry Van,253.3,576.81,626.6623708448026,605.0755188506181,-28.26551885061815
TR-044753,2025-10-11,Fort Wayne,Corpus Christi,Flatbed,1247.9,2696.69,2774.0311422965533,2977.6973411502277,-281.0073411502276
TR-044754,2025-10-11,Albany,Mobile,Dry Van,1499.4,2900.53,3101.630325070272,2859.993169303553,40.536830696447396
TR-044755,2025-10-11,Tampa,Houston,Dry Van,582.0,1409.03,1370.3998461536803,1370.1370581314275,38.89294186857251
TR-044749,2025-10-11,New York,Buffalo,Flatbed,332.3,830.84,901.3036445686853,863.4270905495227,-32.58709054952271
TR-044756,2025-10-11,New York,Hartford,Flatbed,114.6,330.59,469.4617453093008,351.85568162813473,-21.265681628134757
TR-044758,2025-10-11,Washington,San Antonio,Dry Van,1591.9,3226.88,3329.227887078438,2855.4659994924236,371.4140005075765
TR-044760,2025-10-11,Lexington,Raleigh,Flatbed,524.0,1278.47,1293.3145701684014,1279.9830783135646,-1.5130783135646197
TR-044761,2025-10-11,Lexington,Mobile,Flatbed,468.3,1171.99,1198.7005369568735,1186.1613358837783,-14.171335883778283
TR-044762,2025-10-11,Bakersfield,Fresno,Reefer,220.4,652.79,719.764610878744,670.0126004232491,-17.222600423249105
TR-044763,2025-10-11,Toledo,Baton Rouge,Reefer,1054.5,2435.68,2460.2385084960424,2495.3057390615563,-59.62573906155649
TR-044757,2025-10-11,Oklahoma City,Toledo,Dry Van,1249.6,2634.45,2606.5031450138845,2598.197201792836,36.25279820716378
TR-044746,2025-10-11,Green Bay,Oklahoma City,Dry Van,1220.0,2469.04,2542.1873756619743,2522.92543570039,-53.88543570039019
TR-044765,2025-10-11,Shreveport,Washington,Reefer,1131.8,2539.48,2533.5475926355552,2522.2607075411784,17.219292458821656
TR-044785,2025-10-11,Reno,Cincinnati,Dry Van,1981.9,3763.44,3944.8029512008875,3088.214267015398,675.225732984602
TR-044767,2025-10-11,Shreveport,Buffalo,Dry Van,1172.6,2369.47,2459.892835386543,2476.2989452620227,-106.8289452620229
TR-044770,2025-10-11,Albany,Tampa,Reefer,1620.0,3453.25,3613.2971053925557,3433.081869645844,20.168130354155892
TR-044771,2025-10-11,Lubbock,Shreveport,Dry Van,590.0,1450.86,1330.488766946455,1435.2317892340218,15.62821076597811
TR-044772,2025-10-11,Los Angeles,Chattanooga,Flatbed,2089.2,4264.86,4377.573391678366,4019.89003054858,244.96996945141973
TR-044773,2025-10-11,Philadelphia,Milwaukee,Dry Van,997.0,1850.81,2035.7597718343573,2005.4183890963345,-154.60838909633458
TR-044774,2025-10-11,San Francisco,San Antonio,Dry Van,1623.4,3135.88,3165.121852736529,3470.164605964629,-334.284605964629
TR-044775,2025-10-11,Cincinnati,Columbia,Dry Van,313.8,765.24,765.4584029318021,837.8837040851924,-72.64370408519244
TR-044768,2025-10-11,Memphis,Syracuse,Dry Van,995.6,2008.85,2090.6974921650844,2136.5397024498975,-127.6897024498976
TR-044769,2025-10-11,Richmond,Nashville,Flatbed,768.6,1774.03,1768.4048643460087,1870.0059044263835,-95.97590442638352
TR-044778,2025-10-11,Boston,San Antonio,Flatbed,2035.8,3969.34,4173.024809849421,3860.9095714322393,108.43042856776083
TR-044779,2025-10-11,Phoenix,Philadelphia,Dry Van,3031.5,5512.17,5448.829331081889,7042.218809767331,-1530.0488097673306
TR-044780,2025-10-11,Hartford,St. Louis,Dry Van,1101.4,2181.21,2276.099422374658,2268.4798668597878,-87.26986685978773
TR-044781,2025-10-11,Dallas,Toledo,Dry Van,1035.2,2154.25,2207.6094427951134,2181.8045672745816,-27.554567274581586
TR-044782,2025-10-11,Bakersfield,San Antonio,Dry Van,1293.8,2695.97,2615.2716248775064,2897.8052066822365,-201.83520668223673
TR-044776,2025-10-11,Green Bay,Tucson,Dry Van,1877.7,3622.4,3804.1353269959613,2623.431939438103,998.9680605618969
TR-044777,2025-10-11,Austin,Chattanooga,Dry Van,1008.7,2038.84,2065.0667897215267,2131.369294416231,-92.52929441623087
TR-044783,2025-10-11,Phoenix,Washington,Dry Van,2638.6,4912.78,5027.927068619604,4554.7738590064,358.00614099359973
TR-044791,2025-10-11,Cincinnati,Detroit,Dry Van,539.8,1225.76,1234.8891524401201,1225.832544985384,-0.07254498538395637
TR-044784,2025-10-11,Washington,Atlanta,Flatbed,674.2,1551.1,1604.3686379982746,1618.9507717550564,-67.85077175505648
TR-044786,2025-10-11,Los Angeles,Buffalo,Dry Van,2721.3,4836.65,5034.63379214218,6457.587142759755,-1620.9371427597553
TR-044787,2025-10-11,Albany,Montgomery,Dry Van,1415.2,2770.88,2978.349467745912,2899.497038354696,-128.61703835469598
TR-044788,2025-10-11,Nashville,Houston,Dry Van,609.9,1366.29,1322.2781093940976,1386.8609556152767,-20.570955615276716
TR-044789,2025-10-11,San Francisco,Milwaukee,Dry Van,2181.5,4022.24,4014.031540216979,4076.752767789066,-54.5127677890664
TR-044790,2025-10-11,Lexington,Albuquerque,Dry Van,1641.8,3331.13,3310.0882154425035,4636.364302900254,-1305.234302900254
TR-044792,2025-10-11,Greensboro,Raleigh,Dry Van,374.2,913.55,895.8727133383254,898.2168826604158,15.333117339584192
TR-044793,2025-10-11,San Antonio,Providence,Dry Van,2074.4,4235.01,4082.4599102490265,4259.078569415362,-24.068569415361708
TR-044794,2025-10-11,Nashville,Mobile,Reefer,304.8,815.47,797.5424428444683,837.5222324685483,-22.052232468548254
TR-044795,2025-10-11,Savannah,Lubbock,Reefer,1237.2,2868.54,2773.4727681152317,2888.2111156543715,-19.671115654371533
TR-044796,2025-10-11,Atlanta,Savannah,Reefer,308.5,843.59,824.4211921010665,903.3190883324966,-59.72908833249653
TR-044797,2025-10-11,Dallas,Fort Wayne,Reefer,957.4,2296.11,2255.166574837423,2320.488384197201,-24.37838419720083
TR-044798,2025-10-11,Bakersfield,Tulsa,Dry Van,1447.6,2811.96,2945.116723976227,9212.677822500384,-6400.717822500384
TR-044799,2025-10-11,Albany,Atlanta,Dry Van,1179.2,2415.75,2484.389835519235,2459.6085868429145,-43.85858684291452
TR-044766,2025-10-11,Oklahoma City,Baton Rouge,Dry Van,446.3,1029.56,1004.1201866842941,1058.2690400068482,-28.709040006848227
TR-044800,2025-10-11,Lubbock,Fresno,Dry Van,1426.2,2823.06,2981.3038470859865,2800.930727680467,22.1292723195329
TR-044747,2025-10-11,Shreveport,Cincinnati,Dry Van,533.4,1185.3,1212.0866663420604,1409.8792233370134,-224.57922333701345
TR-044803,2025-10-11,Tulsa,Dallas,Dry Van,136.3,374.65,517.6592406328475,397.91692347166537,-23.266923471665393
TR-044802,2025-10-11,Milwaukee,Baltimore,Dry Van,1012.6,2086.52,2123.9914627909934,2092.757301691464,-6.2373016914639265
TR-044840,2025-10-11,Kansas City,Indianapolis,Dry Van,181.3,502.51,517.0931725910818,493.61273506354445,8.897264936455542
TR-044806,2025-10-11,Buffalo,St. Louis,Flatbed,750.1,1687.27,1655.570188592341,1683.7479796889065,3.5220203110934563
TR-044807,2025-10-11,Corpus Christi,El Paso,Dry Van,1076.8,2232.09,2318.4261425363848,2342.387080193547,-110.29708019354666
TR-044808,2025-10-11,Harrisburg,Phoenix,Reefer,2594.3,5298.97,5276.7926012633825,4979.561476556798,319.4085234432023
TR-044809,2025-10-11,Syracuse,Shreveport,Reefer,1261.1,2749.99,2834.5262986700686,2927.5618790497533,-177.57187904975353
TR-044810,2025-10-11,Bakersfield,San Francisco,Dry Van,402.3,954.62,925.5865495708636,925.7245963545399,28.895403645460078
TR-044811,2025-10-11,Tulsa,Bakersfield,Flatbed,1454.8,2995.69,3099.4153664449664,2732.8269893808665,262.86301061913355
TR-044805,2025-10-11,Providence,Atlanta,Reefer,1131.2,2603.08,2612.672289169299,2587.989799630037,15.090200369962986
TR-044822,2025-10-11,Toledo,Charleston,Dry Van,730.1,1429.24,1532.440057977054,1497.857773285147,-68.617773285147
TR-044814,2025-10-11,Green Bay,Chattanooga,Dry Van,760.0,1530.36,1589.2047257453391,1587.5908339725584,-57.23083397255846
TR-044838,2025-10-11,Jacksonville,Tampa,Flatbed,355.4,931.92,963.2804286495812,978.6598502854941,-46.739850285494185
TR-044816,2025-10-11,Lexington,Phoenix,Reefer,2136.4,4245.61,4383.262799827854,4359.628487191463,-114.01848719146346
TR-044817,2025-10-11,Memphis,Charleston,Dry Van,683.3,1560.25,1465.8661149346626,1554.2713298509664,5.978670149033633
TR-044818,2025-10-11,Nashville,Baton Rouge,Dry Van,502.5,1092.72,1382.2323939246398,1573.157930184332,-480.4379301843319
TR-044819,2025-10-11,Lexington,Philadelphia,Reefer,791.3,1765.53,1789.3627609070688,1855.5437312349773,-90.01373123497729
TR-044812,2025-10-11,San Antonio,Lexington,Dry Van,1071.3,2266.03,2292.5289871531013,2317.4141837509233,-51.38418375092306
TR-044821,2025-10-11,Toledo,Buffalo,Dry Van,371.9,845.88,887.7863547495494,904.2168811181139,-58.336881118113865
TR-044815,2025-10-11,Shreveport,Baltimore,Flatbed,1331.7,2836.3,2861.3344432529852,2994.5095686332215,-158.20956863322135
TR-044833,2025-10-11,Oklahoma City,San Antonio,Dry Van,200.6,574.74,646.0450987830714,602.5283375760004,-27.788337576000345
TR-044858,2025-10-11,Grand Rapids,San Antonio,Reefer,1353.2,3019.09,3126.674768376624,3160.1194711802773,-141.02947118027714
TR-044824,2025-10-11,St. Louis,Harrisburg,Flatbed,730.2,1693.39,1694.6241783777318,1779.041317015235,-85.65131701523501
TR-044825,2025-10-11,Mobile,Baton Rouge,Dry Van,329.2,850.11,849.6585794598277,884.2352820783505,-34.12528207835044
TR-044826,2025-10-11,Harrisburg,Tulsa,Flatbed,1190.0,2482.78,2540.8321079944776,2623.428994936722,-140.64899493672192
TR-044827,2025-10-11,Fresno,Chattanooga,Dry Van,2204.7,4042.27,4194.612942802697,3949.580873917144,92.68912608285609
TR-044828,2025-10-11,Kansas City,Montgomery,Dry Van,749.7,1656.01,1645.408815561142,1683.0485444018839,-27.038544401883883
TR-044829,2025-10-11,New York,Buffalo,Dry Van,323.6,743.88,810.2945260058607,758.6799928240797,-14.799992824079709
TR-044831,2025-10-11,Philadelphia,Montgomery,Reefer,1055.3,2476.8,2481.609489480622,2477.429859677221,-0.629859677220793
TR-044832,2025-10-11,Baltimore,Montgomery,Flatbed,1056.0,2236.15,2340.3834774889788,2382.43397410584,-146.28397410584012
TR-044834,2025-10-11,Oklahoma City,Kansas City,Flatbed,802.3,1861.31,1825.7663187193089,1981.3125818852407,-120.00258188524072
TR-044835,2025-10-11,Albuquerque,Reno,Reefer,694.5,1599.63,1564.0552298126827,1595.5871581426723,4.042841857327858
TR-044836,2025-10-11,Fresno,Montgomery,Dry Van,2296.4,4403.49,4399.375024263884,5275.057812241613,-871.567812241613
TR-044823,2025-10-11,Dayton,San Antonio,Dry Van,1193.6,2375.68,2489.838042301338,2520.983070971445,-145.30307097144532
TR-044837,2025-10-11,Oklahoma City,Fresno,Dry Van,1430.1,2854.96,3032.2508667750008,2421.444835339948,433.51516466005205
TR-044830,2025-10-11,Fresno,Richmond,Dry Van,2734.6,4972.57,5085.5017466932195,6072.69629079688,-1100.1262907968803
TR-044820,2025-10-11,Montgomery,Philadelphia,Dry Van,1080.2,2297.87,2299.1703995098683,2319.5632961040424,-21.693296104042474
TR-044813,2025-10-11,Chattanooga,Dallas,Dry Van,547.0,1260.72,1312.2765195365987,1322.7292158487346,-62.009215848734584
TR-044801,2025-10-11,Mobile,Nashville,Dry Van,310.9,745.09,728.7174494046362,750.1998238275235,-5.109823827523428
TR-044848,2025-10-11,Shreveport,Grand Rapids,Dry Van,1000.7,2077.18,2063.806584146176,2102.348064566355,-25.168064566355042
TR-044842,2025-10-11,Tulsa,Atlanta,Dry Van,603.2,1326.6,1300.622745190961,1344.8750094048874,-18.27500940488744
TR-044843,2025-10-11,Mobile,Columbia,Dry Van,428.0,1007.0,941.8823459595005,963.9537085643184,43.04629143568161
TR-044844,2025-10-11,Oklahoma City,Austin,Flatbed,239.2,692.79,666.6240186506716,738.9424162171568,-46.15241621715688
TR-044845,2025-10-11,Albuquerque,Fresno,Flatbed,718.0,1611.87,1568.9929080246718,1752.6514625903596,-140.78146259035975
TR-044846,2025-10-11,Indianapolis,Tulsa,Dry Van,549.8,1215.94,1256.132857812621,1247.2755191606016,-31.335519160601507
TR-044847,2025-10-11,Baltimore,Albuquerque,Reefer,2374.8,5148.98,4895.22303645063,5027.73921067469,121.24078932530938
TR-044850,2025-10-11,Mobile,Los Angeles,Dry Van,1994.0,4011.46,3863.332907196204,3688.3910357096106,323.06896429038943
TR-044851,2025-10-11,Milwaukee,Toledo,Dry Van,315.9,749.86,786.9297838892214,897.4819151466753,-147.6219151466753
TR-044852,2025-10-11,Greensboro,Richmond,Flatbed,431.3,1039.91,1053.942193501791,1196.8411988961352,-156.93119889613513
TR-044853,2025-10-11,Boston,Syracuse,Dry Van,559.0,1146.55,1198.302595521331,1126.8659734290134,19.68402657098659
TR-044854,2025-10-11,St. Louis,Kansas City,Dry Van,135.0,355.43,430.32262558952675,352.11802373254716,3.311976267452849
TR-044855,2025-10-11,New Orleans,Las Vegas,Dry Van,1563.3,3116.69,3156.764047290255,3176.380532328304,-59.690532328304016
TR-044856,2025-10-11,Memphis,Baton Rouge,Dry Van,457.5,1097.0,1095.0447654341885,1090.7714604267685,6.228539573231501
TR-044857,2025-10-11,Shreveport,Boston,Reefer,1598.5,3693.98,3581.7132269287786,5692.072791141579,-1998.0927911415788
TR-044839,2025-10-11,Baton Rouge,Fort Wayne,Dry Van,1008.9,2033.84,2110.768096611901,2121.6070457110873,-87.76704571108735
TR-044859,2025-10-11,Toledo,Nashville,Flatbed,603.9,1376.4,1399.9190020081728,1436.9425239498908,-60.542523949890665
TR-044860,2025-10-11,Milwaukee,Nashville,Flatbed,369.8,938.27,935.5629956190371,998.4383159999924,-60.16831599999239
TR-044849,2025-10-11,Oklahoma City,Albuquerque,Dry Van,816.1,1808.89,1748.9982020803745,1805.973346814497,2.916653185503037
TR-044870,2025-10-11,Baltimore,Tampa,Dry Van,1230.6,2345.48,2462.281551887787,2420.931677045207,-75.4516770452069
TR-044863,2025-10-11,Fort Wayne,Oklahoma City,Reefer,1176.7,2514.31,2602.9097141043817,2754.3552626892106,-240.04526268921063
TR-044861,2025-10-11,Houston,Buffalo,Dry Van,1407.7,2823.1,2940.876885016558,2672.3263480931732,150.77365190682667
TR-044864,2025-10-11,Fort Wayne,Shreveport,Dry Van,856.5,1722.2,1740.4203940807008,1984.609932164758,-262.40993216475795
TR-044865,2025-10-11,Nashville,Salt Lake City,Flatbed,1646.5,3391.39,3432.7171066359106,3806.1370530432537,-414.7470530432538
TR-044866,2025-10-11,Corpus Christi,New Orleans,Reefer,429.0,1201.66,1106.3863734009622,1226.1109216559523,-24.450921655952243
TR-044868,2025-10-11,Greensboro,Kansas City,Dry Van,619.8,1401.87,1373.9387384150182,1355.5458406718733,46.3241593281266
TR-044862,2025-10-11,Fort Wayne,Phoenix,Dry Van,2209.0,3892.95,4131.526479665447,3777.061373636164,115.88862636383601
TR-044867,2025-10-11,Bakersfield,New York,Dry Van,2798.8,4879.73,4774.355083361331,5440.841460098847,-561.1114600988476
TR-044841,2025-10-11,Houston,Madison,Dry Van,978.0,1954.46,2039.4092201047931,2087.5379317798593,-133.07793177985923
TR-044871,2025-10-11,Tucson,Baton Rouge,Reefer,1453.1,3189.26,3153.999374119945,3133.9488083014094,55.31119169859085
TR-044872,2025-10-11,Grand Rapids,Richmond,Dry Van,751.3,1523.39,1604.6767745940904,1559.3903489527404,-36.000348952740296
TR-044873,2025-10-11,Philadelphia,Indianapolis,Reefer,983.5,2187.08,2263.0674653756664,2317.150492833786,-130.07049283378592
TR-044874,2025-10-11,Salt Lake City,New Orleans,Flatbed,1409.1,2896.66,3074.149367216153,3164.92303626667,-268.26303626667004
TR-044875,2025-10-11,Tulsa,Jacksonville,Flatbed,706.9,1585.01,1560.3376475869952,1662.460107122817,-77.45010712281692
TR-044804,2025-10-11,Richmond,Tampa,Flatbed,1012.8,2215.66,2232.7518998841288,2355.399811248848,-139.73981124884813
TR-044869,2025-10-11,Syracuse,Milwaukee,Dry Van,750.3,1541.11,1607.9495102115006,1589.2642630886521,-48.154263088652215
TR-044882,2025-10-12,Milwaukee,Reno,Reefer,1833.2,3962.35,3956.377772142177,4693.038665090718,-730.6886650907177
TR-044877,2025-10-12,Milwaukee,Raleigh,Dry Van,803.1,1651.48,1706.8127371483401,1741.8995666445253,-90.41956664452528
TR-044878,2025-10-12,Jacksonville,Amarillo,Dry Van,1366.6,2915.51,2910.286098014624,2918.3452013998776,-2.8352013998774055
TR-044879,2025-10-12,Bakersfield,Toledo,Dry Van,2146.4,4106.96,4127.428488845138,3750.5065685455675,356.4534314544326
TR-044880,2025-10-12,Indianapolis,Atlanta,Reefer,369.3,972.47,926.6307520939877,1015.6052324928555,-43.13523249285549
TR-044881,2025-10-12,Chattanooga,Baltimore,Dry Van,951.7,1839.31,1922.166452472886,1975.6551997986544,-136.34519979865445
TR-044893,2025-10-12,Shreveport,Las Vegas,Dry Van,1578.1,3231.04,3179.8432400111933,2698.565458446457,532.4745415535431
TR-044890,2025-10-12,Grand Rapids,San Antonio,Dry Van,1415.1,2799.64,2940.495885708442,2868.66382336081,-69.02382336081018
TR-044885,2025-10-12,Indianapolis,Jacksonville,Dry Van,610.2,1312.85,1352.2964904427733,1312.0633390906146,0.7866609093853185
TR-044886,2025-10-12,Montgomery,Nashville,Reefer,352.7,958.68,1006.7605336289816,1017.5286273109159,-58.84862731091596
TR-044887,2025-10-12,Toledo,Bakersfield,Dry Van,2144.2,3864.18,4034.222971017838,5500.8629622196395,-1636.6829622196396
TR-044888,2025-10-12,Hartford,Corpus Christi,Reefer,1854.4,3843.11,3993.1261840139205,4359.692606016401,-516.5826060164013
TR-044889,2025-10-12,New York,Bakersfield,Dry Van,2755.5,4837.8,4930.198072339806,4491.009337002397,346.79066299760325
TR-044891,2025-10-12,Shreveport,Cincinnati,Dry Van,546.7,432.52,1265.0231576154683,1483.5407610650645,-1051.0207610650646
TR-044876,2025-10-12,Louisville,Montgomery,Dry Van,506.5,1180.75,1202.2150009958184,1136.1135579071915,44.636442092808466
TR-044883,2025-10-12,Los Angeles,Lubbock,Flatbed,1195.8,2680.49,2684.8586954063944,2855.085149417084,-174.59514941708403
TR-044892,2025-10-12,Lubbock,Birmingham,Reefer,961.7,2329.16,2267.133462740781,2404.7934792793408,-75.63347927934092
TR-044898,2025-10-12,Detroit,St. Louis,Reefer,571.6,1316.22,1359.0898077104403,1349.2658796438477,-33.045879643847684
TR-044912,2025-10-12,Greensboro,Chattanooga,Dry Van,315.5,746.79,722.5722011855553,772.1446600054878,-25.354660005487858
TR-044896,2025-10-12,Los Angeles,Kansas City,Flatbed,1907.0,3753.51,3919.786125387228,2574.956495708233,1178.5535042917672
TR-044897,2025-10-12,Shreveport,Milwaukee,Dry Van,638.6,1449.56,1418.024955336347,1527.7387463491375,-78.17874634913755
TR-044884,2025-10-12,Montgomery,Richmond,Dry Van,819.2,1681.22,1746.0263548889225,1792.6035532501903,-111.38355325019029
TR-044899,2025-10-12,New York,Greensboro,Reefer,684.5,1556.89,1527.810990887775,1606.6474819672371,-49.75748196723703
TR-044900,2025-10-12,Bakersfield,San Antonio,Reefer,1329.5,3117.01,2921.299847958898,3477.05528120145,-360.0452812014496
TR-044901,2025-10-12,Birmingham,Buffalo,Dry Van,852.8,1732.05,1803.0486500839756,1779.005679942107,-46.955679942107054
TR-044902,2025-10-12,Columbia,San Antonio,Dry Van,1130.2,2452.86,2400.394835762872,2393.491183242123,59.368816757877084
TR-044895,2025-10-12,Savannah,Richmond,Reefer,505.3,1172.21,1271.946056474972,1334.5287187415324,-162.3187187415324
TR-044903,2025-10-12,Albany,Harrisburg,Flatbed,544.6,1167.24,1291.9014211568995,1225.5551229178977,-58.315122917897725
TR-044905,2025-10-12,Hartford,Corpus Christi,Dry Van,1806.9,3608.45,3552.2204782570466,3289.8961227425452,318.5538772574546
TR-044906,2025-10-12,Cincinnati,Syracuse,Flatbed,769.1,1577.46,1685.8710667832866,1686.8399206397785,-109.37992063977845
TR-044907,2025-10-12,Providence,Lexington,Reefer,989.7,2122.59,2247.2144085028926,2262.6672941215857,-140.0772941215855
TR-044908,2025-10-12,Tampa,Memphis,Reefer,631.5,1620.62,1555.5970922687093,1674.7872168088404,-54.16721680884052
TR-044909,2025-10-12,Dayton,Harrisburg,Dry Van,467.4,974.16,1078.4710941808835,1023.186864749711,-49.02686474971108
TR-044910,2025-10-12,Grand Rapids,Los Angeles,Reefer,2327.0,4812.85,4774.407755278863,5197.55978494082,-384.7097849408192
TR-044911,2025-10-12,Fresno,Columbia,Dry Van,2398.8,4265.2,4570.811435990551,4288.3428812826605,-23.14288128266071
TR-044904,2025-10-12,Montgomery,Chattanooga,Dry Van,339.2,796.65,864.3778799539728,781.8252179497006,14.824782050299405
TR-044894,2025-10-12,Cincinnati,Tulsa,Flatbed,621.0,1505.96,1460.1284535290065,1546.471038925278,-40.511038925277944
TR-044913,2025-10-12,Providence,Grand Rapids,Reefer,1132.3,2585.31,2599.254901472568,2534.761755446805,50.54824455319476
TR-044951,2025-10-12,Charleston,Bakersfield,Dry Van,2411.9,4442.15,4447.48126294513,6463.76339453242,-2021.61339453242
TR-044915,2025-10-12,Columbia,Cincinnati,Dry Van,329.1,792.03,764.4109309696144,779.3868765157464,12.643123484253579
TR-044916,2025-10-12,Salt Lake City,Green Bay,Reefer,1721.1,3526.26,3656.03640648867,4818.338582025654,-1292.0785820256542
TR-044917,2025-10-12,Shreveport,Montgomery,Flatbed,439.2,1101.8,1086.7068072276825,1128.8247721573887,-27.024772157388725
TR-044918,2025-10-12,Green Bay,Bakersfield,Reefer,1977.2,4145.89,4256.216907256815,3810.9338903123376,334.9561096876628
TR-044919,2025-10-12,Shreveport,Raleigh,Flatbed,1032.9,2252.88,2228.3227769880027,2333.068533851668,-80.18853385166767
TR-044921,2025-10-12,Jacksonville,Birmingham,Reefer,214.0,629.25,663.9979754727146,671.3292815132429,-42.079281513242904
TR-044922,2025-10-12,Kansas City,Cincinnati,Dry Van,346.6,766.12,801.1995306475078,793.3437821440447,-27.223782144044662
TR-044923,2025-10-12,Indianapolis,Bakersfield,Dry Van,1884.8,3712.11,3777.5012428538694,4832.72551704116,-1120.6155170411598
TR-044933,2025-10-12,Raleigh,Atlanta,Dry Van,580.2,1222.18,1296.9685289497395,1248.5003420182932,-26.320342018293104
TR-044920,2025-10-12,Kansas City,New Orleans,Dry Van,583.3,1295.02,1267.153660572052,1304.4441192423592,-9.424119242359211
TR-044926,2025-10-12,Tulsa,Detroit,Reefer,1111.3,2593.74,2577.6300203329374,2553.8864167494635,39.8535832505363
TR-044927,2025-10-12,Green Bay,Atlanta,Reefer,774.5,1755.06,1760.997769497576,1794.6991244727392,-39.63912447273924
TR-044928,2025-10-12,Savannah,Philadelphia,Dry Van,786.3,1604.81,1606.8572551175407,1691.6749523270382,-86.86495232703828
TR-044930,2025-10-12,Baltimore,Little Rock,Dry Van,1296.3,2429.12,2554.0536833388246,2639.4979057709315,-210.37790577093165
TR-044931,2025-10-12,Hartford,Baton Rouge,Dry Van,1491.6,2897.41,3136.266766996534,1933.341333906465,964.0686660935348
TR-044952,2025-10-12,Tucson,Amarillo,Reefer,644.1,1592.63,1540.2104436222164,1633.1120241421913,-40.48202414219122
TR-044924,2025-10-12,Toledo,Tucson,Reefer,2012.6,4374.85,4271.380634559053,4139.937211792925,234.9127882070752
TR-044925,2025-10-12,Nashville,Phoenix,Dry Van,2007.3,3853.08,3985.812999679182,4692.271454206387,-839.1914542063869
TR-044953,2025-10-12,Salt Lake City,Phoenix,Reefer,557.5,1353.73,1391.4611565247974,1365.441949952764,-11.711949952763916
TR-044932,2025-10-12,San Antonio,Indianapolis,Dry Van,963.2,2020.05,2026.5175904870289,2120.9286119972257,-100.87861199722579
TR-044934,2025-10-12,Lubbock,Memphis,Flatbed,850.2,2026.79,1955.484232897133,2120.347978836772,-93.55797883677224
TR-044936,2025-10-12,Austin,Lubbock,Dry Van,70.0,223.8,467.63644605614536,259.46635404588716,-35.66635404588715
TR-044937,2025-10-12,Green Bay,Boston,Reefer,1168.4,2480.64,2584.292038856398,2543.808950233732,-63.168950233732176
TR-044938,2025-10-12,Cincinnati,Kansas City,Dry Van,325.1,775.68,786.3311117566018,768.5990996441034,7.080900355896574
TR-044939,2025-10-12,San Antonio,Dayton,Reefer,1196.6,2807.38,2728.33663146556,2908.3883544664436,-101.0083544664435
TR-044940,2025-10-12,Madison,Houston,Dry Van,935.2,1904.64,1887.1269422809023,1946.7908851483664,-42.15088514836634
TR-044941,2025-10-12,Tulsa,Richmond,Dry Van,1245.4,2344.65,2531.331340345366,2571.1656191821635,-226.5156191821634
TR-044914,2025-10-12,Oklahoma City,Birmingham,Reefer,803.8,1979.4,1844.4399760926854,1990.4985432756346,-11.098543275634484
TR-044942,2025-10-12,Kansas City,Albany,Dry Van,1240.3,2284.16,2470.3538600006186,2409.836090519987,-125.67609051998716
TR-044935,2025-10-12,Grand Rapids,Albany,Flatbed,874.3,1802.29,1934.8627114965375,1955.9959415285464,-153.70594152854642
TR-044945,2025-10-12,Chattanooga,Las Vegas,Dry Van,1880.4,3498.59,3764.940071839984,3402.70344777004,95.88655222996022
TR-044946,2025-10-12,Greensboro,San Francisco,Flatbed,2516.0,4783.76,4832.467493094395,4758.501366340265,25.258633659735096
TR-044947,2025-10-12,Buffalo,San Antonio,Reefer,1555.5,3322.62,3502.132428251732,3293.836817318915,28.78318268108478
TR-044948,2025-10-12,Milwaukee,Baltimore,Reefer,1011.9,2199.27,2223.262024158854,2261.466628994997,-62.1966289949969
TR-044949,2025-10-12,Baton Rouge,Charleston,Reefer,938.8,2202.28,2197.970621664583,2279.0123552541404,-76.7323552541402
TR-044950,2025-10-12,Fort Wayne,Reno,Dry Van,2057.2,3819.25,3996.0995550957127,4635.87521805188,-816.6252180518804
TR-044944,2025-10-12,San Francisco,Tampa,Dry Van,2366.7,4523.92,4485.196634378095,4574.287073953485,-50.36707395348458
TR-044943,2025-10-12,Harrisburg,San Antonio,Dry Van,1546.2,2859.94,3085.9441452076508,3209.577444900207,-349.6374449002069
TR-044929,2025-10-12,Little Rock,Green Bay,Reefer,873.7,2067.28,2029.0565119422515,2089.8852958689376,-22.605295868937446
TR-045016,2025-10-12,Raleigh,Houston,Dry Van,1244.3,2617.89,2589.4795941204166,2799.0423331089078,-181.1523331089079
TR-045003,2025-10-12,Richmond,Cincinnati,Dry Van,648.8,1383.94,1388.2315030223024,1441.3320708113047,-57.39207081130462
TR-044956,2025-10-12,Mobile,Greensboro,Dry Van,501.8,1090.6,1145.7856127073476,1152.4324951690107,-61.832495169010826
TR-044958,2025-10-12,Bakersfield,Syracuse,Dry Van,2634.3,4609.39,4918.118175533846,6297.284139129372,-1687.894139129372
TR-044959,2025-10-12,Richmond,Atlanta,Dry Van,700.4,1524.44,1455.8210680827074,1510.5033179596169,13.936682040383175
TR-044960,2025-10-12,Little Rock,Austin,Flatbed,647.5,1626.35,1530.3572245076357,1586.052203909697,40.29779609030288
TR-044961,2025-10-12,San Antonio,Montgomery,Flatbed,861.6,1981.41,1913.535237485698,2032.4361019148903,-51.026101914890205
TR-044962,2025-10-12,New York,Baltimore,Flatbed,179.4,502.61,549.0639274649047,512.4287812110028,-9.818781211002829
TR-044973,2025-10-12,Detroit,Bakersfield,Dry Van,2269.7,4210.88,4295.175201645278,5401.590078137342,-1190.710078137342
TR-044963,2025-10-12,Amarillo,Austin,Dry Van,445.0,1050.72,1003.7040581167589,1038.5977522914636,12.122247708536406
TR-044965,2025-10-12,New Orleans,Fort Wayne,Dry Van,859.5,1868.9,1793.9010695126967,1816.3046700574735,52.59532994252663
TR-044966,2025-10-12,Tucson,Kansas City,Dry Van,1576.7,3120.57,3180.228919640851,2961.6057538272034,158.96424617279672
TR-044967,2025-10-12,Detroit,Dayton,Reefer,326.2,818.7,866.4570959080747,900.500521537988,-81.80052153798795
TR-044968,2025-10-12,Greensboro,Baltimore,Flatbed,668.0,1487.88,1534.0103546978053,1522.7316019353182,-34.85160193531806
TR-044969,2025-10-12,Chattanooga,Mobile,Flatbed,311.9,849.59,814.2989193483265,889.4071179365832,-39.817117936583145
TR-044970,2025-10-12,Syracuse,Corpus Christi,Reefer,1608.0,3464.77,3535.7856007407295,3271.558505900033,193.21149409996679
TR-044971,2025-10-12,New York,New Orleans,Dry Van,1357.4,2384.04,2802.1358420271317,2694.176798222982,-310.1367982229822
TR-044991,2025-10-12,Milwaukee,San Antonio,Reefer,1044.0,2588.9,2406.724701394068,2485.442257036843,103.45774296315722
TR-044957,2025-10-12,Richmond,Nashville,Dry Van,779.1,1665.24,1661.7645538060192,1666.0083104542796,-0.7683104542795718
TR-044974,2025-10-12,El Paso,Albuquerque,Flatbed,208.3,593.57,623.1456509579918,629.9726768478705,-36.40267684787045
TR-044983,2025-10-12,Richmond,Fort Wayne,Reefer,612.5,313.05,1475.1004508627939,1503.349649909112,-1190.299649909112
TR-044954,2025-10-12,Kansas City,El Paso,Flatbed,1344.7,3049.31,3049.7641520004477,2956.939144326107,92.37085567389295
TR-044976,2025-10-12,Birmingham,Cincinnati,Dry Van,322.1,786.08,761.928042607098,775.8161200933827,10.263879906617376
TR-044977,2025-10-12,Richmond,Columbia,Dry Van,525.9,1089.89,1180.886179561337,1225.991926628593,-136.101926628593
TR-044978,2025-10-12,Atlanta,Bakersfield,Dry Van,2052.3,3945.78,4055.3634711569553,5359.768072481391,-1413.9880724813906
TR-044979,2025-10-12,El Paso,Birmingham,Reefer,1598.2,3500.91,3461.9003338566345,3361.061911923622,139.84808807637773
TR-044980,2025-10-12,Birmingham,Baltimore,Dry Van,1019.8,2147.73,2117.4509054589294,2126.290089429174,21.439910570826214
TR-044981,2025-10-12,Detroit,Harrisburg,Dry Van,489.0,983.62,1038.490662864041,1089.0491270855696,-105.42912708556958
TR-044964,2025-10-12,Hartford,Albuquerque,Dry Van,2347.0,4121.83,4311.8682297124005,3720.2923863790465,401.5376136209534
TR-044982,2025-10-12,Savannah,Boston,Reefer,948.6,2081.43,2237.478368164116,2189.8744650602666,-108.4444650602668
TR-044984,2025-10-12,Lexington,Washington,Reefer,560.4,1381.56,1384.259753904265,1412.868696069377,-31.308696069376992
TR-044985,2025-10-12,Lexington,Cincinnati,Dry Van,128.4,352.69,445.30150472405126,345.00175211738707,7.688247882612927
TR-044987,2025-10-12,Amarillo,Grand Rapids,Dry Van,1385.1,2815.42,2951.395730178115,2909.3143267447367,-93.89432674473665
TR-044988,2025-10-12,Austin,Madison,Dry Van,1184.3,2413.61,2384.9150136780722,2415.292905121994,-1.6829051219938265
TR-044990,2025-10-12,Savannah,Grand Rapids,Flatbed,850.6,1805.16,1866.62556615625,1927.8632592154636,-122.7032592154635
TR-044989,2025-10-12,Montgomery,Richmond,Dry Van,809.7,1658.07,1708.9718318968207,1729.774205688354,-71.70420568835402
TR-044975,2025-10-12,Albany,Amarillo,Dry Van,2291.8,4123.49,4375.36045682023,4104.655965880711,18.834034119288845
TR-044986,2025-10-12,Kansas City,Richmond,Dry Van,921.1,1775.61,1874.955786535702,1894.7230032038265,-119.11300320382657
TR-044992,2025-10-12,Baton Rouge,Buffalo,Dry Van,1272.4,2366.64,2525.40929639913,2462.58898867491,-95.9489886749102
TR-044972,2025-10-12,Fresno,Buffalo,Dry Van,2666.9,4665.83,4834.399308579739,6436.095721524807,-1770.2657215248073
TR-044994,2025-10-12,Buffalo,New York,Reefer,350.6,864.2,879.5857134441446,934.4113625403457,-70.2113625403457
TR-044995,2025-10-12,Tampa,Atlanta,Dry Van,523.5,1150.82,1208.3703565275339,1100.2190490320795,50.600950967920426
TR-044996,2025-10-12,Charleston,Los Angeles,Flatbed,2571.0,4984.52,4886.663942528678,7125.7810342810535,-2141.261034281053
TR-044997,2025-10-12,Albuquerque,Chattanooga,Reefer,1497.1,3322.65,3194.0420345678685,3335.171978171145,-12.521978171144838
TR-044998,2025-10-12,Cincinnati,Mobile,Dry Van,456.0,1079.12,1063.5070567186856,1055.6003711563878,23.519628843612054
TR-044999,2025-10-12,Baton Rouge,Fresno,Reefer,1812.2,3867.4,3891.140775416189,4192.741485518185,-325.341485518185
TR-045000,2025-10-12,Birmingham,Lexington,Reefer,334.0,945.35,896.7106885948122,951.507746137281,-6.157746137280924
TR-045001,2025-10-12,Las Vegas,Boston,Flatbed,2879.7,5730.73,5633.918252487168,8057.270751533181,-2326.5407515331817
TR-045011,2025-10-12,Louisville,Phoenix,Dry Van,2007.3,3683.59,3860.2814863226204,4610.341646936043,-926.7516469360426
TR-045012,2025-10-12,Cincinnati,Mobile,Dry Van,471.7,1055.09,992.9939420432015,1017.07934690053,38.01065309946989
TR-045004,2025-10-12,Richmond,San Antonio,Dry Van,1620.9,3086.31,3215.746705267793,3139.69217732383,-53.38217732383009
TR-045005,2025-10-12,Cincinnati,Albany,Reefer,1103.4,2404.85,2527.6671470477168,2500.686007341282,-95.83600734128231
TR-045006,2025-10-12,Oklahoma City,Amarillo,Dry Van,423.7,986.83,950.3323894083874,1038.2404582463569,-51.410458246356825
TR-045007,2025-10-12,San Francisco,Memphis,Reefer,2015.4,4289.52,4329.4194884840535,4433.422775569803,-143.90277556980254
TR-045008,2025-10-12,Atlanta,Savannah,Reefer,295.8,841.8,846.6506759863794,887.676392327295,-45.87639232729509
TR-045009,2025-10-12,Mobile,Fort Wayne,Dry Van,766.3,1618.21,1646.7938264750996,1634.8710423824093,-16.661042382409278
TR-045028,2025-10-12,Savannah,New York,Dry Van,763.0,1565.85,1613.731120912214,1617.5545226055344,-51.70452260553452
TR-045002,2025-10-12,Kansas City,Amarillo,Reefer,1041.5,2294.83,2322.1711973969896,2407.0263564747283,-112.19635647472842
TR-045013,2025-10-12,Albuquerque,Green Bay,Dry Van,1547.1,2762.18,3070.095321937113,2615.2839030871437,146.89609691285614
TR-045010,2025-10-12,Columbia,Cincinnati,Dry Van,315.4,754.57,755.7312317146966,742.5697551519182,12.00024484808182
TR-045015,2025-10-12,Oklahoma City,Toledo,Dry Van,1230.9,2335.28,2446.709918477315,2473.8586056315175,-138.57860563151735
TR-045031,2025-10-12,Las Vegas,San Antonio,Dry Van,1221.9,2555.23,2524.761742560198,2574.731215649726,-19.501215649725964
TR-045017,2025-10-12,Hartford,Lexington,Flatbed,839.3,1872.51,1856.7578461074727,1982.2176094968127,-109.70760949681267
TR-045018,2025-10-12,Boston,Green Bay,Dry Van,1172.6,2281.0,2455.921960636084,2410.040810694974,-129.04081069497397
TR-045019,2025-10-12,San Francisco,Lubbock,Dry Van,1553.7,3022.71,3081.9909868018294,2991.945104146686,30.7648958533141
TR-044993,2025-10-12,Toledo,New York,Dry Van,686.5,1431.36,1420.0383202980024,1486.6122081588571,-55.25220815885723
TR-045021,2025-10-12,Bakersfield,Amarillo,Dry Van,828.4,1658.02,1708.7115161436634,1808.959039301428,-150.939039301428
TR-045014,2025-10-12,San Antonio,Nashville,Reefer,863.8,2187.12,2028.6179005555157,2164.536884068515,22.583115931484826
TR-045022,2025-10-12,Jacksonville,Reno,Flatbed,2304.8,1384.9,4604.936227517515,8195.946137035542,-6811.046137035542
TR-045020,2025-10-12,Jacksonville,Lubbock,Reefer,1091.3,2392.62,2490.34595231381,2541.500671184045,-148.88067118404524
TR-045025,2025-10-12,Buffalo,Grand Rapids,Dry Van,492.9,1067.05,1139.3742132501438,1033.5582262826076,33.491773717392334
TR-045026,2025-10-12,Reno,Kansas City,Reefer,1675.4,3341.53,3621.796484053325,32169.070004327532,-28827.540004327533
TR-045027,2025-10-12,Lubbock,Dayton,Reefer,1246.6,2778.71,2746.5592353910915,2904.07688922184,-125.36688922183976
TR-045029,2025-10-12,Amarillo,Lexington,Dry Van,1349.9,2688.28,2747.05509292155,2708.5044381751263,-20.224438175126124
TR-045030,2025-10-12,Syracuse,Grand Rapids,Flatbed,563.3,1216.24,1305.6677075489495,1210.2589069661703,5.981093033829666
TR-044955,2025-10-12,Indianapolis,San Antonio,Dry Van,970.6,2060.7,2038.4660413515894,2182.2251114683954,-121.52511146839561
TR-045023,2025-10-12,Tampa,Albuquerque,Flatbed,1670.1,3319.48,3482.2312134839894,3011.599481600181,307.8805183998188
TR-045024,2025-10-12,Kansas City,Lexington,Reefer,433.4,3362.18,1141.195540897449,1185.2243855103995,2176.9556144896005
TR-045035,2025-10-13,Philadelphia,Little Rock,Dry Van,1312.8,2543.97,2607.2104032049992,2647.372712995894,-103.40271299589403
TR-045036,2025-10-13,Greensboro,Detroit,Flatbed,633.1,1451.04,1484.2726621903314,1506.8353943410782,-55.795394341078236
TR-045037,2025-10-13,Detroit,Lexington,Reefer,556.7,1369.27,1389.3688914283027,1376.9413055765938,-7.671305576593795
TR-045038,2025-10-13,Philadelphia,Shreveport,Dry Van,1367.9,2571.86,2803.205582949709,2731.7301119325534,-159.8701119325533
TR-045049,2025-10-13,Amarillo,Columbia,Dry Van,1401.3,2777.82,2847.590565828171,2818.0269268508364,-40.206926850836226
TR-045039,2025-10-13,Bakersfield,Columbia,Dry Van,2180.1,3988.55,4113.51097747912,4100.163207668286,-111.61320766828612
TR-045041,2025-10-13,Los Angeles,Shreveport,Dry Van,1765.1,3640.18,3508.987579002861,3281.410940204522,358.7690597954779
TR-045052,2025-10-13,Harrisburg,Las Vegas,Reefer,2442.4,4974.03,4906.299080452705,5495.724274385382,-521.6942743853824
TR-045043,2025-10-13,Milwaukee,Bakersfield,Flatbed,1878.1,3927.57,3959.6174232586122,4792.302843981786,-864.7328439817861
TR-045044,2025-10-13,Charleston,Tucson,Dry Van,2311.7,4503.52,4350.405260048585,4765.722092065271,-262.20209206527034
TR-045045,2025-10-13,Harrisburg,Memphis,Flatbed,826.2,1849.17,1825.3458724210377,1937.2463291968693,-88.07632919686921
TR-045046,2025-10-13,Tampa,San Francisco,Flatbed,2471.3,4879.94,4862.287954274633,7210.801534135223,-2330.8615341352233
TR-045047,2025-10-13,Little Rock,Philadelphia,Dry Van,1299.7,2605.57,2694.4878469308655,2658.2239493451543,-52.65394934515416
TR-045040,2025-10-13,Atlanta,Greensboro,Dry Van,268.3,638.18,670.0377076493648,624.2827833843088,13.89721661569115
TR-045070,2025-10-13,Shreveport,Albany,Dry Van,1600.5,3050.52,3173.0110816308843,4274.972982199422,-1224.4529821994224
TR-045034,2025-10-13,Grand Rapids,Fort Wayne,Dry Van,204.2,514.9,559.2848937617362,522.9045745407327,-8.004574540732733
TR-045042,2025-10-13,Shreveport,Tampa,Flatbed,534.2,1355.62,1280.7393544426086,1388.6672005901273,-33.04720059012743
TR-045033,2025-10-13,Nashville,Philadelphia,Reefer,1029.6,2284.89,2304.6350125968747,2372.283244495625,-87.39324449562491
TR-045064,2025-10-13,Lexington,Memphis,Dry Van,317.0,742.08,767.2147202365998,767.0577149716022,-24.977714971602154
TR-045048,2025-10-13,Hartford,St. Louis,Reefer,1119.3,2474.28,2569.9494716717677,2451.07610110784,23.203898892160396
TR-045055,2025-10-13,Detroit,Little Rock,Dry Van,898.1,1829.25,1796.4841179945233,1851.0457793912663,-21.79577939126625
TR-045056,2025-10-13,Hartford,Dallas,Dry Van,1602.4,3162.14,3190.454701315715,2900.74785952643,261.3921404735697
TR-045057,2025-10-13,Mobile,Lexington,Dry Van,496.9,1143.08,1136.5991986093545,1114.4872778172935,28.59272218270644
TR-045058,2025-10-13,Milwaukee,Louisville,Dry Van,199.9,519.54,613.8587279564697,536.6883512665745,-17.148351266574537
TR-045059,2025-10-13,Oklahoma City,Fresno,Dry Van,1450.0,3007.71,3025.694158353288,2018.9226375663982,988.7873624336019
TR-045051,2025-10-13,Tucson,Louisville,Reefer,1828.1,3824.2,3996.325382173064,3638.405823941013,185.79417605898698
TR-045060,2025-10-13,Raleigh,Columbia,Reefer,420.9,183.77,1030.648248825844,1103.4398890315229,-919.6698890315229
TR-045110,2025-10-13,Grand Rapids,Jacksonville,Flatbed,911.4,1925.69,2055.8786086218374,2153.8547977592034,-228.16479775920334
TR-045062,2025-10-13,San Antonio,Mobile,Dry Van,741.5,1637.63,1589.5027362924125,1678.5842677573735,-40.95426775737337
TR-045065,2025-10-13,Mobile,Phoenix,Dry Van,1932.6,3874.45,3873.9589881587717,3898.75896878917,-24.308968789170194
TR-045066,2025-10-13,Albany,Tucson,Dry Van,2869.2,5162.77,5234.33221176052,4655.627299624307,507.1427003756935
TR-045067,2025-10-13,New York,Lexington,Dry Van,751.7,1471.76,1591.276973173274,1536.4531851091526,-64.69318510915264
TR-045068,2025-10-13,Baton Rouge,Houston,Dry Van,168.4,477.88,516.2927242817179,491.03561591696604,-13.155615916966042
TR-045061,2025-10-13,Savannah,Jacksonville,Reefer,220.1,627.77,658.8666069944907,663.0430183601037,-35.27301836010372
TR-045069,2025-10-13,Los Angeles,Fresno,Flatbed,431.5,1067.9,1110.2348246174877,1120.9558345457335,-53.05583454573343
TR-045050,2025-10-13,Los Angeles,Chattanooga,Dry Van,2086.2,3819.0,3977.8548018842075,3596.9190060366695,222.08099396333046
TR-045063,2025-10-13,Atlanta,Cincinnati,Reefer,214.6,614.9,645.9569075601491,659.9121146149835,-45.01211461498349
TR-045072,2025-10-13,Hartford,Memphis,Dry Van,1161.0,2331.4,2397.587425717983,2321.244734069879,10.155265930121004
TR-045082,2025-10-13,Philadelphia,Houston,Reefer,1597.1,3580.57,3578.8896661448043,3322.2269367940307,258.34306320596943
TR-045094,2025-10-13,Indianapolis,Philadelphia,Reefer,1032.2,2337.81,2364.8009857970037,2355.112828201828,-17.302828201828106
TR-045075,2025-10-13,Nashville,Lexington,Dry Van,254.7,679.14,670.0926110396551,656.1105730743142,23.02942692568581
TR-045076,2025-10-13,Louisville,Montgomery,Flatbed,522.6,1291.98,1253.1067023135774,1276.9100260864468,15.069973913553213
TR-045077,2025-10-13,Nashville,Buffalo,Dry Van,783.8,1628.59,1665.348495388822,1739.0755980532701,-110.48559805327022
TR-045090,2025-10-13,Dayton,San Antonio,Reefer,1177.9,2652.84,2685.8226436643567,2766.7769707256293,-113.93697072562918
TR-045079,2025-10-13,Indianapolis,Montgomery,Dry Van,619.7,1337.68,1384.5434927858196,1360.8327170707294,-23.152717070729295
TR-045080,2025-10-13,Albany,Boston,Flatbed,394.7,931.92,978.1365218097944,977.3624771036361,-45.44247710363618
TR-045081,2025-10-13,Milwaukee,Bakersfield,Reefer,1859.8,4140.0,4020.8846225277775,4031.835941016905,108.16405898309495
TR-045074,2025-10-13,Tampa,Buffalo,Dry Van,1205.1,2334.39,2444.322078242253,2511.7714828510634,-177.38148285106354
TR-045078,2025-10-13,Bakersfield,Albany,Reefer,2947.1,5863.45,5816.071579514468,6258.322864400899,-394.87286440089883
TR-045084,2025-10-13,Mobile,Philadelphia,Dry Van,1183.2,2338.47,2492.8604154749128,2499.57237493856,-161.1023749385604
TR-045085,2025-10-13,San Antonio,Austin,Reefer,113.9,372.04,491.44495925077945,396.0160951204316,-23.97609512043158
TR-045086,2025-10-13,Bakersfield,Jacksonville,Flatbed,2183.1,4530.94,4402.263610837674,3058.9313241340074,1472.0086758659922
TR-045087,2025-10-13,Birmingham,Cincinnati,Reefer,307.6,861.67,875.3290831678828,908.5120122031472,-46.84201220314719
TR-045088,2025-10-13,Savannah,Reno,Flatbed,2440.7,4729.73,4763.495505767812,6142.06487409369,-1412.3348740936908
TR-045089,2025-10-13,Toledo,Reno,Dry Van,2104.6,3758.58,4020.9563725803523,4698.749331931289,-940.169331931289
TR-045054,2025-10-13,Grand Rapids,Oklahoma City,Dry Van,1214.7,2315.28,2419.8492056619334,2770.0140589003886,-454.7340589003884
TR-045083,2025-10-13,Richmond,Mobile,Dry Van,936.9,2047.91,1940.9409045550656,1999.8421890861484,48.067810913851645
TR-045093,2025-10-13,Shreveport,Montgomery,Dry Van,442.2,1045.18,1009.1086609639669,1020.3187831081125,24.86121689188758
TR-045073,2025-10-13,Little Rock,Baton Rouge,Dry Van,321.9,778.13,747.6715266500273,757.909162394554,20.220837605446036
TR-045091,2025-10-13,Milwaukee,Kansas City,Dry Van,184.1,507.81,516.9262086182553,494.6059260701765,13.204073929823494
TR-045095,2025-10-13,Buffalo,Amarillo,Dry Van,1758.3,3264.47,3423.945212136605,3086.573434236885,177.89656576311472
TR-045096,2025-10-13,Nashville,Phoenix,Dry Van,1950.6,3551.29,3822.449984060186,4638.486402800866,-1087.196402800866
TR-045097,2025-10-13,Baton Rouge,Nashville,Dry Van,523.4,1176.17,1161.545834848199,1138.481322269845,37.68867773015518
TR-045098,2025-10-13,Birmingham,Reno,Dry Van,2173.4,3810.77,4023.728002176115,3787.6687114269753,23.101288573024704
TR-045099,2025-10-13,Baton Rouge,Birmingham,Dry Van,475.1,1086.76,1047.661158080061,1037.7940562048982,48.96594379510179
TR-045100,2025-10-13,Mobile,Dayton,Dry Van,706.5,1564.31,1445.324240416216,1536.3551923035498,27.95480769645019
TR-045101,2025-10-13,Bakersfield,Greensboro,Dry Van,2305.2,4398.08,4444.375217581224,4271.75973718332,126.32026281668004
TR-045109,2025-10-13,Green Bay,Los Angeles,Reefer,2296.3,4629.26,4647.493933173246,5068.329043172156,-439.06904317215594
TR-045102,2025-10-13,Hartford,Little Rock,Dry Van,1364.1,2582.85,2780.5538058682087,2788.4591858500717,-205.60918585007175
TR-045104,2025-10-13,Lexington,El Paso,Reefer,1704.1,3530.07,3605.0224791616265,3110.1433123241727,419.92668767582745
TR-045105,2025-10-13,Atlanta,Philadelphia,Dry Van,937.9,1887.2,1885.1818296864963,1906.634372602345,-19.434372602344865
TR-045106,2025-10-13,Philadelphia,Nashville,Dry Van,1015.5,2038.66,2138.299655907921,2135.2868137994305,-96.62681379943047
TR-045107,2025-10-13,St. Louis,Detroit,Dry Van,558.6,1147.88,1250.615672805821,1213.0077163082642,-65.1277163082641
TR-045108,2025-10-13,Albany,Nashville,Reefer,1241.1,2699.37,2756.8045127304913,2827.4508079730817,-128.08080797308185
TR-045071,2025-10-13,El Paso,Kansas City,Dry Van,1297.6,2695.24,2703.7648048219125,2713.7239105958165,-18.483910595816724
TR-045092,2025-10-13,Fresno,Milwaukee,Reefer,2075.6,4601.77,4354.106710711563,4390.886247774766,210.88375222523428
TR-045103,2025-10-13,Oklahoma City,Indianapolis,Dry Van,830.3,1736.01,1701.8940224119956,1945.9186637264638,-209.90866372646383
TR-045053,2025-10-13,Oklahoma City,Austin,Reefer,229.4,700.87,702.6801297560266,761.803206223577,-60.93320622357703
TR-045032,2025-10-13,Reno,Boston,Dry Van,3062.2,5345.38,5430.44527509322,6176.689417421846,-831.3094174218459
TR-045139,2025-10-13,Los Angeles,Mobile,Flatbed,1950.8,4187.86,4086.7465077196503,2860.7295443987996,1327.1304556012
TR-045116,2025-10-13,Fresno,Buffalo,Dry Van,2690.8,4805.58,4903.132681121195,6727.2891145325675,-1921.7091145325676
TR-045117,2025-10-13,Charleston,Lubbock,Dry Van,1425.4,2895.96,2979.16735165285,2809.508782563635,86.45121743636491
TR-045118,2025-10-13,Mobile,Corpus Christi,Reefer,602.2,1542.88,1441.364600602937,1602.4236245414143,-59.54362454141415
TR-045119,2025-10-13,Hartford,Albany,Reefer,380.2,928.48,972.0706273402604,1004.6329979692248,-76.15299796922477
TR-045120,2025-10-13,El Paso,Oklahoma City,Dry Van,790.6,1624.97,1670.9133914404458,1764.8548395688665,-139.88483956886648
TR-045121,2025-10-13,Oklahoma City,Albuquerque,Reefer,769.0,1854.11,1777.239342913576,1848.8428980233612,5.267101976638742
TR-045122,2025-10-13,San Francisco,Kansas City,Dry Van,1979.1,3627.39,3773.6187434769536,3660.525166539074,-33.13516653907391
TR-045150,2025-10-13,Syracuse,Phoenix,Dry Van,2729.1,4872.9,4857.251538099099,4554.67720962777,318.2227903722296
TR-045123,2025-10-13,Amarillo,Toledo,Flatbed,1482.9,2959.16,3089.072263343389,2647.4050895988444,311.7549104011555
TR-045125,2025-10-13,Oklahoma City,New Orleans,Reefer,443.2,1162.83,1116.1214630789339,1206.9478114971816,-44.11781149718172
TR-045126,2025-10-13,Syracuse,Milwaukee,Flatbed,753.5,1607.11,1713.8076872230206,1744.6039285948168,-137.4939285948169
TR-045127,2025-10-13,Bakersfield,Madison,Dry Van,1806.8,3303.37,3541.4308801432217,4889.811383870004,-1586.4413838700038
TR-045128,2025-10-13,Indianapolis,Greensboro,Flatbed,467.5,1117.74,1055.3975157601,1132.3869972970108,-14.646997297010785
TR-045129,2025-10-13,Memphis,Phoenix,Flatbed,1839.1,3823.1,3940.309054399264,6568.66843757524,-2745.5684375752403
TR-045130,2025-10-13,Indianapolis,Green Bay,Reefer,483.9,1153.36,1100.5765003663766,1199.8505746481912,-46.49057464819134
TR-045132,2025-10-13,Mobile,El Paso,Dry Van,1521.5,3069.85,3131.368503350215,1378.39328520795,1691.45671479205
TR-045124,2025-10-13,El Paso,Corpus Christi,Reefer,1057.2,2495.79,2489.053478430874,2545.685991082182,-49.89599108218226
TR-045151,2025-10-13,Fort Wayne,Hartford,Dry Van,804.1,1557.7,1722.5611951147612,1711.161924407779,-153.46192440777895
TR-045131,2025-10-13,Fresno,Boston,Flatbed,3189.1,6251.85,6100.160735977109,8695.062455825506,-2443.2124558255055
TR-045133,2025-10-13,Baton Rouge,Green Bay,Reefer,1188.3,2719.91,2685.576725530276,2670.649583620715,49.260416379284834
TR-045111,2025-10-13,Albany,Memphis,Dry Van,1327.6,2573.36,2703.966218727629,2650.186715484385,-76.82671548438475
TR-045134,2025-10-13,Jacksonville,Tampa,Flatbed,360.1,944.34,945.7031796584859,978.594533069904,-34.254533069903914
TR-045135,2025-10-13,Shreveport,New York,Reefer,1358.6,3009.58,3122.213250189614,3193.049890447748,-183.46989044774818
TR-045136,2025-10-13,Tucson,Lubbock,Dry Van,953.5,2065.35,1992.8762290664104,2081.7488976405702,-16.39889764057034
TR-045137,2025-10-13,Grand Rapids,Birmingham,Flatbed,818.2,1701.25,1776.9188241137008,1865.6185660182039,-164.36856601820386
TR-045138,2025-10-13,Milwaukee,Cincinnati,Dry Van,239.7,589.41,598.2073713327807,603.2417617899963,-13.831761789996335
TR-045140,2025-10-13,Tucson,Atlanta,Dry Van,1841.1,3426.52,3630.371222565159,3690.1061642511645,-263.5861642511645
TR-045114,2025-10-13,Baltimore,Los Angeles,Dry Van,3011.9,5515.8,5598.971857963626,6477.335276014134,-961.5352760141341
TR-045149,2025-10-13,Baton Rouge,San Francisco,Dry Van,1947.8,3885.41,3908.775312154121,3963.5890840899347,-78.1790840899348
TR-045143,2025-10-13,Phoenix,Bakersfield,Dry Van,384.6,908.3,943.208855099241,957.0888511528157,-48.78885115281571
TR-045144,2025-10-13,Corpus Christi,Amarillo,Dry Van,702.7,1653.52,1503.6463807997645,1600.0883843573306,53.431615642669385
TR-045145,2025-10-13,Columbia,Phoenix,Dry Van,2181.6,3991.15,4093.460665720194,3896.7633871616704,94.38661283832971
TR-045146,2025-10-13,Lubbock,Baton Rouge,Dry Van,502.3,1210.01,1194.0285430694094,1157.5870196333378,52.42298036666216
TR-045147,2025-10-13,Amarillo,Tampa,Flatbed,1278.3,2705.75,2685.3056015983284,2921.9376547599313,-216.18765475993132
TR-045148,2025-10-13,Philadelphia,Amarillo,Flatbed,2057.2,4211.86,4311.848608535006,2857.3910467979554,1354.4689532020443
TR-045141,2025-10-13,Kansas City,Little Rock,Dry Van,416.4,1003.29,982.2091175414544,991.540815355765,11.749184644235015
TR-045142,2025-10-13,Los Angeles,Bakersfield,Dry Van,395.0,949.32,910.8458366145846,1014.5629065387138,-65.24290653871378
TR-045170,2025-10-13,Greensboro,Reno,Dry Van,2297.0,4134.92,4234.527948946005,5215.350335180715,-1080.4303351807148
TR-045115,2025-10-13,Tampa,San Francisco,Reefer,2487.1,4991.89,4973.095015165179,5532.342082889231,-540.452082889231
TR-045175,2025-10-13,Houston,Nashville,Reefer,590.4,1481.4,1477.18105256524,1508.293394158902,-26.893394158901856
TR-045155,2025-10-13,Richmond,Columbia,Dry Van,521.8,1109.09,1185.8780850761784,1097.540108458252,11.549891541747911
TR-045156,2025-10-13,Richmond,Bakersfield,Dry Van,2648.2,5016.22,5021.696040230107,6604.180413034227,-1587.9604130342268
TR-045157,2025-10-13,St. Louis,Chattanooga,Dry Van,302.1,718.33,754.4456133291858,702.222910743797,16.10708925620304
TR-045158,2025-10-13,Buffalo,Little Rock,Dry Van,1060.0,2128.49,2146.026435843064,2091.9445556637347,36.545444336265064
TR-045159,2025-10-13,Oklahoma City,Mobile,Flatbed,719.4,1654.44,1566.600809896943,1955.1228170945594,-300.68281709455937
TR-045160,2025-10-13,Hartford,Houston,Reefer,1683.0,3596.69,3688.7437951391776,3523.1277446165413,73.5622553834587
TR-045172,2025-10-13,Richmond,Greensboro,Reefer,449.2,1165.84,1099.463674580068,1198.7466199332548,-32.90661993325489
TR-045161,2025-10-13,Philadelphia,Indianapolis,Dry Van,999.8,1892.28,2056.6579963480344,2049.1501847877475,-156.87018478774758
TR-045163,2025-10-13,Columbia,Grand Rapids,Dry Van,739.8,1447.88,1563.553083084415,1549.1795827461199,-101.29958274611977
TR-045164,2025-10-13,New Orleans,Grand Rapids,Dry Van,939.5,1947.82,1903.2046353817714,1974.816054218104,-26.996054218104064
TR-045165,2025-10-13,Oklahoma City,Atlanta,Dry Van,866.0,1811.29,1817.6116445799926,1924.639840411595,-113.3498404115951
TR-045166,2025-10-13,Baton Rouge,Corpus Christi,Dry Van,279.8,696.61,700.6762818885918,724.6163993422866,-28.006399342286613
TR-045167,2025-10-13,Toledo,Mobile,Flatbed,878.4,1829.6,1903.7899181072237,1957.9274063060666,-128.32740630606668
TR-045168,2025-10-13,Lexington,Atlanta,Dry Van,217.6,531.39,568.5843387479335,548.7063149540775,-17.316314954077484
TR-045169,2025-10-13,Mobile,Kansas City,Dry Van,669.1,1498.22,1436.465804748223,1544.8959595558815,-46.67595955588149
TR-045162,2025-10-13,Green Bay,Chattanooga,Dry Van,742.3,1498.67,1567.2173824964893,1576.3610014832961,-77.69100148329608
TR-045153,2025-10-13,New York,Lexington,Reefer,788.7,1810.54,1818.6775568082817,1941.735427619775,-131.19542761977505
TR-045154,2025-10-13,Corpus Christi,Los Angeles,Dry Van,1496.3,2950.89,3049.901249800443,2799.3683818294435,151.5216181705564
TR-045171,2025-10-13,Little Rock,El Paso,Dry Van,1214.1,2469.17,2516.6929793291583,2600.4932457930418,-131.32324579304168
TR-045112,2025-10-13,Fresno,Amarillo,Reefer,1038.1,2479.0,2426.3907083253293,2563.4377346167735,-84.43773461677347
TR-045176,2025-10-13,Toledo,Mobile,Flatbed,839.3,1803.73,1828.95122089956,1915.0062805828643,-111.27628058286427
TR-045177,2025-10-13,Kansas City,Montgomery,Flatbed,720.9,1619.19,1624.0848853750424,1752.732256009214,-133.54225600921404
TR-045178,2025-10-13,Savannah,Buffalo,Flatbed,682.2,1540.17,1568.4249430292111,1612.4090210167685,-72.23902101676845
TR-045179,2025-10-13,Grand Rapids,Raleigh,Dry Van,858.0,1688.42,1769.6413237790066,1749.220732391921,-60.800732391920974
TR-045180,2025-10-13,Tulsa,Bakersfield,Dry Van,1458.9,2903.7,3060.4708500792867,3547.821019583621,-644.1210195836211
TR-045173,2025-10-13,Green Bay,Baton Rouge,Dry Van,1172.1,2342.66,2444.75798695022,2435.6455548894414,-92.98555488944157
TR-045174,2025-10-13,Corpus Christi,Atlanta,Dry Van,832.1,7004.3,1779.5731015570211,1890.60837778062,5113.69162221938
TR-045182,2025-10-13,Chattanooga,Atlanta,Dry Van,95.5,275.01,455.98311302768207,302.2824881333599,-27.2724881333599
TR-045184,2025-10-13,Jacksonville,Montgomery,Dry Van,138.6,388.7,461.3378899607071,381.810005588625,6.889994411374971
TR-045181,2025-10-13,Birmingham,Amarillo,Dry Van,1199.0,2351.62,2414.8767821285765,2517.770990254618,-166.15099025461814
TR-045186,2025-10-13,Madison,San Francisco,Dry Van,2091.2,3914.01,3972.4347982390505,4720.586483514852,-806.576483514852
TR-045187,2025-10-13,Green Bay,Kansas City,Dry Van,476.7,1027.96,1034.3112538537712,1040.8965705435642,-12.93657054356413
TR-045188,2025-10-13,Kansas City,Buffalo,Dry Van,802.7,1649.6,1683.2762399952053,1713.2313901026243,-63.63139010262444
TR-045189,2025-10-13,Austin,Amarillo,Flatbed,450.5,1181.37,1127.0590775654252,1190.7676944679752,-9.39769446797527
TR-045113,2025-10-13,Lubbock,New Orleans,Dry Van,589.9,1408.07,1359.0715958157045,1407.4429273389717,0.6270726610282509
TR-045183,2025-10-13,Los Angeles,Syracuse,Reefer,2818.8,5708.0,5730.9139282486,5915.793820110689,-207.793820110689
TR-045152,2025-10-13,Grand Rapids,Tulsa,Reefer,983.8,2345.5,2277.0063693867,2387.498227365787,-41.99822736578699
TR-045185,2025-10-13,Oklahoma City,Birmingham,Reefer,810.5,2101.26,1925.163705326629,2083.830592257112,17.42940774288809
TR-045191,2025-10-14,Lexington,Dallas,Reefer,751.7,1786.77,1735.6709885454088,2077.6561150764624,-290.8861150764624
TR-045192,2025-10-14,Indianapolis,Mobile,Dry Van,556.5,1211.92,1245.948689784868,1246.07397158172,-34.153971581719816
TR-045194,2025-10-14,Atlanta,Albany,Reefer,1149.3,2469.79,2586.7574554812395,2513.173631099376,-43.38363109937609
TR-045195,2025-10-14,Kansas City,Albany,Dry Van,1257.7,2463.58,2566.5111445508705,2524.7947352692136,-61.214735269213634
TR-045196,2025-10-14,Syracuse,Richmond,Dry Van,395.5,839.33,888.7946642746724,868.0712222956117,-28.741222295611692
TR-045197,2025-10-14,Tulsa,Shreveport,Reefer,207.9,603.72,631.2444430531966,645.9238796276322,-42.203879627632205
TR-045207,2025-10-14,New York,Los Angeles,Flatbed,2910.9,5648.65,5669.83864208958,7078.871463582667,-1430.2214635826676
TR-045198,2025-10-14,Kansas City,Lubbock,Reefer,1005.2,2240.31,2236.424145915986,2348.103930456444,-107.79393045644383
TR-045199,2025-10-14,Bakersfield,Richmond,Reefer,2563.3,5388.1,5359.840787544621,4820.031703623072,568.0682963769286
TR-045200,2025-10-14,Atlanta,Charleston,Dry Van,452.9,1046.59,1052.4143140803528,1034.6413181899266,11.948681810073367
TR-045201,2025-10-14,Tucson,Little Rock,Dry Van,1498.1,3073.46,3100.9245534133297,2867.520240665056,205.93975933494403
TR-045202,2025-10-14,Phoenix,San Francisco,Dry Van,671.9,1475.73,1473.4261156722973,1476.8180248340218,-1.0880248340217804
TR-045203,2025-10-14,Green Bay,Houston,Flatbed,1218.3,2723.01,2666.3643731220927,2863.665136836543,-140.65513683654262
TR-045204,2025-10-14,Mobile,Boston,Dry Van,1359.3,2826.14,2894.884410255162,2986.674732558012,-160.5347325580119
TR-045205,2025-10-14,Albany,Madison,Dry Van,1115.9,2164.07,2307.4971113822203,2285.498005007486,-121.42800500748581
TR-045190,2025-10-14,Lubbock,Columbia,Reefer,1200.7,2777.11,2638.8246571803847,2809.730397114817,-32.620397114817024
TR-045268,2025-10-14,Lexington,Little Rock,Dry Van,529.6,1237.67,1234.5985171011243,1275.8434411328112,-38.17344113281115
TR-045206,2025-10-14,Syracuse,Baton Rouge,Dry Van,1446.5,2844.66,2990.227192192777,7415.815929769865,-4571.155929769865
TR-045219,2025-10-14,Fresno,Shreveport,Reefer,1869.2,4291.19,4113.499461554251,4131.8007486395545,159.3892513604451
TR-045226,2025-10-14,Oklahoma City,Tucson,Reefer,1028.8,2435.4,2313.7085708529467,2438.029811550416,-2.6298115504159796
TR-045211,2025-10-14,Bakersfield,Memphis,Dry Van,1805.5,3408.35,3554.6247539486485,3351.5516433670755,56.798356632924424
TR-045212,2025-10-14,Albuquerque,Bakersfield,Flatbed,523.1,1262.44,1306.4860810115167,1224.7631283282847,37.67687167171539
TR-045213,2025-10-14,Oklahoma City,Chattanooga,Flatbed,856.1,2066.58,1939.6963449988198,2051.8281990796418,14.751800920358164
TR-045214,2025-10-14,Phoenix,Mobile,Reefer,1957.0,4318.52,4195.301944418484,4140.8642727128135,177.6557272871869
TR-045215,2025-10-14,Louisville,Tampa,Reefer,746.2,1743.83,1697.5108242030597,1931.8531182567444,-188.0231182567445
TR-045216,2025-10-14,Atlanta,Buffalo,Dry Van,758.9,1511.26,1587.354658378552,1626.7305429522598,-115.47054295225985
TR-045241,2025-10-14,Memphis,Kansas City,Dry Van,334.0,834.23,853.1672002349333,818.1426768787737,16.08732312122629
TR-045208,2025-10-14,Green Bay,El Paso,Dry Van,1598.5,2990.4,3165.6325733373815,4369.180974553332,-1378.7809745533318
TR-045209,2025-10-14,Philadelphia,Albany,Dry Van,431.7,924.87,927.0510135255543,969.3499856789853,-44.47998567898526
TR-045220,2025-10-14,Lexington,Tucson,Reefer,1926.1,4115.08,4077.4960450019457,4048.4341793912863,66.64582060871362
TR-045221,2025-10-14,Little Rock,Reno,Dry Van,1732.1,3166.71,3422.681173375042,3370.4919718439805,-203.7819718439805
TR-045222,2025-10-14,Corpus Christi,Little Rock,Reefer,560.3,1432.87,1352.2107976188659,1402.0987973725682,30.77120262743165
TR-045223,2025-10-14,Charleston,San Francisco,Flatbed,2698.0,5133.96,5177.404205519116,7685.909543856317,-2551.949543856317
TR-045224,2025-10-14,Albany,Shreveport,Dry Van,1610.8,3217.94,3325.3058739120906,2873.947714871143,343.992285128857
TR-045225,2025-10-14,Phoenix,Jacksonville,Reefer,2232.9,4875.19,4697.891742670719,4688.299357371652,186.89064262834745
TR-045218,2025-10-14,Raleigh,Syracuse,Dry Van,613.4,1285.24,1342.211486014443,1348.8030344885149,-63.56303448851486
TR-045217,2025-10-14,Jacksonville,Baton Rouge,Dry Van,583.0,1343.75,1357.1112562757658,1411.1722070147755,-67.4222070147755
TR-045227,2025-10-14,Lubbock,Raleigh,Dry Van,1611.3,3280.86,3334.2829920968134,3011.783276554051,269.076723445949
TR-045210,2025-10-14,Shreveport,Oklahoma City,Reefer,444.6,1277.01,1165.1785525288024,1281.4540350733673,-4.444035073367331
TR-045229,2025-10-14,Tulsa,Fort Wayne,Dry Van,882.3,1846.41,1809.5940226525781,1826.1080283942097,20.301971605790413
TR-045231,2025-10-14,Fort Wayne,Tucson,Flatbed,2022.1,4145.97,4331.973990479155,2919.7252734176936,1226.2447265823066
TR-045233,2025-10-14,Los Angeles,Fresno,Dry Van,429.3,944.78,957.0320075971224,1013.9725761155989,-69.19257611559897
TR-045234,2025-10-14,Baltimore,New York,Dry Van,165.5,432.81,530.1577655809165,457.5913291841603,-24.781329184160313
TR-045235,2025-10-14,Montgomery,Oklahoma City,Reefer,884.0,2100.38,2137.12404685022,2253.911947693549,-153.53194769354877
TR-045236,2025-10-14,Greensboro,Baton Rouge,Reefer,805.9,1913.71,1875.2824071596906,2056.341498484386,-142.63149848438616
TR-045237,2025-10-14,Phoenix,Lexington,Reefer,2141.8,4637.6,4370.018601202205,5587.332921019091,-949.732921019091
TR-045238,2025-10-14,Bakersfield,Chattanooga,Flatbed,1973.7,3959.08,4106.858312854033,2226.554092857109,1732.525907142891
TR-045248,2025-10-14,Jacksonville,Harrisburg,Reefer,744.5,1778.9,1764.8201569409157,1880.3132164998462,-101.41321649984616
TR-045232,2025-10-14,Baltimore,Hartford,Dry Van,129.6,342.29,434.11793254518125,380.28190360199176,-37.99190360199174
TR-045246,2025-10-14,Raleigh,Lexington,Dry Van,510.7,1109.5,1207.7069058603552,1122.1579736729477,-12.657973672947719
TR-045239,2025-10-14,Hartford,New York,Flatbed,117.0,335.52,447.239074122758,353.0896911681353,-17.569691168135307
TR-045245,2025-10-14,New York,Memphis,Flatbed,1066.4,2291.8,2327.802682164994,2310.9400806625154,-19.140080662515174
TR-045230,2025-10-14,Mobile,Nashville,Reefer,310.2,868.43,857.9412054174916,930.4043522108548,-61.97435221085482
TR-045243,2025-10-14,Albuquerque,Baton Rouge,Dry Van,1224.7,2517.9,2469.977367241506,2554.21836117501,-36.31836117501007
TR-045242,2025-10-14,Toledo,Lexington,Dry Van,421.8,976.69,937.0126577822664,990.2186489898054,-13.528648989805333
TR-045244,2025-10-14,Philadelphia,Baton Rouge,Dry Van,1468.8,2900.96,2996.95002856108,2664.583482195245,236.37651780475517
TR-045240,2025-10-14,Tucson,Salt Lake City,Dry Van,365.0,876.72,865.359187069334,881.6798914294089,-4.959891429408913
TR-045247,2025-10-14,Houston,Tampa,Flatbed,584.1,1404.53,1407.0502493415934,1479.7531751034496,-75.22317510344965
TR-045264,2025-10-14,Birmingham,Grand Rapids,Dry Van,814.7,1654.43,1683.5890699714014,1726.4700522811554,-72.04005228115534
TR-045249,2025-10-14,Washington,Philadelphia,Dry Van,279.6,672.87,665.8073378796205,736.8628417634947,-63.99284176349465
TR-045251,2025-10-14,Tucson,Toledo,Dry Van,2058.7,3691.68,3904.620140023416,3444.0553047482613,247.62469525173856
TR-045252,2025-10-14,St. Louis,Fresno,Reefer,1947.0,4106.78,4081.2011265966667,4106.068014730035,0.7119852699643161
TR-045253,2025-10-14,Grand Rapids,Baton Rouge,Flatbed,1126.2,2400.42,2497.3240985244674,2478.6863074255966,-78.26630742559655
TR-045254,2025-10-14,Amarillo,Greensboro,Dry Van,1443.3,2829.54,2897.915079052961,2665.6533176136886,163.88668238631135
TR-045255,2025-10-14,Tucson,Albuquerque,Dry Van,450.9,1016.38,1043.40324273024,1078.5600277949811,-62.18002779498113
TR-045256,2025-10-14,Greensboro,Houston,Dry Van,940.2,2068.54,1952.7671268260185,2049.073550847488,19.466449152511814
TR-045257,2025-10-14,Hartford,Atlanta,Dry Van,985.0,1985.13,2006.3017290847374,2078.7980366247634,-93.66803662476332
TR-045250,2025-10-14,Tucson,Washington,Dry Van,2435.3,4492.99,4517.590258752041,4256.560539017282,236.4294609827175
TR-045258,2025-10-14,Shreveport,Providence,Dry Van,1566.2,1068.71,3103.4451731806575,3164.7966353144425,-2096.0866353144424
TR-045260,2025-10-14,Nashville,Albany,Reefer,1274.6,2759.01,2805.442293194247,2925.2650639330427,-166.2550639330425
TR-045261,2025-10-14,Syracuse,Bakersfield,Dry Van,2638.3,4823.0,4838.289012388423,6537.770688880095,-1714.770688880095
TR-045262,2025-10-14,Harrisburg,Corpus Christi,Flatbed,1479.3,3276.21,3210.044200517297,3930.152922902695,-653.942922902695
TR-045263,2025-10-14,Baton Rouge,Buffalo,Dry Van,1273.3,2572.11,2614.8835041877587,2599.3562155994514,-27.24621559945126
TR-045265,2025-10-14,Oklahoma City,Jacksonville,Dry Van,963.9,1917.02,1974.2143572558184,2043.3531691878075,-126.33316918780747
TR-045266,2025-10-14,Houston,Memphis,Dry Van,531.8,1283.37,1278.8789378154036,1332.7295552507364,-49.35955525073655
TR-045228,2025-10-14,Hartford,Savannah,Dry Van,842.2,1645.01,1729.325510479007,1738.35726325258,-93.34726325257998
TR-045259,2025-10-14,Albany,Baton Rouge,Flatbed,1778.0,3810.51,3780.434337199797,1882.3642470044688,1928.1457529955314
TR-045193,2025-10-14,Atlanta,New York,Dry Van,898.9,1880.41,1874.0098515707743,1923.1536670653372,-42.74366706533715
TR-045267,2025-10-14,Cincinnati,Baltimore,Dry Van,924.0,1880.86,1874.833425169605,1933.2668154582498,-52.406815458249866
TR-045321,2025-10-14,Salt Lake City,Syracuse,Dry Van,2281.8,4309.49,4376.480008048003,5403.208818374531,-1093.718818374531
TR-045269,2025-10-14,Milwaukee,Raleigh,Reefer,797.5,1905.9,1841.7060184949062,1986.327145371117,-80.42714537111692
TR-045271,2025-10-14,New York,Austin,Dry Van,1905.1,3737.58,3836.456846020167,3398.3986436077066,339.1813563922933
TR-045272,2025-10-14,Buffalo,New York,Reefer,330.1,870.04,897.4934311077914,929.0179639652386,-58.97796396523859
TR-045273,2025-10-14,Lubbock,Philadelphia,Dry Van,1951.0,3980.47,3986.89842269555,5428.82152612141,-1448.3515261214102
TR-045274,2025-10-14,Phoenix,Nashville,Flatbed,1963.8,4071.09,4140.217965192209,4492.566503259364,-421.4765032593641
TR-045275,2025-10-14,Hartford,Toledo,Reefer,821.2,1882.03,1864.6086316647004,1879.9036280325515,2.126371967448449
TR-045276,2025-10-14,Tampa,Atlanta,Dry Van,553.9,1209.75,1247.8398744549243,1269.2575445335283,-59.50754453352829
TR-045277,2025-10-14,Milwaukee,Lexington,Dry Van,308.2,767.46,778.3843343772553,748.2656610766019,19.194338923398163
TR-045288,2025-10-14,Tucson,Tulsa,Dry Van,1275.1,2495.56,2591.5103251013124,2697.0458285402615,-201.48582854026154
TR-045289,2025-10-14,Atlanta,Charleston,Dry Van,448.6,994.05,1006.6482070729155,1029.4038043568994,-35.353804356899445
TR-045281,2025-10-14,Chattanooga,Mobile,Dry Van,310.7,770.73,762.1081690989638,752.4644363153981,18.265563684601943
TR-045282,2025-10-14,Baltimore,Detroit,Dry Van,837.0,1672.5,1711.812180118963,1721.9810292009308,-49.481029200930834
TR-045283,2025-10-14,Lubbock,Buffalo,Flatbed,1648.6,3460.38,3533.342298253926,3391.218287403033,69.16171259696694
TR-045284,2025-10-14,Lexington,Los Angeles,Dry Van,2237.7,4118.79,4321.046360473814,5257.893945443228,-1139.1039454432284
TR-045285,2025-10-14,Oklahoma City,El Paso,Dry Van,803.3,1817.69,1737.1108088056642,1811.0056842180288,6.684315781971236
TR-045286,2025-10-14,Providence,Baton Rouge,Dry Van,1590.7,9208.2,3156.8287794631133,3047.6426030514363,6160.557396948565
TR-045287,2025-10-14,Albuquerque,Atlanta,Reefer,1552.1,3437.7,3439.002160262177,3440.5547682452807,-2.854768245280866
TR-045278,2025-10-14,Nashville,Oklahoma City,Reefer,761.0,1889.66,1761.814388734542,2117.228806352303,-227.56880635230277
TR-045279,2025-10-14,Phoenix,Buffalo,Reefer,2658.5,5580.26,5415.559508058693,5643.480981190388,-63.22098119038765
TR-045280,2025-10-14,Tampa,Birmingham,Dry Van,418.8,968.58,953.2465814091054,972.6618933301243,-4.081893330124217
TR-045299,2025-10-14,Columbia,Buffalo,Flatbed,667.3,1438.66,1484.30143173084,1573.308456145118,-134.64845614511796
TR-045340,2025-10-14,Greensboro,Savannah,Reefer,213.4,616.61,655.0139472297737,664.057551502658,-47.44755150265803
TR-045292,2025-10-14,Madison,Boston,Reefer,1253.9,2761.78,2841.4117841212606,2818.873249700368,-57.09324970036778
TR-045293,2025-10-14,Harrisburg,El Paso,Dry Van,2155.1,4010.82,4106.447546385467,5366.815544686833,-1355.995544686833
TR-045295,2025-10-14,Chattanooga,Syracuse,Dry Van,891.0,1705.04,1838.9853588404517,1936.2899624878994,-231.24996248789944
TR-045296,2025-10-14,Jacksonville,Fresno,Dry Van,2400.5,4648.25,4754.370118121432,6326.508493922622,-1678.2584939226217
TR-045297,2025-10-14,Toledo,Milwaukee,Flatbed,307.6,796.77,841.334395769753,825.443457160814,-28.673457160813996
TR-045298,2025-10-14,Los Angeles,Columbia,Dry Van,2375.4,4085.68,4401.890485627878,4060.9055015852887,24.77449841471116
TR-045290,2025-10-14,Indianapolis,Baton Rouge,Dry Van,685.1,1550.66,1514.918788285448,1554.9501387128973,-4.29013871289726
TR-045307,2025-10-14,Tucson,Montgomery,Flatbed,1837.8,3923.5,3927.548282833911,3963.501384845824,-40.00138484582385
TR-045301,2025-10-14,Lubbock,Hartford,Reefer,1956.2,4441.37,4199.698192874932,4335.828378797373,105.54162120262663
TR-045302,2025-10-14,Lexington,Lubbock,Reefer,1146.3,2615.32,2594.9107712535038,2612.206330155693,3.113669844306969
TR-045303,2025-10-14,Fort Wayne,Philadelphia,Dry Van,796.6,1653.73,1699.4423678081673,1962.9566868637046,-309.2266868637046
TR-045304,2025-10-14,Bakersfield,Atlanta,Reefer,2045.1,4599.84,4343.752945331673,4288.58890163518,311.2510983648199
TR-045305,2025-10-14,Grand Rapids,Boston,Flatbed,1081.7,2241.93,2428.5881400698277,2451.4177218965137,-209.4877218965139
TR-045306,2025-10-14,Providence,Albany,Dry Van,557.7,1162.93,1244.4878090170141,1250.1843160640196,-87.25431606401958
TR-045291,2025-10-14,Baton Rouge,Fort Wayne,Reefer,1021.7,2390.2,2397.795617271097,2301.3205110825406,88.87948891745918
TR-045300,2025-10-14,Madison,Albany,Dry Van,1122.5,2203.15,2356.685747365628,2339.1018833810913,-135.9518833810912
TR-045308,2025-10-14,Buffalo,Green Bay,Reefer,571.0,1356.86,1444.1965656147904,1424.8549501926336,-67.99495019263372
TR-045294,2025-10-14,Oklahoma City,Louisville,Reefer,862.2,2036.02,1998.3360367418777,2081.1502732748036,-45.130273274803585
TR-045310,2025-10-14,Jacksonville,Green Bay,Dry Van,1017.7,2034.11,2080.787108065921,2184.2643539361557,-150.15435393615576
TR-045312,2025-10-14,Raleigh,San Antonio,Flatbed,1488.0,3322.69,3243.430476795749,2872.0806837454847,450.6093162545153
TR-045313,2025-10-14,Mobile,Amarillo,Dry Van,1113.0,2466.99,2371.579537039284,2424.3238726517734,42.66612734822638
TR-045314,2025-10-14,Raleigh,Grand Rapids,Dry Van,830.3,1718.44,1781.4973327303896,1820.8318104285781,-102.39181042857808
TR-045315,2025-10-14,Little Rock,Buffalo,Flatbed,1045.7,2108.3,2324.000439046103,2383.3099809811006,-275.0099809811004
TR-045316,2025-10-14,Reno,Mobile,Flatbed,2042.4,4190.59,4277.929143361908,3856.877631412121,333.71236858787915
TR-045317,2025-10-14,St. Louis,Providence,Dry Van,1295.7,2555.1,2578.8094280382843,2673.743053070275,-118.64305307027507
TR-045318,2025-10-14,Phoenix,Green Bay,Dry Van,2140.7,3988.15,4150.433162659067,6035.9783568850935,-2047.8283568850934
TR-045311,2025-10-14,Charleston,Tampa,Reefer,706.8,1752.33,1673.2243254783712,1745.526297242154,6.80370275784594
TR-045319,2025-10-14,Boston,Grand Rapids,Reefer,1045.9,2282.3,2412.2472712021367,2356.6199035077857,-74.31990350778551
TR-045322,2025-10-14,Milwaukee,Tampa,Dry Van,906.4,1945.1,1890.4404164281457,1928.4539325408198,16.64606745918013
TR-045323,2025-10-14,Phoenix,Buffalo,Reefer,2671.5,5493.16,5401.567441941604,4934.451146932724,558.7088530672754
TR-045324,2025-10-14,Shreveport,Toledo,Dry Van,910.2,1952.91,1907.4166484735,1989.6716821291868,-36.76168212918674
TR-045325,2025-10-14,Oklahoma City,Buffalo,Dry Van,1527.6,2834.36,3072.170270799682,4050.3846787535435,-1216.0246787535434
TR-045327,2025-10-14,Indianapolis,Nashville,Reefer,288.5,788.0,805.5286966137235,825.5860880299522,-37.58608802995218
TR-045309,2025-10-14,Chattanooga,Atlanta,Dry Van,70.0,211.65,512.1963222450231,261.12630351840176,-49.47630351840175
TR-045270,2025-10-14,Dayton,Jacksonville,Flatbed,646.9,1394.17,1448.4471794386266,1532.7611189135484,-138.59111891354837
TR-045320,2025-10-14,New York,Chattanooga,Dry Van,948.2,1864.02,2017.6213390851483,2009.045701262678,-145.025701262678
TR-045328,2025-10-14,Milwaukee,New York,Dry Van,950.2,1874.94,1921.2608989464952,1924.710421246457,-49.77042124645686
TR-045326,2025-10-14,Tulsa,Austin,Flatbed,490.4,1281.05,1250.48663202735,1306.2498654027263,-25.199865402726346
TR-045330,2025-10-14,Indianapolis,Tucson,Dry Van,1715.0,3071.43,3387.5612127175855,3566.944996830985,-495.5149968309852
TR-045329,2025-10-14,Syracuse,Jacksonville,Dry Van,995.8,2027.7,2152.5148749462296,2118.172187689332,-90.47218768933203
TR-045333,2025-10-14,Richmond,San Antonio,Dry Van,1614.3,3193.71,3327.310727919539,3523.6239990866934,-329.91399908669337
TR-045335,2025-10-14,Greensboro,Baltimore,Dry Van,666.3,1464.04,1472.938628119044,1449.0326408348874,15.007359165112575
TR-045336,2025-10-14,Philadelphia,Phoenix,Reefer,2864.4,5606.16,5562.714406803743,6015.222473093026,-409.0624730930258
TR-045337,2025-10-14,Albany,Phoenix,Reefer,3084.8,6049.66,5952.865642188693,6002.707628481368,46.95237151863148
TR-045338,2025-10-14,San Antonio,Raleigh,Dry Van,1492.6,3055.38,3051.623143760118,2750.2085486265237,305.17145137347643
TR-045331,2025-10-14,Houston,Philadelphia,Flatbed,1593.9,3532.28,3478.0838351939683,6053.352028494723,-2521.0720284947224
TR-045339,2025-10-14,Milwaukee,Detroit,Dry Van,427.2,913.33,917.3506608553005,986.2588728379512,-72.92887283795119
TR-045334,2025-10-14,Tucson,Nashville,Dry Van,1722.7,3520.42,3461.9612398785443,1427.4498528934942,2092.970147106506
TR-045343,2025-10-14,Grand Rapids,San Antonio,Reefer,1344.2,3065.85,3143.824791314206,3202.980319518806,-137.13031951880612
TR-045341,2025-10-14,Reno,Philadelphia,Flatbed,2761.9,5064.85,5302.3841054088325,6242.62458434789,-1177.7745843478897
TR-045342,2025-10-14,Salt Lake City,Reno,Dry Van,520.8,1176.84,1173.3970087019118,1142.6177168820689,34.222283117931056
TR-045348,2025-10-14,Phoenix,Nashville,Flatbed,1949.8,4179.65,4065.072464924465,3967.7934524376487,211.8565475623509
TR-045332,2025-10-14,Tucson,El Paso,Reefer,291.6,753.38,808.5153790556894,860.5589754527902,-107.17897545279016
TR-045346,2025-10-14,Atlanta,Oklahoma City,Dry Van,889.0,1987.31,1876.37959154788,2236.4317047463796,-249.1217047463797
TR-045345,2025-10-14,Milwaukee,Memphis,Dry Van,342.5,804.05,840.1431041218596,913.127946928186,-109.07794692818607
TR-045347,2025-10-14,Houston,Harrisburg,Dry Van,1285.7,2500.22,2554.149736845237,2612.9847699141405,-112.76476991414074
TR-045344,2025-10-14,Bakersfield,New Orleans,Dry Van,1678.5,3328.78,3352.6105903054076,3060.253596212099,268.526403787901
TR-045363,2025-10-15,Oklahoma City,Fresno,Reefer,1412.1,3272.45,3230.970628216849,3376.932452131635,-104.482452131635
TR-045349,2025-10-15,Corpus Christi,Atlanta,Dry Van,844.3,1914.6,1827.1829107053122,1912.9138195756502,1.6861804243496863
TR-045422,2025-10-15,Fort Wayne,Richmond,Dry Van,599.1,1255.95,1288.7987712362014,1482.9766342439393,-227.02663424393927
TR-045351,2025-10-15,San Antonio,Louisville,Dry Van,975.0,2136.84,2102.8768578054555,2216.899529959535,-80.05952995953476
TR-045352,2025-10-15,Philadelphia,Cincinnati,Dry Van,904.1,1822.83,1831.685794971643,1837.784056134062,-14.954056134062057
TR-045353,2025-10-15,Buffalo,Hartford,Dry Van,441.5,932.17,972.6540526603349,986.2617537349981,-54.09175373499818
TR-045354,2025-10-15,Nashville,Baton Rouge,Dry Van,525.4,1251.37,1464.6068526892338,1564.9248915254316,-313.5548915254317
TR-045356,2025-10-15,Louisville,Montgomery,Dry Van,487.7,1123.71,1290.404852326188,1153.5628301305928,-29.852830130592793
TR-045357,2025-10-15,Memphis,Lexington,Flatbed,333.8,881.42,879.2107704044861,923.9090988810023,-42.48909888100229
TR-045359,2025-10-15,Columbia,Richmond,Dry Van,526.0,1204.07,1237.5391884722158,1255.7014265368534,-51.631426536853496
TR-045360,2025-10-15,Milwaukee,Nashville,Dry Van,366.1,861.53,892.1899270029212,849.6939805379893,11.836019462010654
TR-045361,2025-10-15,Grand Rapids,St. Louis,Flatbed,473.2,1178.27,1177.2746434080204,1172.6682164049507,5.601783595049255
TR-045364,2025-10-15,Syracuse,Los Angeles,Reefer,2731.0,5462.43,5661.7883783530115,5337.961454517975,124.46854548202555
TR-045362,2025-10-15,Memphis,Shreveport,Reefer,324.0,961.45,877.7118566630941,989.5410185807262,-28.0910185807262
TR-045355,2025-10-15,Phoenix,Oklahoma City,Dry Van,1247.0,2684.76,2615.3982227827664,2741.5704881986317,-56.81048819863145
TR-045358,2025-10-15,Oklahoma City,Little Rock,Reefer,516.9,1355.77,1249.3382768327072,1404.9032579114719,-49.1332579114719
TR-045377,2025-10-15,Fresno,Fort Wayne,Dry Van,2294.0,4165.83,4410.961775935861,3855.098853575698,310.7311464243021
TR-045383,2025-10-15,Buffalo,New York,Reefer,324.7,834.92,847.5844031876393,892.7648173210692,-57.844817321069286
TR-045369,2025-10-15,Raleigh,Las Vegas,Dry Van,2506.4,4877.5,4780.509728025915,5363.974042130799,-486.4740421307988
TR-045365,2025-10-15,Raleigh,Phoenix,Dry Van,2680.5,5007.73,5037.804542457787,5663.000397066072,-655.2703970660723
TR-045370,2025-10-15,Hartford,Bakersfield,Dry Van,2886.1,5287.91,5269.11037376739,7543.556955905839,-2255.6469559058387
TR-045371,2025-10-15,Birmingham,Little Rock,Flatbed,372.1,1009.32,992.8409542409615,1029.3264832939908,-20.006483293990755
TR-045372,2025-10-15,Salt Lake City,Fort Wayne,Flatbed,1763.5,3554.36,3831.9859749168436,4362.855074754455,-808.4950747544549
TR-045373,2025-10-15,El Paso,Montgomery,Reefer,1598.8,3644.6,3597.915478765889,3594.2151025795515,50.3848974204484
TR-045374,2025-10-15,Reno,Richmond,Reefer,2596.3,5404.21,5359.866493465591,4920.96246266799,483.2475373320103
TR-045375,2025-10-15,Grand Rapids,Columbia,Dry Van,745.8,1655.51,1611.8746941812497,1596.4658428060395,59.04415719396047
TR-045376,2025-10-15,Charleston,Cincinnati,Dry Van,550.4,1309.36,1269.3234841518654,1327.75720168187,-18.39720168187
TR-045378,2025-10-15,Green Bay,Phoenix,Dry Van,2171.2,4006.28,4123.416257410655,4772.355300825435,-766.0753008254346
TR-045379,2025-10-15,Cincinnati,Jacksonville,Dry Van,450.9,1061.61,1075.9844930430606,1056.2550469402047,5.354953059795207
TR-045380,2025-10-15,Hartford,Lubbock,Flatbed,1984.4,4242.9,4150.47414372905,3880.719492624946,362.1805073750538
TR-045381,2025-10-15,Boston,Savannah,Dry Van,940.5,1951.97,1988.2282693368254,1969.0193172952606,-17.049317295260607
TR-045382,2025-10-15,Greensboro,Columbia,Flatbed,119.6,348.2,480.27906614574795,359.29780582158907,-11.097805821589077
TR-045367,2025-10-15,Buffalo,Richmond,Dry Van,327.9,779.9,801.6840910262842,759.4681063320937,20.43189366790625
TR-045366,2025-10-15,Detroit,Columbia,Flatbed,716.2,1699.95,1623.6771837374963,1773.3565305965158,-73.40653059651572
TR-045384,2025-10-15,New York,El Paso,Dry Van,2336.4,4519.53,4496.927319728391,5910.27519813255,-1390.7451981325503
TR-045420,2025-10-15,Milwaukee,Green Bay,Dry Van,398.6,944.01,919.3949403988656,966.9389236492963,-22.92892364929628
TR-045386,2025-10-15,Tampa,Chattanooga,Dry Van,570.4,1214.48,1275.4772126105047,1246.954419858138,-32.474419858137935
TR-045389,2025-10-15,Hartford,Syracuse,Dry Van,402.2,864.31,937.4199312318931,933.7440550561316,-69.43405505613168
TR-045390,2025-10-15,Toledo,Salt Lake City,Dry Van,1877.7,3734.02,3811.71157138336,4732.226052066475,-998.206052066475
TR-045391,2025-10-15,Nashville,Los Angeles,Dry Van,2038.4,3996.08,4112.728810240818,4769.9637064924555,-773.8837064924555
TR-045392,2025-10-15,Fort Wayne,Raleigh,Reefer,673.9,1501.44,1575.2109928744298,1584.1035174344045,-82.66351743440441
TR-045393,2025-10-15,Tucson,Tampa,Dry Van,1845.6,3618.32,3811.084785294989,4113.881012861484,-495.56101286148396
TR-045388,2025-10-15,Phoenix,Houston,Dry Van,1519.0,2936.44,3024.1858848677844,3322.925151578405,-386.48515157840484
TR-045395,2025-10-15,Houston,Grand Rapids,Dry Van,1172.7,2508.4,2479.2502958565533,2544.4611948617026,-36.06119486170246
TR-045396,2025-10-15,Fort Wayne,Oklahoma City,Reefer,1136.6,2661.47,2659.5607200294044,2688.684096102548,-27.21409610254841
TR-045397,2025-10-15,Cincinnati,Baton Rouge,Reefer,692.7,1813.6,1623.265218660592,1777.061210029567,36.538789970432845
TR-045398,2025-10-15,Memphis,Dayton,Dry Van,434.5,1056.38,1035.9312431661272,996.3683558388323,60.01164416116785
TR-045399,2025-10-15,Phoenix,Los Angeles,Reefer,70.0,216.75,491.61062121675764,314.59667484950404,-97.84667484950404
TR-045400,2025-10-15,Baltimore,Atlanta,Dry Van,911.1,1788.8,1858.7192215059272,1936.0755800555746,-147.27558005557466
TR-045401,2025-10-15,Toledo,Richmond,Dry Van,580.0,1232.16,1331.394479576586,1312.007517677593,-79.8475176775928
TR-045394,2025-10-15,Cincinnati,Milwaukee,Dry Van,232.1,600.5,657.6046298243491,701.6352217940718,-101.13522179407175
TR-045368,2025-10-15,Mobile,New York,Reefer,1180.2,2716.26,2683.172395736532,2759.7319908555937,-43.4719908555935
TR-045387,2025-10-15,Charleston,Tulsa,Reefer,1006.6,2442.56,2252.388769424438,2605.0117858558838,-162.45178585588383
TR-045350,2025-10-15,Philadelphia,Charleston,Flatbed,619.5,1450.77,1490.8379960460043,1510.344532089007,-59.57453208900711
TR-045403,2025-10-15,Shreveport,Savannah,Dry Van,688.2,1564.33,1518.602323931792,1581.6002642909395,-17.270264290939622
TR-045404,2025-10-15,Harrisburg,Columbia,Reefer,537.2,1378.98,1370.804552366033,1363.8314282283757,15.148571771624347
TR-045406,2025-10-15,Baton Rouge,Louisville,Flatbed,663.2,1653.47,1576.4633906306312,1697.6422093569095,-44.172209356909434
TR-045407,2025-10-15,Indianapolis,Greensboro,Dry Van,458.9,1038.39,1045.4761319682066,1014.7583951549094,23.631604845090692
TR-045408,2025-10-15,Albany,San Antonio,Flatbed,2094.4,4400.24,4373.953978525082,4120.560766168555,279.67923383144444
TR-045409,2025-10-15,Charleston,New Orleans,Dry Van,883.5,1876.83,1841.6143986402062,1883.791607926995,-6.961607926995157
TR-045410,2025-10-15,Lexington,Jacksonville,Reefer,411.2,1089.43,1107.5209635508052,1056.4686717956245,32.961328204375604
TR-045411,2025-10-15,Grand Rapids,Cincinnati,Flatbed,536.9,1332.19,1280.6698151408855,1389.9179802356223,-57.727980235622226
TR-045405,2025-10-15,Reno,Columbia,Flatbed,2289.8,4506.19,4511.805443279563,4179.641533620603,326.5484663793968
TR-045412,2025-10-15,Toledo,Greensboro,Dry Van,496.6,1053.6,1144.3589946292486,1082.04573632798,-28.445736327980057
TR-045414,2025-10-15,Providence,Bakersfield,Reefer,3058.2,6475.22,6315.275141325167,5504.852738834848,970.3672611651518
TR-045415,2025-10-15,Greensboro,Hartford,Flatbed,748.9,1605.1,1727.9394554034743,1720.633315425594,-115.53331542559408
TR-045416,2025-10-15,Tulsa,Los Angeles,Dry Van,1572.5,3212.24,3196.048005452545,3245.0083190536175,-32.76831905361769
TR-045418,2025-10-15,Grand Rapids,Oklahoma City,Reefer,1248.0,2740.89,2717.0422839285993,3170.705556960675,-429.81555696067517
TR-045419,2025-10-15,Savannah,Dayton,Reefer,566.1,4350.23,1385.7936715598069,1407.1392499083627,2943.090750091637
TR-045385,2025-10-15,Greensboro,Baltimore,Reefer,684.3,1659.11,1605.661571722905,1638.207209593787,20.902790406212944
TR-045413,2025-10-15,Hartford,Raleigh,Dry Van,500.9,1152.67,1190.33717887421,1141.550854272095,11.119145727905106
TR-045402,2025-10-15,Corpus Christi,Oklahoma City,Dry Van,338.5,853.57,861.1388517095847,833.8885386704818,19.681461329518243
TR-045421,2025-10-15,Kansas City,Bakersfield,Flatbed,1685.1,3563.89,3593.373928314775,3866.377982944131,-302.4879829441311
TR-045474,2025-10-15,Little Rock,Harrisburg,Reefer,996.1,2214.62,2249.8081461269085,2226.609992650917,-11.989992650916975
TR-045423,2025-10-15,Charleston,Shreveport,Reefer,871.3,2041.12,2021.7927835804467,2121.4463751988433,-80.32637519884338
TR-045458,2025-10-15,Columbia,Phoenix,Dry Van,2321.9,4306.25,4366.800823109513,4228.777162822242,77.47283717775827
TR-045426,2025-10-15,Corpus Christi,Toledo,Flatbed,1320.8,2903.57,2829.808322222282,3055.9916448869503,-152.42164488695016
TR-045427,2025-10-15,Columbia,Los Angeles,Dry Van,2289.1,4389.3,4462.285352539006,5407.661139460072,-1018.3611394600721
TR-045428,2025-10-15,Cincinnati,Amarillo,Dry Van,1242.2,2617.61,2569.7495102439216,2671.408974733322,-53.79897473332176
TR-045429,2025-10-15,Cincinnati,Tulsa,Dry Van,631.0,1498.27,1420.5664975258564,1540.1067665924718,-41.836766592471804
TR-045430,2025-10-15,Albuquerque,Birmingham,Dry Van,1463.8,2985.02,2998.535248210303,2301.933030881534,683.0869691184662
TR-045425,2025-10-15,Mobile,Boston,Flatbed,1402.1,568.26,3108.303324290956,3262.456449692344,-2694.196449692344
TR-045431,2025-10-15,Fort Wayne,Mobile,Reefer,810.0,1930.62,1864.4828572123688,1973.3114761563104,-42.6914761563105
TR-045434,2025-10-15,Lexington,Milwaukee,Reefer,316.1,842.96,837.1727771115434,943.98705585514,-101.02705585514002
TR-045435,2025-10-15,Nashville,Philadelphia,Dry Van,1038.7,2152.99,2175.190809885475,2242.768470079636,-89.77847007963601
TR-045436,2025-10-15,Amarillo,Las Vegas,Flatbed,755.9,1744.7,1774.2603470831054,1828.6945576902365,-83.99455769023643
TR-045437,2025-10-15,Chattanooga,San Antonio,Flatbed,891.0,2181.82,2014.038757543774,2238.2345200413747,-56.414520041374544
TR-045438,2025-10-15,Oklahoma City,Milwaukee,Dry Van,896.8,1907.86,1828.224507022369,1892.6799279810034,15.180072018996498
TR-045439,2025-10-15,Amarillo,Charleston,Dry Van,1654.7,3295.14,3331.2161622134918,3143.984671374484,151.15532862551572
TR-045432,2025-10-15,Bakersfield,Austin,Dry Van,1224.5,2661.22,2522.8794626905883,2664.4096582245807,-3.189658224580853
TR-045440,2025-10-15,Fort Wayne,Washington,Reefer,559.3,1364.09,1370.0124236032816,1359.2322831372985,4.857716862701409
TR-045433,2025-10-15,Los Angeles,Reno,Flatbed,926.4,2045.72,2094.0011761930577,2006.5944760090642,39.12552399093579
TR-045452,2025-10-15,Corpus Christi,Louisville,Flatbed,912.0,2234.84,2059.297319929238,2281.238391012145,-46.39839101214466
TR-045417,2025-10-15,Atlanta,Nashville,Dry Van,158.6,436.33,481.2777559769934,441.7210557717355,-5.391055771735523
TR-045443,2025-10-15,Lubbock,Mobile,Flatbed,798.2,1944.75,1851.3351111998147,2044.2529096752296,-99.5029096752296
TR-045444,2025-10-15,Little Rock,Lubbock,Dry Van,661.9,1512.28,1464.4659915607429,1537.9410045425266,-25.661004542526598
TR-045445,2025-10-15,Columbia,Las Vegas,Dry Van,2079.7,3926.13,3984.5545198280515,3726.941366190839,199.18863380916127
TR-045446,2025-10-15,Lexington,Atlanta,Dry Van,194.8,483.85,601.6909116492823,568.4269284176721,-84.5769284176721
TR-045447,2025-10-15,Kansas City,Toledo,Reefer,467.6,1165.76,1146.8201302426348,1181.8874113328702,-16.127411332870224
TR-045448,2025-10-15,Atlanta,Grand Rapids,Dry Van,704.4,1438.61,1456.2479384671092,1464.1020755402526,-25.4920755402527
TR-045450,2025-10-15,Jacksonville,Mobile,Dry Van,282.3,754.63,728.3066395333415,725.9464400851718,28.68355991482815
TR-045451,2025-10-15,Little Rock,Kansas City,Dry Van,431.1,1004.61,980.6559198891741,993.0176231048332,11.592376895166808
TR-045453,2025-10-15,El Paso,Mobile,Dry Van,1508.6,2952.3,3012.011855779877,2683.3937251381612,268.90627486183894
TR-045454,2025-10-15,Columbia,New York,Dry Van,769.8,1533.52,1616.8205879356972,1574.3381753811,-40.81817538109999
TR-045455,2025-10-15,New York,Bakersfield,Flatbed,2729.6,5166.25,5303.798199780538,5881.384176505002,-715.134176505002
TR-045442,2025-10-15,Green Bay,Lexington,Reefer,630.7,1556.11,1557.2657418154045,1605.6063265116634,-49.49632651166348
TR-045456,2025-10-15,Oklahoma City,Reno,Reefer,1424.0,3281.89,3254.101791645372,3363.7113700652503,-81.82137006525045
TR-045449,2025-10-15,Syracuse,Cincinnati,Reefer,775.0,1692.84,1758.1918181378478,1742.1256830498185,-49.285683049818545
TR-045441,2025-10-15,Oklahoma City,Milwaukee,Reefer,904.7,2087.79,2043.9149755939698,2170.4412619925592,-82.65126199255928
TR-045459,2025-10-15,Oklahoma City,Grand Rapids,Dry Van,1244.3,2476.61,2467.997556792382,2408.8239592606833,67.78604073931683
TR-045457,2025-10-15,Raleigh,Lexington,Flatbed,527.0,1269.99,1304.3097653540594,1354.0809213904888,-84.0909213904888
TR-045461,2025-10-15,Shreveport,Bakersfield,Flatbed,1611.3,3385.62,3391.988117794018,3739.172067014813,-353.552067014813
TR-045462,2025-10-15,Nashville,Detroit,Reefer,738.9,1681.07,1669.6589941403038,1807.9228108088848,-126.8528108088849
TR-045463,2025-10-15,Phoenix,Jacksonville,Dry Van,2235.8,4294.8,4270.426973962713,4071.1872268324946,223.61277316750557
TR-045464,2025-10-15,Corpus Christi,Savannah,Reefer,1033.8,2564.43,2453.585644796066,2564.907686094399,-0.4776860943993597
TR-045465,2025-10-15,Dayton,Toledo,Dry Van,200.7,501.67,569.4022339549542,535.2811196716171,-33.61111967161713
TR-045466,2025-10-15,Amarillo,Los Angeles,Flatbed,948.3,2247.19,2219.2964861143555,2141.791199061389,105.3988009386112
TR-045467,2025-10-15,Salt Lake City,Columbia,Reefer,2046.4,4562.17,4344.826790759231,5432.655751281738,-870.485751281738
TR-045468,2025-10-15,Corpus Christi,Phoenix,Flatbed,1440.1,3238.99,3167.6274391088027,2836.287200351631,402.7027996483689
TR-045469,2025-10-15,Indianapolis,Dallas,Dry Van,654.2,1493.13,1470.2366160581116,1542.1676532069794,-49.03765320697926
TR-045470,2025-10-15,Madison,Shreveport,Dry Van,753.4,1602.83,1653.2948831079284,1659.4156917409373,-56.585691740937364
TR-045471,2025-10-15,Fort Wayne,St. Louis,Dry Van,384.9,928.05,898.1134862416882,886.3291021220228,41.72089787797711
TR-045472,2025-10-15,Reno,Lexington,Dry Van,2077.4,3913.99,4067.5270016742693,3779.7188996349205,134.2711003650793
TR-045473,2025-10-15,Dallas,Phoenix,Dry Van,1544.3,2990.47,3100.443345665536,3193.6760457290293,-203.20604572902948
TR-045475,2025-10-15,Mobile,Milwaukee,Dry Van,626.6,1323.68,1353.714495352222,1616.1155423015173,-292.4355423015172
TR-045476,2025-10-15,Tulsa,Lexington,Reefer,720.2,1844.13,1716.1692108152142,1928.4116264813947,-84.2816264813946
TR-045479,2025-10-15,Buffalo,Little Rock,Dry Van,1063.2,2227.05,2267.6816448972945,2242.4647529097338,-15.41475290973358
TR-045477,2025-10-15,Atlanta,Dayton,Dry Van,412.5,932.44,958.0948762586427,971.4547313208626,-39.01473132086255
TR-045480,2025-10-15,Memphis,Richmond,Reefer,851.5,2089.72,2018.5259307254778,2091.5687026904257,-1.8487026904258528
TR-045478,2025-10-15,Grand Rapids,Toledo,Dry Van,181.2,474.27,501.7585616943061,476.5553848720024,-2.285384872002396
TR-045481,2025-10-15,San Francisco,Raleigh,Dry Van,2900.2,5134.16,5214.668281344663,5363.593301803866,-229.43330180386602
TR-045460,2025-10-15,Green Bay,Tucson,Dry Van,2016.4,3778.62,3888.637913010671,3566.344989062149,212.27501093785077
TR-045483,2025-10-15,Albany,Syracuse,Dry Van,361.6,794.02,882.3847251258987,847.1233807120034,-53.1033807120034
TR-045484,2025-10-15,Greensboro,Columbia,Dry Van,153.8,1971.21,465.07117592661666,400.67793258029633,1570.5320674197037
TR-045485,2025-10-15,Salt Lake City,Nashville,Reefer,1670.1,3702.06,3667.0991062768644,4532.8962319945795,-830.8362319945795
TR-045486,2025-10-15,Savannah,Cincinnati,Dry Van,422.8,999.32,996.9922247866323,1008.0213644220374,-8.701364422037386
TR-045487,2025-10-15,Los Angeles,Mobile,Dry Van,2051.9,4097.51,4041.7828274855974,3619.9587320225455,477.5512679774547
TR-045488,2025-10-15,Milwaukee,Los Angeles,Flatbed,2100.3,4235.68,4249.32291662038,4516.25807409268,-280.57807409267934
TR-045482,2025-10-15,Hartford,Atlanta,Flatbed,983.6,2193.66,2286.8199500609467,2319.609949733113,-125.94994973311304
TR-045490,2025-10-15,Columbia,Albany,Dry Van,1088.1,2087.54,2204.9266401488253,2467.230059497296,-379.69005949729626
TR-045491,2025-10-15,Baton Rouge,Birmingham,Flatbed,486.5,1258.93,1278.3757109645699,1312.1402232054159,-53.21022320541579
TR-045492,2025-10-15,Grand Rapids,Oklahoma City,Dry Van,1186.3,2343.06,2436.7100143671937,2778.9491458492435,-435.8891458492435
TR-045493,2025-10-15,Grand Rapids,Los Angeles,Dry Van,2320.9,4341.53,4365.167972326367,5040.206810463603,-698.676810463603
TR-045494,2025-10-15,Albuquerque,Grand Rapids,Flatbed,1554.1,3346.88,3401.3470408935173,2868.769751592977,478.11024840702294
TR-045495,2025-10-15,Tulsa,Nashville,Dry Van,504.1,1193.64,1167.880723713299,1171.013544406934,22.62645559306611
TR-045424,2025-10-15,Detroit,Indianapolis,Reefer,521.2,1346.17,1323.8621180529444,1318.0357748283488,28.134225171651224
TR-045489,2025-10-15,Boston,Memphis,Dry Van,1353.0,2724.75,2839.654593062297,2787.347117393685,-62.59711739368504
TR-045496,2025-10-16,Hartford,Mobile,Reefer,1203.0,2724.36,2651.3260484975253,2911.634352320243,-187.274352320243
TR-045497,2025-10-16,Las Vegas,Oklahoma City,Flatbed,1137.4,2533.06,2497.473351023594,2609.7474397836804,-76.68743978368047
TR-045499,2025-10-16,Tampa,Phoenix,Reefer,2067.5,4527.85,4287.36062083292,4131.686228477029,396.16377152297173
TR-045500,2025-10-16,Mobile,Boston,Dry Van,1366.9,2720.36,2853.879682867614,2923.9335005487837,-203.5735005487836
TR-045501,2025-10-16,Atlanta,Tucson,Flatbed,1859.0,3737.89,3955.1744996599273,3989.756596669014,-251.86659666901414
TR-045512,2025-10-16,Chattanooga,Buffalo,Dry Van,774.6,1655.06,1662.6415559012778,1657.305785311513,-2.2457853115131456
TR-045505,2025-10-16,Madison,Bakersfield,Dry Van,1773.3,3512.86,3592.251541144362,4391.95638684486,-879.0963868448603
TR-045504,2025-10-16,Mobile,Cincinnati,Dry Van,457.7,1047.23,1110.5457459989,1094.406610488134,-47.176610488133974
TR-045506,2025-10-16,Mobile,Baton Rouge,Dry Van,327.2,834.1,812.3911255685787,864.3392005123665,-30.239200512366438
TR-045507,2025-10-16,Corpus Christi,Bakersfield,Dry Van,1452.3,2978.65,3050.995407089951,14277.995401276114,-11299.345401276114
TR-045508,2025-10-16,Nashville,Los Angeles,Dry Van,2053.3,3902.46,4011.332707124536,4844.825525908979,-942.3655259089792
TR-045510,2025-10-16,Atlanta,Montgomery,Dry Van,299.4,757.49,739.3112972799497,725.7656445847297,31.724355415270338
TR-045566,2025-10-16,Tulsa,Fort Wayne,Flatbed,877.7,2038.75,1987.9842002056562,2076.1658575158713,-37.41585751587127
TR-045502,2025-10-16,Memphis,Columbia,Dry Van,427.6,1006.55,1011.2610871290558,1016.7479997664105,-10.19799976641059
TR-045503,2025-10-16,Syracuse,San Francisco,Flatbed,2874.0,5553.58,5687.739415063856,7210.571292173942,-1656.9912921739424
TR-045525,2025-10-16,Houston,Charleston,Dry Van,1073.5,2238.22,2313.1667908552545,2377.8968496396687,-139.67684963966894
TR-045513,2025-10-16,Houston,Oklahoma City,Reefer,310.2,871.81,832.2373138222113,898.023157376172,-26.213157376172035
TR-045530,2025-10-16,Nashville,New York,Dry Van,1004.3,1979.76,2083.3505567734856,2120.186497633942,-140.42649763394206
TR-045515,2025-10-16,Shreveport,Fort Wayne,Flatbed,852.4,1932.3,1981.0363136297603,2018.0908127049233,-85.79081270492338
TR-045516,2025-10-16,Hartford,Richmond,Dry Van,333.0,781.07,825.5910806881154,815.4448128861133,-34.374812886113205
TR-045517,2025-10-16,Fort Wayne,Buffalo,Dry Van,419.5,902.18,956.2326804017134,980.7452584295665,-78.5652584295666
TR-045518,2025-10-16,Memphis,Chattanooga,Dry Van,188.1,522.2,547.9425032864774,530.6800554918934,-8.480055491893381
TR-045519,2025-10-16,Los Angeles,Buffalo,Dry Van,2716.3,4781.19,4881.620221217416,6718.100471165308,-1936.910471165308
TR-045520,2025-10-16,Toledo,Louisville,Flatbed,432.4,1034.64,1062.071600389668,1091.1725233845677,-56.53252338456764
TR-045521,2025-10-16,Los Angeles,Birmingham,Flatbed,2146.2,4263.76,4318.643522819727,3961.7684081434645,301.9915918565357
TR-045523,2025-10-16,Richmond,Cincinnati,Dry Van,667.8,1512.16,1451.7442039948169,1532.005543731101,-19.84554373110086
TR-045524,2025-10-16,St. Louis,Phoenix,Flatbed,1917.5,4033.83,4060.956447762724,5158.195867367128,-1124.365867367128
TR-045526,2025-10-16,San Antonio,Raleigh,Dry Van,1542.0,3178.27,3202.121215998077,3055.649482326451,122.62051767354887
TR-045527,2025-10-16,Kansas City,Oklahoma City,Dry Van,798.3,1768.37,1739.7248538138097,1821.9289554702023,-53.55895547020236
TR-045528,2025-10-16,Hartford,Reno,Reefer,2879.8,5890.2,5845.172709289994,5627.225586554249,262.97441344575054
TR-045522,2025-10-16,Fort Wayne,Lexington,Flatbed,365.9,904.52,967.2106194780163,957.6625595636355,-53.14255956363547
TR-045529,2025-10-16,Corpus Christi,Cincinnati,Flatbed,914.1,2132.59,2083.827595413038,2249.448224232647,-116.85822423264699
TR-045511,2025-10-16,Phoenix,Albuquerque,Reefer,693.7,1651.0,1624.863346379381,1681.4394419319187,-30.439441931918736
TR-045509,2025-10-16,New York,Albuquerque,Dry Van,2367.0,4696.7,4463.903354755249,5772.063211933355,-1075.3632119333552
TR-045558,2025-10-16,Nashville,Lexington,Reefer,255.1,718.12,706.6368458440463,742.7142140834435,-24.59421408344349
TR-045551,2025-10-16,Lexington,Kansas City,Dry Van,442.1,1049.3,1325.0178263726812,1411.7625764000081,-362.4625764000082
TR-045535,2025-10-16,Kansas City,St. Louis,Dry Van,126.7,362.78,427.4666660360476,343.7116217869637,19.068378213036283
TR-045536,2025-10-16,Los Angeles,Fresno,Dry Van,440.5,1030.67,1056.2593061247273,1070.1975318398672,-39.52753183986715
TR-045538,2025-10-16,Montgomery,Milwaukee,Reefer,710.3,1759.89,1640.589618043065,1876.8290851500064,-116.93908515000635
TR-045539,2025-10-16,Houston,Nashville,Reefer,600.9,1623.7,1501.410870362986,1601.135360969124,22.56463903087615
TR-045540,2025-10-16,Richmond,Cincinnati,Flatbed,652.0,1515.83,1499.6463976241218,1552.0355395231372,-36.205539523137304
TR-045537,2025-10-16,Syracuse,Cincinnati,Reefer,774.0,1786.04,1780.747482797976,1828.8678728737025,-42.82787287370252
TR-045548,2025-10-16,Fort Wayne,Raleigh,Dry Van,730.5,1501.55,1542.2732655803734,1571.5708495997012,-70.02084959970125
TR-045542,2025-10-16,Philadelphia,Hartford,Dry Van,71.7,200.56,405.3444739116628,238.18649176624174,-37.62649176624174
TR-045544,2025-10-16,Memphis,Lexington,Dry Van,347.0,869.02,856.9297086742417,899.9225555715482,-30.90255557154819
TR-045545,2025-10-16,Houston,Milwaukee,Reefer,845.1,2114.08,1923.0688761412944,2112.731115507337,1.348884492662819
TR-045546,2025-10-16,Fresno,Bakersfield,Dry Van,224.3,588.86,637.3953851018339,583.6101052936671,5.249894706332952
TR-045541,2025-10-16,Oklahoma City,Harrisburg,Dry Van,1483.7,3051.79,2983.7290924701633,2889.2554721954916,162.53452780450834
TR-045533,2025-10-16,New York,Fort Wayne,Reefer,724.7,1736.07,1680.0714645219275,1820.5294521970493,-84.45945219704936
TR-045565,2025-10-16,Tulsa,Oklahoma City,Dry Van,300.2,775.09,799.6624823773031,920.313102285643,-145.223102285643
TR-045543,2025-10-16,Lubbock,Lexington,Dry Van,1131.1,2253.61,2320.135185172352,2332.2720380006426,-78.6620380006425
TR-045532,2025-10-16,Oklahoma City,Los Angeles,Reefer,1301.7,3017.53,2914.2180758847653,3043.589995180292,-26.059995180291935
TR-045534,2025-10-16,Washington,Nashville,Dry Van,783.8,1646.4,1700.762601648826,1762.0218403574697,-115.62184035746964
TR-045549,2025-10-16,Boston,Kansas City,Flatbed,1332.8,2850.38,2931.916117255565,3036.4789731761684,-186.09897317616833
TR-045552,2025-10-16,Bakersfield,San Francisco,Flatbed,376.6,937.25,952.0178210431425,965.4247713169298,-28.174771316929764
TR-045553,2025-10-16,Amarillo,New York,Reefer,2024.6,4304.74,4249.586321198919,4121.902213377405,182.83778662259465
TR-045554,2025-10-16,Los Angeles,Grand Rapids,Flatbed,2289.8,4584.79,4611.525459960792,4415.943292137787,168.8467078622134
TR-045555,2025-10-16,Reno,Columbia,Dry Van,2294.2,1687.37,4262.323538239961,3971.3394475109044,-2283.9694475109045
TR-045556,2025-10-16,San Antonio,Houston,Reefer,301.7,867.44,828.0474463521923,872.7203154197556,-5.280315419755539
TR-045550,2025-10-16,Bakersfield,Madison,Dry Van,1846.1,3389.94,3731.549969261667,4672.776878018309,-1282.8368780183087
TR-045547,2025-10-16,Oklahoma City,St. Louis,Dry Van,783.1,1695.48,1672.8476328426873,1763.0302418557003,-67.55024185570028
TR-045557,2025-10-16,San Antonio,Los Angeles,Flatbed,1317.0,2794.83,2755.1853670509,3086.9147890650165,-292.0847890650166
TR-045561,2025-10-16,Fort Wayne,Syracuse,Dry Van,534.0,1069.53,1203.3010583292648,1237.990352193343,-168.46035219334294
TR-045562,2025-10-16,San Antonio,Green Bay,Reefer,1411.7,3294.55,3308.8594288992845,3370.871433275785,-76.32143327578478
TR-045563,2025-10-16,Charleston,Dayton,Dry Van,632.3,1301.45,1313.9663553207429,1400.398167008481,-98.94816700848105
TR-045531,2025-10-16,Greensboro,Buffalo,Flatbed,524.5,1198.94,1277.3236631635482,1221.2774737634286,-22.337473763428534
TR-045564,2025-10-16,New Orleans,New York,Dry Van,1329.8,2804.49,2705.6412912819633,2752.0025056625477,52.48749433745206
TR-045559,2025-10-16,Grand Rapids,Atlanta,Reefer,733.2,1702.69,1666.121330440696,1760.6692808053633,-57.97928080536326
TR-045560,2025-10-16,Phoenix,El Paso,Dry Van,544.7,1235.7,1296.5407376447936,1340.226715797425,-104.52671579742491
TR-045498,2025-10-16,Greensboro,Shreveport,Flatbed,706.4,1699.44,1619.064688490569,1767.795450208315,-68.355450208315
TR-045514,2025-10-16,Kansas City,Mobile,Dry Van,655.6,1474.93,1455.8237131647938,1564.948672550351,-90.01867255035086
TR-045612,2025-10-16,Mobile,New York,Dry Van,1145.4,2422.06,2420.1064649260006,2476.285746183757,-54.22574618375711
TR-045570,2025-10-16,Mobile,Chattanooga,Dry Van,323.2,824.68,782.3315280107815,868.5653196776901,-43.88531967769018
TR-045571,2025-10-16,Syracuse,Washington,Dry Van,322.8,744.62,793.2673511046717,805.6293935315639,-61.00939353156389
TR-045572,2025-10-16,Hartford,Austin,Dry Van,1963.6,4012.16,3948.8666540731556,3557.490817805215,454.66918219478475
TR-045573,2025-10-16,Nashville,Memphis,Dry Van,124.5,346.4,428.8914190666517,337.4766420371552,8.923357962844761
TR-045574,2025-10-16,Baton Rouge,Dayton,Dry Van,888.7,1766.71,1839.3655789233953,1891.3724491720795,-124.6624491720795
TR-045575,2025-10-16,Columbia,Bakersfield,Dry Van,2308.6,4234.65,4276.607275087022,3954.4734119881464,280.17658801185326
TR-045601,2025-10-16,Kansas City,Shreveport,Dry Van,600.1,1373.58,1313.1206767156953,1383.3427492437959,-9.762749243795952
TR-045576,2025-10-16,Providence,Phoenix,Dry Van,3162.5,5590.92,5572.17021307141,5197.141057069597,393.778942930403
TR-045579,2025-10-16,Cincinnati,Boston,Dry Van,1088.7,2199.79,2309.3199707799895,2354.6384110984295,-154.84841109842955
TR-045580,2025-10-16,Madison,San Antonio,Dry Van,1149.1,2405.29,2430.356833819972,2425.3601323255252,-20.070132325525265
TR-045581,2025-10-16,San Francisco,Los Angeles,Flatbed,652.5,1577.84,1579.1261428068456,1585.4431347179711,-7.603134717971216
TR-045582,2025-10-16,Boston,Greensboro,Dry Van,850.4,1712.65,1806.3404611852056,1783.1195783206572,-70.46957832065709
TR-045583,2025-10-16,Dayton,Fresno,Reefer,2203.7,4672.68,4736.178324019853,3780.7715189290793,891.908481070921
TR-045585,2025-10-16,Syracuse,Hartford,Flatbed,422.2,982.74,1005.5635947353496,1011.0283080394829,-28.2883080394829
TR-045577,2025-10-16,Philadelphia,Little Rock,Dry Van,1303.5,2634.88,2679.7357096998567,2709.9767375678384,-75.09673756783832
TR-045602,2025-10-16,Las Vegas,Jacksonville,Dry Van,2107.1,4123.96,4155.916279796225,3837.357678159548,286.6023218404521
TR-045569,2025-10-16,Buffalo,Tucson,Dry Van,2331.5,4419.63,4553.675029234525,4078.7692201588907,340.86077984110943
TR-045578,2025-10-16,Lubbock,Milwaukee,Dry Van,1120.9,2230.38,2301.435960255725,2377.48259852543,-147.10259852543004
TR-045587,2025-10-16,Indianapolis,Bakersfield,Dry Van,1833.0,3578.71,3743.165144498884,5009.211070601968,-1430.5010706019675
TR-045588,2025-10-16,Lexington,Atlanta,Dry Van,211.0,526.8,572.86736376569,557.0001997023026,-30.200199702302598
TR-045589,2025-10-16,Memphis,New York,Dry Van,1090.9,2240.17,2364.838747980024,2364.5859660763185,-124.41596607631845
TR-045590,2025-10-16,Milwaukee,Toledo,Reefer,323.5,894.4,887.9712149098054,1077.3947352370549,-182.9947352370549
TR-045591,2025-10-16,Green Bay,Cincinnati,Reefer,568.3,1466.32,1435.8235286185604,1477.8007031094864,-11.480703109486512
TR-045592,2025-10-16,San Antonio,Los Angeles,Reefer,1270.1,2998.13,2857.4751567214093,2974.298585931559,23.831414068441063
TR-045584,2025-10-16,Bakersfield,Shreveport,Dry Van,1629.3,3402.06,3330.118652605205,3211.705933441815,190.35406655818497
TR-045595,2025-10-16,Mobile,Houston,Reefer,465.9,1293.67,1214.7046446077231,1400.8958527055752,-107.22585270557511
TR-045596,2025-10-16,Phoenix,Lubbock,Dry Van,1097.6,2280.97,2351.9978859396633,2375.069177206042,-94.09917720604199
TR-045597,2025-10-16,Salt Lake City,Atlanta,Reefer,1789.2,4050.73,4036.423999683361,5201.387912764931,-1150.6579127649306
TR-045598,2025-10-16,Cincinnati,Baltimore,Dry Van,900.8,1943.56,1919.2724092395126,1953.9154614748907,-10.355461474890717
TR-045599,2025-10-16,Buffalo,Shreveport,Reefer,1108.4,2508.13,2676.035971797425,2564.247590141365,-56.11759014136487
TR-045600,2025-10-16,San Antonio,Dayton,Flatbed,1179.6,2645.34,2652.7986131446337,2827.3958035359237,-182.0558035359236
TR-045586,2025-10-16,Tucson,Jacksonville,Dry Van,1983.2,3907.67,3979.098775637526,3726.675604749022,180.99439525097796
TR-045594,2025-10-16,Richmond,Atlanta,Reefer,665.2,1565.23,1570.6962245502348,1610.4990143324949,-45.26901433249486
TR-045619,2025-10-16,Philadelphia,Cincinnati,Reefer,891.2,2060.21,2093.5974663942884,2200.2103071432234,-140.00030714322338
TR-045593,2025-10-16,Kansas City,Reno,Dry Van,1684.1,3282.86,3385.9558332732595,3579.0870201656526,-296.22702016565245
TR-045624,2025-10-16,Albany,Chattanooga,Dry Van,1208.4,2427.7,2490.877636518424,2470.663077241003,-42.96307724100325
TR-045606,2025-10-16,El Paso,Fort Wayne,Dry Van,1719.1,3399.37,3542.5906847167016,3396.7367859850215,2.633214014978421
TR-045607,2025-10-16,Madison,Bakersfield,Dry Van,1797.3,3365.36,3590.0263444026664,4641.497553103205,-1276.137553103205
TR-045608,2025-10-16,Richmond,Kansas City,Dry Van,932.3,1831.06,1912.2262759810853,1971.452854531918,-140.39285453191815
TR-045609,2025-10-16,Hartford,Tampa,Dry Van,1383.8,2872.8,2919.8302919564303,2866.5695117199393,6.230488280060854
TR-045610,2025-10-16,Baton Rouge,Cincinnati,Flatbed,682.3,1702.65,1572.419970874931,1750.120874823752,-47.470874823751956
TR-045621,2025-10-16,Kansas City,Milwaukee,Flatbed,186.1,490.27,549.5017536764478,517.7264187807239,-27.45641878072388
TR-045605,2025-10-16,Milwaukee,Harrisburg,Dry Van,657.1,1439.58,1424.5822130887818,1458.5203929107217,-18.940392910721812
TR-045611,2025-10-16,Los Angeles,Albany,Reefer,3174.1,6537.96,6225.034054180866,5694.105418576359,843.8545814236413
TR-045614,2025-10-16,Cincinnati,Nashville,Dry Van,180.9,493.78,553.4156220712014,509.478967637697,-15.698967637697024
TR-045615,2025-10-16,San Antonio,Oklahoma City,Dry Van,207.7,593.16,620.2601758981903,574.8847123854966,18.275287614503327
TR-045616,2025-10-16,Fresno,Oklahoma City,Dry Van,1476.4,3170.07,3045.3059445220288,2568.408497474191,601.6615025258093
TR-045617,2025-10-16,New York,Los Angeles,Reefer,2959.4,5957.95,5934.486574094217,5655.64034673294,302.30965326705973
TR-045618,2025-10-16,Indianapolis,Corpus Christi,Dry Van,926.6,1935.21,1918.9648361249301,2000.9514708980917,-65.74147089809162
TR-045604,2025-10-16,Fresno,Baltimore,Dry Van,3081.7,5943.04,5826.3391943456845,7513.101030760857,-1570.0610307608567
TR-045613,2025-10-16,Charleston,Phoenix,Dry Van,2481.7,4957.77,4837.674434817448,5477.4447905572,-519.6747905571992
TR-045620,2025-10-16,Greensboro,Syracuse,Dry Van,684.4,1420.06,1423.9791532914699,1476.1189487274926,-56.058948727492634
TR-045567,2025-10-16,Charleston,Baton Rouge,Flatbed,926.8,2112.34,2094.289264051849,2221.9310298852424,-109.59102988524228
TR-045603,2025-10-16,Reno,Lubbock,Dry Van,1460.0,2908.31,3044.6867938295227,2429.6189758279106,478.6910241720893
TR-045625,2025-10-16,Memphis,Oklahoma City,Flatbed,682.8,1659.56,1600.0946274139314,1735.9744477319102,-76.41444773191029
TR-045622,2025-10-16,Atlanta,Reno,Dry Van,2119.9,4207.76,4112.422888235354,4813.721666024677,-605.9616660246766
TR-045626,2025-10-16,Tulsa,Hartford,Reefer,1560.9,3476.97,3402.9968467989024,4448.5222512266255,-971.5522512266257
TR-045627,2025-10-16,New York,Baton Rouge,Dry Van,1456.2,2795.92,2912.7800007360765,6753.717984201448,-3957.7979842014483
TR-045628,2025-10-16,Baton Rouge,Houston,Reefer,167.8,575.03,573.077387370666,561.6634765287491,13.366523471250844
TR-045623,2025-10-16,Los Angeles,Bakersfield,Dry Van,385.3,866.23,905.2442913005027,950.5709879926595,-84.3409879926595
TR-045630,2025-10-16,Philadelphia,Mobile,Dry Van,1175.3,2283.52,2406.2356104656583,2343.5524705212624,-60.03247052126244
TR-045629,2025-10-16,Green Bay,New Orleans,Reefer,1014.7,2501.49,2343.8426877199586,2440.389689336837,61.10031066316287
TR-045633,2025-10-16,Grand Rapids,Milwaukee,Flatbed,352.3,872.98,876.2724281982578,888.965691709098,-15.985691709097978
TR-045636,2025-10-16,New York,Phoenix,Dry Van,2882.9,5322.9,5173.4525191143675,4707.574090809091,615.3259091909085
TR-045634,2025-10-16,Atlanta,Reno,Dry Van,2128.5,4021.52,4063.231729863081,4902.113188124274,-880.5931881242736
TR-045635,2025-10-16,Kansas City,Raleigh,Dry Van,925.7,1937.24,1991.1182116253126,2066.4924245996276,-129.2524245996276
TR-045568,2025-10-16,Savannah,Lexington,Dry Van,341.6,844.26,881.5219109096843,959.0907232894232,-114.83072328942319
TR-045631,2025-10-16,Kansas City,Baton Rouge,Flatbed,745.3,1698.24,1682.6333048908464,1785.9455111256912,-87.70551112569115
TR-045632,2025-10-16,Milwaukee,Houston,Reefer,838.6,2002.19,1918.989310303318,2052.8243466591125,-50.63434665911245
TR-045639,2025-10-17,Green Bay,Richmond,Reefer,816.1,1745.48,1878.9323371347766,1815.2936409915728,-69.81364099157281
TR-045646,2025-10-17,Albany,Little Rock,Dry Van,1535.9,2834.23,3076.2991147663743,3146.6305159864537,-312.4005159864537
TR-045641,2025-10-17,New Orleans,Hartford,Reefer,1433.0,3352.03,3223.6278692498927,3430.4949333878562,-78.46493338785604
TR-045642,2025-10-17,Washington,Philadelphia,Dry Van,274.4,648.83,655.7177128199678,717.641647670232,-68.81164767023199
TR-045638,2025-10-17,Cincinnati,Madison,Reefer,434.2,1157.63,1125.698160956363,1184.4046461142302,-26.77464611423011
TR-045643,2025-10-17,Fort Wayne,Columbia,Reefer,572.9,1447.57,1428.061081949425,1627.9307262708337,-180.36072627083377
TR-045644,2025-10-17,Kansas City,Indianapolis,Dry Van,201.4,541.72,554.9500286788589,527.9987405158752,13.721259484124857
TR-045645,2025-10-17,Bakersfield,Syracuse,Reefer,2644.9,5577.71,5433.406045186323,4976.551021096944,601.1589789030559
TR-045647,2025-10-17,Grand Rapids,Tampa,Dry Van,1204.6,2376.9,2483.1628468665704,2469.0625842937325,-92.16258429373238
TR-045654,2025-10-17,Los Angeles,Austin,Dry Van,1212.0,2598.14,2527.685178381115,2625.0586893565173,-26.91868935651746
TR-045649,2025-10-17,Little Rock,Oklahoma City,Reefer,479.5,1269.3,1188.3879318622096,1320.9196187703535,-51.619618770353554
TR-045650,2025-10-17,New York,Kansas City,Dry Van,1130.8,2140.85,2272.6707987350774,2275.3700080989715,-134.52000809897163
TR-045651,2025-10-17,Oklahoma City,Jacksonville,Dry Van,984.2,2165.47,2078.7810857478535,2184.138491680237,-18.668491680237366
TR-045652,2025-10-17,Reno,Oklahoma City,Dry Van,1440.0,2842.26,2921.3344093367914,3323.1842562488705,-480.9242562488703
TR-045653,2025-10-17,St. Louis,Bakersfield,Reefer,1802.3,4069.8,3960.6402370959013,3868.5032375013216,201.29676249867862
TR-045655,2025-10-17,Kansas City,San Antonio,Flatbed,946.9,2221.49,2158.4116518995065,2307.905539215122,-86.41553921512241
TR-045656,2025-10-17,Buffalo,Albany,Dry Van,467.7,963.31,1074.5974713123796,1012.8905657908339,-49.58056579083393
TR-045637,2025-10-17,Green Bay,Albuquerque,Dry Van,1491.1,2934.77,3029.449226689976,3978.2533766988017,-1043.4833766988017
TR-045658,2025-10-17,Tampa,Mobile,Reefer,306.7,879.55,898.1097332582169,913.767930696406,-34.21793069640603
TR-045648,2025-10-17,Philadelphia,Tampa,Dry Van,1278.7,2509.96,2554.6010253160357,2558.455597456635,-48.495597456635096
TR-045657,2025-10-17,Little Rock,Syracuse,Reefer,1210.5,2654.3,2634.482521401712,2750.7005474314046,-96.40054743140445
TR-045666,2025-10-17,Philadelphia,Hartford,Dry Van,74.7,202.77,405.68648545611677,238.39906954372236,-35.62906954372235
TR-045680,2025-10-17,Kansas City,Lubbock,Reefer,926.6,2254.76,2129.943707354071,2263.553796049022,-8.793796049021694
TR-045681,2025-10-17,Hartford,Milwaukee,Dry Van,1033.2,2056.91,2090.0420097587394,2110.256418325124,-53.34641832512398
TR-045661,2025-10-17,New Orleans,Indianapolis,Dry Van,539.2,1237.58,1272.554393472182,1303.4778317056516,-65.8978317056517
TR-045662,2025-10-17,Amarillo,Lexington,Dry Van,1309.8,2734.03,2667.3604934655323,2781.7177824553305,-47.68778245533031
TR-045663,2025-10-17,Cincinnati,Syracuse,Dry Van,772.0,1625.19,1639.7125252219353,1617.176131584977,8.013868415023126
TR-045664,2025-10-17,Bakersfield,Greensboro,Flatbed,2242.2,4336.71,4478.111726047052,4425.607266775557,-88.897266775557
TR-045667,2025-10-17,Bakersfield,El Paso,Dry Van,454.1,999.21,993.7655552514741,1048.0784615778864,-48.868461577886364
TR-045668,2025-10-17,New York,Phoenix,Dry Van,2898.8,5050.06,5161.62426912443,5718.721515001144,-668.6615150011439
TR-045669,2025-10-17,El Paso,Indianapolis,Dry Van,1446.0,2865.83,2976.0344201935554,3389.7255815527687,-523.8955815527688
TR-045670,2025-10-17,Fresno,Syracuse,Reefer,2794.8,5504.19,5508.070343314247,6522.449401880007,-1018.2594018800073
TR-045671,2025-10-17,Nashville,Mobile,Reefer,295.0,865.48,860.426699387855,909.5295446966161,-44.04954469661607
TR-045672,2025-10-17,El Paso,San Antonio,Reefer,879.6,2109.8,2077.9295405547696,2167.001406678082,-57.20140667808164
TR-045673,2025-10-17,Corpus Christi,Tucson,Dry Van,1261.6,2696.52,2485.0386778558423,2596.7650685114922,99.75493148850774
TR-045674,2025-10-17,Amarillo,Boston,Dry Van,2280.8,4273.32,4279.38321219418,4206.653576170914,66.66642382908594
TR-045675,2025-10-17,Albany,Chattanooga,Flatbed,1203.6,2457.47,2635.4103478794013,2715.521930273972,-258.0519302739722
TR-045676,2025-10-17,Albuquerque,Mobile,Dry Van,1456.3,3051.07,3026.9416610465078,5297.648038112877,-2246.5780381128766
TR-045677,2025-10-17,Reno,Fort Wayne,Flatbed,2059.4,3982.98,4285.715397419197,5259.534756689724,-1276.5547566897244
TR-045678,2025-10-17,Memphis,Grand Rapids,Dry Van,676.8,1498.32,1442.0238434663734,1729.1952867614884,-230.8752867614885
TR-045679,2025-10-17,Columbia,Atlanta,Dry Van,207.7,547.06,654.6369548623186,563.9821075105204,-16.922107510520505
TR-045660,2025-10-17,Columbia,Greensboro,Dry Van,130.8,364.34,445.16742852873267,371.8787621870703,-7.538762187070347
TR-045659,2025-10-17,Lubbock,San Antonio,Flatbed,124.9,386.46,487.7151199881623,401.8730360925393,-15.4130360925393
TR-045640,2025-10-17,Columbia,Memphis,Dry Van,438.7,1076.4,1047.1508501371343,1142.5324095653598,-66.1324095653597
TR-045695,2025-10-17,Tampa,Austin,Dry Van,882.1,1929.6,1901.2074986752277,1936.2309046087298,-6.630904608729907
TR-045707,2025-10-17,Buffalo,Cincinnati,Dry Van,623.8,1335.72,1360.392773536673,1298.5173956366855,37.20260436331455
TR-045685,2025-10-17,Memphis,Mobile,Dry Van,325.9,809.61,848.3442766778448,824.1713339504624,-14.561333950462426
TR-045687,2025-10-17,Los Angeles,Fort Wayne,Dry Van,2311.9,4128.64,4286.18826605787,4801.730512927549,-673.0905129275488
TR-045688,2025-10-17,Toledo,Grand Rapids,Dry Van,176.7,464.57,493.7372353319977,480.69478475763725,-16.124784757637258
TR-045689,2025-10-17,Dallas,St. Louis,Reefer,612.5,1598.45,1541.1730551219712,1613.8494721651027,-15.39947216510268
TR-045690,2025-10-17,San Antonio,Louisville,Reefer,985.6,2284.08,2247.0381823052962,2386.2655800877133,-102.18558008771333
TR-045691,2025-10-17,Baton Rouge,Bakersfield,Dry Van,1601.8,3177.81,3184.851968013869,4665.925269195379,-1488.115269195379
TR-045692,2025-10-17,Fresno,Columbia,Dry Van,2399.1,4681.46,4669.823475704001,4424.23818482096,257.2218151790403
TR-045693,2025-10-17,Tulsa,San Antonio,Reefer,405.9,1113.75,1088.1820371411652,1123.0198583182055,-9.269858318205479
TR-045686,2025-10-17,Montgomery,Columbia,Dry Van,342.7,827.55,868.3954555387809,872.5739678342381,-45.02396783423819
TR-045725,2025-10-17,Louisville,New York,Reefer,904.4,2126.09,2087.3209417240105,2135.42550979715,-9.335509797149825
TR-045702,2025-10-17,Dayton,New York,Flatbed,748.7,1752.03,1726.5768849246301,1832.8636233830553,-80.83362338305528
TR-045694,2025-10-17,Nashville,Columbia,Dry Van,341.1,822.84,853.2635603318502,847.5601850295469,-24.720185029546883
TR-045701,2025-10-17,Boston,San Francisco,Reefer,3308.4,6710.48,6046.407557231503,7661.971960647133,-951.491960647133
TR-045700,2025-10-17,Bakersfield,Savannah,Dry Van,2250.7,4231.34,4291.876881624295,4147.514026252379,83.82597374762099
TR-045684,2025-10-17,Houston,Albany,Dry Van,1808.5,3472.23,3672.446109479045,4515.769437008351,-1043.539437008351
TR-045698,2025-10-17,Shreveport,Louisville,Flatbed,520.1,1308.89,1277.242613053259,1297.6347677377794,11.255232262220716
TR-045697,2025-10-17,Nashville,Kansas City,Reefer,377.4,1012.02,988.03662884963,1088.494176170056,-76.47417617005613
TR-045696,2025-10-17,Corpus Christi,Milwaukee,Reefer,1033.1,2504.83,2397.8194956653297,2492.8897068966226,11.940293103377371
TR-045699,2025-10-17,Fort Wayne,Little Rock,Dry Van,677.9,1386.72,1436.2617771920354,1432.500783065785,-45.780783065785045
TR-045704,2025-10-17,Columbia,Oklahoma City,Flatbed,1072.2,2490.63,2409.389010682642,2632.7989185344904,-142.16891853449033
TR-045683,2025-10-17,Bakersfield,Green Bay,Reefer,2040.2,4383.55,4342.805892951223,5408.234627765409,-1024.6846277654085
TR-045703,2025-10-17,Albuquerque,Jacksonville,Dry Van,1730.2,3486.21,3461.978076618262,3267.0830244825447,219.12697551745532
TR-045705,2025-10-17,Greensboro,Cincinnati,Dry Van,267.6,680.72,723.8566669066813,683.975042734933,-3.2550427349329993
TR-045708,2025-10-17,Los Angeles,Green Bay,Dry Van,2243.8,4001.14,4242.78074085539,6225.086954954422,-2223.9469549544224
TR-045726,2025-10-17,Austin,Shreveport,Dry Van,585.2,1340.2,1300.2186649288562,1388.1684454120345,-47.9684454120345
TR-045709,2025-10-17,Milwaukee,Hartford,Dry Van,1029.4,1977.36,2103.4984465405473,2078.5462355814825,-101.1862355814826
TR-045710,2025-10-17,Tucson,Lexington,Dry Van,1897.6,3725.37,3880.590225219078,3347.17726988851,378.1927301114897
TR-045711,2025-10-17,Green Bay,Dayton,Dry Van,384.9,903.02,910.2684305145447,876.6619497622087,26.358050237791304
TR-045712,2025-10-17,Baton Rouge,Philadelphia,Dry Van,1455.7,2771.19,2927.3639835200343,2922.7918793497124,-151.60187934971236
TR-045713,2025-10-17,Green Bay,Reno,Dry Van,1874.9,3449.99,3830.111160075329,3787.122717575062,-337.1327175750621
TR-045714,2025-10-17,Oklahoma City,San Antonio,Dry Van,226.7,630.36,605.3920863603232,632.7416180311358,-2.3816180311357584
TR-045715,2025-10-17,Baton Rouge,New Orleans,Flatbed,193.4,553.35,587.4395641040508,618.2003259926875,-64.85032599268743
TR-045716,2025-10-17,Indianapolis,Shreveport,Dry Van,560.6,1231.89,1222.639553123974,1287.7982337347446,-55.9082337347445
TR-045717,2025-10-17,Corpus Christi,Greensboro,Flatbed,1072.1,2460.65,2429.9377891446766,2487.224520185295,-26.574520185295114
TR-045718,2025-10-17,Toledo,Fresno,Dry Van,2342.8,4374.08,4561.18365589885,5636.756237133823,-1262.6762371338227
TR-045719,2025-10-17,Charleston,New York,Reefer,601.4,1464.75,1508.5760264775377,1515.697499961426,-50.94749996142605
TR-045720,2025-10-17,Albany,Washington,Dry Van,540.7,1088.41,1196.524487103364,1133.7983040039667,-45.388304003966596
TR-045721,2025-10-17,Los Angeles,Memphis,Dry Van,1994.0,3828.5,3979.935766759225,3640.61908861337,187.88091138663003
TR-045723,2025-10-17,Richmond,Amarillo,Dry Van,1805.1,3694.07,3641.631896622059,3411.817985698762,282.252014301238
TR-045724,2025-10-17,Chattanooga,Kansas City,Dry Van,443.5,1079.1,1024.0297517666534,1035.224002996361,43.875997003638986
TR-045682,2025-10-17,San Francisco,Cincinnati,Dry Van,2223.7,4336.63,4316.813352032841,4159.853800128081,176.77619987191883
TR-045706,2025-10-17,New York,Corpus Christi,Reefer,1737.2,3870.41,3827.311335950534,3471.599183763054,398.8108162369458
TR-045722,2025-10-17,Albany,Lubbock,Flatbed,2089.6,4531.93,4274.427901100889,4031.4542361836743,500.475763816326
TR-045745,2025-10-17,Albany,Philadelphia,Dry Van,420.3,947.22,923.2523691242388,950.9885649176179,-3.768564917617823
TR-045665,2025-10-17,Tucson,Hartford,Flatbed,2764.2,5312.61,5311.667698042763,5326.334518132693,-13.724518132693447
TR-045796,2025-10-17,Providence,St. Louis,Flatbed,1305.7,2697.72,2708.914866704452,2983.5658568500744,-285.8458568500746
TR-045772,2025-10-17,Richmond,Mobile,Dry Van,924.5,1947.07,1906.5658879921307,1930.7805356274328,16.28946437256718
TR-045729,2025-10-17,Memphis,Raleigh,Dry Van,782.4,1711.02,1674.882449152481,1752.6836008302841,-41.66360083028417
TR-045730,2025-10-17,Fresno,Louisville,Dry Van,2176.4,4029.11,4103.425690652281,3980.0191534449236,49.090846555076496
TR-045731,2025-10-17,Hartford,Dayton,Dry Van,845.8,1821.47,1790.1368178204727,1785.820386994102,35.64961300589812
TR-045732,2025-10-17,Raleigh,Houston,Dry Van,1236.1,2502.01,2472.098371070698,2676.7788716732616,-174.7688716732614
TR-045733,2025-10-17,Philadelphia,Fresno,Reefer,3093.5,6390.2,6268.14939535694,5305.408933807623,1084.791066192377
TR-045735,2025-10-17,Syracuse,Phoenix,Dry Van,2670.8,4829.39,4990.875916819471,5437.252462417234,-607.8624624172335
TR-045736,2025-10-17,Tucson,Syracuse,Reefer,2451.0,5275.11,5023.897968721603,4492.777432728503,782.3325672714964
TR-045737,2025-10-17,New York,Hartford,Reefer,113.8,362.78,503.38269576655534,387.65121889410756,-24.871218894107585
TR-045738,2025-10-17,Tampa,San Francisco,Reefer,2427.9,5336.8,5031.479499768377,5679.563897868646,-342.7638978686455
TR-045739,2025-10-17,Atlanta,Shreveport,Reefer,468.7,1324.44,1221.001778171779,1440.841596713801,-116.40159671380093
TR-045740,2025-10-17,Tucson,Oklahoma City,Dry Van,1048.6,2204.45,2167.859692518717,2220.8881578412734,-16.43815784127355
TR-045741,2025-10-17,Atlanta,Hartford,Dry Van,977.1,2015.32,2088.382166254771,2057.947995569958,-42.6279955699581
TR-045742,2025-10-17,Memphis,Tulsa,Flatbed,393.5,1034.75,980.3262067908795,1068.6780808885283,-33.92808088852826
TR-045743,2025-10-17,Boston,Oklahoma City,Dry Van,2014.8,3770.27,3890.4664415719626,3778.720537733399,-8.45053773339896
TR-045744,2025-10-17,Columbia,Salt Lake City,Dry Van,2017.1,3934.36,4048.051118930258,5037.37160867452,-1103.0116086745197
TR-045746,2025-10-17,Philadelphia,Syracuse,Flatbed,392.0,972.26,985.7884674557793,985.190466238069,-12.930466238069016
TR-045747,2025-10-17,Columbia,Washington,Dry Van,543.9,1170.45,1219.3447179216084,1204.7926750914505,-34.342675091450474
TR-045748,2025-10-17,Corpus Christi,Chattanooga,Dry Van,833.6,1779.6,1772.9937493113641,1781.2049540371254,-1.6049540371254807
TR-045749,2025-10-17,Bakersfield,Cincinnati,Dry Van,1962.3,3910.77,3964.9102292830958,3694.5915965000695,216.17840349993048
TR-045750,2025-10-17,Detroit,Lubbock,Dry Van,1467.7,2935.66,2980.420432189052,2326.6634395773513,608.9965604226486
TR-045734,2025-10-17,Montgomery,New York,Reefer,1061.9,2466.55,2533.1974992448004,2514.057550563004,-47.50755056300386
TR-045762,2025-10-17,San Antonio,Atlanta,Dry Van,932.0,2009.57,1982.1372394444056,2317.2500785068332,-307.6800785068333
TR-045754,2025-10-17,Montgomery,Louisville,Dry Van,511.5,1137.75,1165.3980621852425,1117.4625664291682,20.28743357083181
TR-045761,2025-10-17,Buffalo,Green Bay,Dry Van,584.5,1209.72,1271.7663623440283,1261.5307791984358,-51.81077919843574
TR-045755,2025-10-17,Louisville,Phoenix,Reefer,2027.8,4525.16,4317.990624026872,4072.4643601018174,452.69563989818243
TR-045727,2025-10-17,Memphis,Tucson,Dry Van,1678.4,3342.36,3332.515454953537,3234.3771008778936,107.98289912210657
TR-045757,2025-10-17,Los Angeles,Bakersfield,Flatbed,403.8,996.46,983.4164867703512,1028.8813667663119,-32.42136676631185
TR-045753,2025-10-17,Columbia,Harrisburg,Dry Van,556.0,1237.01,1255.3904854122907,1266.4534763527117,-29.44347635271174
TR-045758,2025-10-17,Fresno,El Paso,Flatbed,647.7,1476.89,1502.5786826298934,1559.8338832457364,-82.94388324573629
TR-045759,2025-10-17,Green Bay,Richmond,Reefer,817.7,1844.12,1878.7839115322113,1855.7902492407359,-11.670249240735984
TR-045760,2025-10-17,Dayton,Lubbock,Dry Van,1252.4,2537.26,2550.4890113992387,2624.388345485522,-87.128345485522
TR-045767,2025-10-17,Phoenix,Raleigh,Dry Van,2621.0,4640.16,4804.650905900665,4980.105424323692,-339.94542432369235
TR-045763,2025-10-17,Grand Rapids,El Paso,Flatbed,1680.8,3517.71,3545.2174000995274,3791.4220920463968,-273.7120920463967
TR-045764,2025-10-17,Cincinnati,Bakersfield,Dry Van,2024.8,3777.92,3927.7652461899124,6354.36433272343,-2576.4443327234303
TR-045765,2025-10-17,Providence,Dayton,Dry Van,1003.0,1909.16,2085.7031386501244,2027.9355803341664,-118.7755803341663
TR-045766,2025-10-17,New Orleans,Harrisburg,Reefer,1089.8,2410.85,2435.934924096006,2543.8633601767538,-133.01336017675385
TR-045768,2025-10-17,Philadelphia,Nashville,Reefer,1025.6,2209.46,2288.595275110936,2322.749194286971,-113.289194286971
TR-045769,2025-10-17,Kansas City,Toledo,Dry Van,462.7,1045.45,1046.7791206603913,1073.8594849685792,-28.409484968579136
TR-045770,2025-10-17,Mobile,Charleston,Dry Van,623.4,1320.24,1334.3460284862833,1339.6988778439447,-19.45887784394472
TR-045752,2025-10-17,Richmond,Columbia,Dry Van,513.9,1033.08,1178.6434783831676,1104.7894641648952,-71.70946416489528
TR-045771,2025-10-17,Dayton,Savannah,Reefer,550.1,1344.65,1374.0533368411457,1377.0337496317786,-32.38374963177853
TR-045751,2025-10-17,Dallas,Little Rock,Dry Van,268.9,698.47,697.7454795650833,690.9409838266179,7.529016173382161
TR-045773,2025-10-17,Baltimore,Reno,Dry Van,2816.5,5009.39,5350.463112558467,5958.2853500864,-948.8953500864
TR-045756,2025-10-17,Austin,Lubbock,Dry Van,70.0,227.6,467.5007422240067,261.87184171597147,-34.271841715971476
TR-045775,2025-10-17,Milwaukee,Shreveport,Dry Van,647.3,1500.92,1436.055288839349,1540.6057738844256,-39.685773884425544
TR-045776,2025-10-17,Savannah,Chattanooga,Dry Van,351.6,813.53,874.9139121584433,806.1203900879717,7.409609912028259
TR-045777,2025-10-17,Kansas City,Atlanta,Reefer,506.8,1257.8,1220.3070538964644,1293.5822682640899,-35.78226826408991
TR-045778,2025-10-17,Houston,Kansas City,Flatbed,752.9,1759.5,1727.355264257866,1889.272277023536,-129.77227702353593
TR-045779,2025-10-17,Raleigh,Louisville,Dry Van,692.4,1533.53,1464.3350569424517,1550.032183688651,-16.50218368865103
TR-045780,2025-10-17,Louisville,Cincinnati,Dry Van,70.0,210.54,465.92162791216606,245.62839144406522,-35.08839144406522
TR-045781,2025-10-17,Lexington,Shreveport,Flatbed,603.0,1509.14,1500.434973966006,1605.4277271093993,-96.28772710939916
TR-045782,2025-10-17,Richmond,Boston,Dry Van,496.3,1061.38,1101.3454020249856,1076.6452922139356,-15.265292213935481
TR-045783,2025-10-17,Greensboro,El Paso,Flatbed,1790.6,3602.47,3762.721829384581,3995.537267101915,-393.06726710191515
TR-045784,2025-10-17,Lexington,Los Angeles,Flatbed,2236.6,4410.79,4477.354048560017,5734.025116206995,-1323.2351162069954
TR-045785,2025-10-17,Milwaukee,Mobile,Dry Van,623.5,1367.68,1357.3850847428137,1329.5133080791102,38.16669192088989
TR-045786,2025-10-17,Los Angeles,Washington,Reefer,2693.9,5467.05,5393.031801330137,6987.129832197459,-1520.079832197459
TR-045787,2025-10-17,Dayton,Phoenix,Dry Van,2161.4,3826.18,4021.1964071129914,3667.4317386256607,158.7482613743391
TR-045788,2025-10-17,New Orleans,San Antonio,Reefer,495.2,1300.9,1283.6142791148825,1417.5975710526222,-116.69757105262215
TR-045789,2025-10-17,Los Angeles,Nashville,Reefer,2016.7,4254.3,4239.719494747853,3951.4223926404693,302.8776073595309
TR-045790,2025-10-17,Savannah,San Antonio,Reefer,1171.5,2751.34,2670.250309056355,2806.46687875323,-55.1268787532299
TR-045791,2025-10-17,Raleigh,Amarillo,Flatbed,1828.2,3973.88,3996.0067920062957,3458.2601284154794,515.6198715845208
TR-045793,2025-10-17,Green Bay,Mobile,Flatbed,1018.0,2279.98,2245.699250534871,2286.4370720793377,-6.4570720793376495
TR-045794,2025-10-17,Baltimore,Atlanta,Reefer,906.5,2139.64,2108.4846238685127,2193.3598951645045,-53.71989516450458
TR-045808,2025-10-17,Tulsa,Albuquerque,Flatbed,1015.7,2301.55,2259.058016182868,2261.970588511785,39.5794114882151
TR-045795,2025-10-17,Charleston,San Antonio,Reefer,1334.9,3055.6,2981.3376094940513,3196.288078721701,-140.688078721701
TR-045797,2025-10-17,Cincinnati,Syracuse,Dry Van,759.6,1495.93,1589.9318157023554,1503.5038533580894,-7.573853358089309
TR-045792,2025-10-17,New York,Grand Rapids,Flatbed,811.5,1761.45,1796.5718545386726,1784.6732062669535,-23.22320626695341
TR-045798,2025-10-17,Buffalo,Shreveport,Dry Van,1172.3,2362.74,2396.1455404134617,2463.2353740442763,-100.49537404427656
TR-045774,2025-10-17,Kansas City,Green Bay,Dry Van,466.3,2389.43,1068.4417763029821,1109.8320474749075,1279.5979525250923
TR-045800,2025-10-17,Austin,Green Bay,Dry Van,1385.9,2855.35,2932.859034670779,2911.0711429524076,-55.72114295240772
TR-045802,2025-10-17,St. Louis,Los Angeles,Dry Van,1969.5,3838.53,3925.4585266694103,4681.150607858612,-842.6206078586115
TR-045803,2025-10-17,Baltimore,Shreveport,Reefer,1388.4,3144.54,3177.0204989921544,3479.958904383437,-335.41890438343717
TR-045804,2025-10-17,San Antonio,Amarillo,Flatbed,505.8,1270.25,1243.4947017332602,1398.1918896787224,-127.94188967872242
TR-045805,2025-10-17,Bakersfield,Richmond,Dry Van,2594.9,4970.65,4931.639045612884,5934.189059313182,-963.5390593131824
TR-045806,2025-10-17,El Paso,Las Vegas,Dry Van,344.7,859.09,895.3807092483798,867.7443507867798,-8.654350786779787
TR-045807,2025-10-17,Madison,Nashville,Dry Van,552.4,1274.46,1276.7670819234893,1320.9764758879526,-46.51647588795254
TR-045809,2025-10-17,Atlanta,Fort Wayne,Dry Van,550.3,1243.9,1254.5490840111713,1457.0376971817684,-213.13769718176832
TR-045801,2025-10-17,Houston,Detroit,Reefer,1215.0,2661.21,2663.268090831786,2856.533367438949,-195.32336743894894
TR-045811,2025-10-17,Dallas,Columbia,Reefer,811.9,2040.75,1902.4004693883726,2123.2566893634284,-82.50668936342845
TR-045728,2025-10-17,Mobile,Chattanooga,Flatbed,306.3,807.25,817.4233450448369,859.5603365895545,-52.31033658955448
TR-045810,2025-10-17,Boston,Buffalo,Dry Van,605.8,1302.32,1330.6322206867824,1308.2868657077686,-5.9668657077686476
TR-045817,2025-10-17,Los Angeles,Louisville,Dry Van,2033.0,3953.94,4072.0101793058593,3755.0356057016265,198.90439429837352
TR-045816,2025-10-17,Greensboro,Raleigh,Flatbed,377.9,932.49,920.8673337796904,969.5207148164402,-37.030714816440195
TR-045799,2025-10-17,Syracuse,Dallas,Dry Van,1398.2,2626.92,2834.9545593828025,2727.1205894986565,-100.20058949865643
TR-045815,2025-10-17,Tucson,Oklahoma City,Dry Van,998.3,2067.51,2170.0835940923084,2211.5763188189394,-144.06631881893918
TR-045814,2025-10-17,Shreveport,Oklahoma City,Dry Van,446.0,1124.2,1064.2600599527386,1077.5471500109452,46.65284998905486
TR-045813,2025-10-17,Green Bay,Los Angeles,Dry Van,2239.7,4167.75,4305.408163783504,4937.958169897739,-770.208169897739
TR-045812,2025-10-17,Hartford,Grand Rapids,Dry Van,912.8,1921.54,1887.9915249334583,1939.0142623841043,-17.47426238410435
TR-045819,2025-10-18,Fort Wayne,Louisville,Dry Van,360.1,829.78,847.5630473033125,816.2450164145853,13.534983585414693
TR-045820,2025-10-18,Atlanta,Baltimore,Dry Van,940.4,9522.01,1936.406222813096,2013.7402064903538,7508.269793509647
TR-045821,2025-10-18,New Orleans,San Antonio,Reefer,524.6,1375.14,1278.5210558076208,1447.9937492454887,-72.85374924548864
TR-045901,2025-10-18,Indianapolis,San Antonio,Flatbed,958.7,2133.85,2161.5361857885077,2350.9294601694182,-217.07946016941833
TR-045823,2025-10-18,Salt Lake City,Richmond,Reefer,2359.9,4705.33,4697.240938498794,5575.482640293448,-870.1526402934478
TR-045824,2025-10-18,Fort Wayne,Buffalo,Dry Van,426.5,958.53,945.4755969663925,1014.9477330137493,-56.417733013749285
TR-045825,2025-10-18,Raleigh,Louisville,Flatbed,679.1,1543.23,1468.560136795941,1591.931695601206,-48.701695601205984
TR-045826,2025-10-18,Lexington,San Francisco,Dry Van,2325.3,4131.85,4324.946054563351,3388.9063945530493,742.9436054469511
TR-045835,2025-10-18,Baton Rouge,Cincinnati,Dry Van,693.9,1631.71,1417.1378506606382,1567.889808615077,63.820191384922964
TR-045828,2025-10-18,Reno,Los Angeles,Dry Van,898.7,1810.99,1865.7858518054009,1877.457297194284,-66.4672971942839
TR-045829,2025-10-18,El Paso,Green Bay,Reefer,1679.7,3685.75,3724.666126384449,4987.478290097824,-1301.7282900978244
TR-045831,2025-10-18,Memphis,Columbia,Dry Van,440.7,989.63,953.637043561944,993.6671685338715,-4.037168533871522
TR-045832,2025-10-18,Kansas City,St. Louis,Dry Van,123.7,349.49,423.93114837325584,332.69576580629405,16.79423419370596
TR-045833,2025-10-18,Austin,Oklahoma City,Dry Van,217.2,574.16,644.7061811216458,562.4479416526896,11.712058347310403
TR-045818,2025-10-18,Fresno,Jacksonville,Reefer,2425.4,4999.35,4863.883378674715,5001.460262176482,-2.1102621764812284
TR-045834,2025-10-18,Amarillo,Greensboro,Reefer,1478.5,700.21,3035.199295559135,3290.8103779478256,-2590.6003779478256
TR-045857,2025-10-18,San Antonio,Baton Rouge,Flatbed,410.3,1012.6,1035.4266419681005,1120.9638177774534,-108.36381777745339
TR-045830,2025-10-18,Grand Rapids,Albany,Flatbed,912.8,1859.19,2032.746613457351,2033.67578634866,-174.48578634865999
TR-045851,2025-10-18,Bakersfield,Milwaukee,Reefer,1928.0,3991.46,4068.520385442709,5026.19516282628,-1034.7351628262795
TR-045837,2025-10-18,El Paso,Mobile,Dry Van,1503.4,2972.51,3088.07057436941,2794.9020633586765,177.6079366413237
TR-045841,2025-10-18,Amarillo,Bakersfield,Reefer,847.0,1989.36,1909.300943004944,2025.8842987487235,-36.524298748723595
TR-045827,2025-10-18,Nashville,Detroit,Dry Van,743.7,1552.35,1588.975181636327,1630.6719705148353,-78.32197051483536
TR-045842,2025-10-18,Kansas City,Tucson,Reefer,1629.1,3523.42,3585.394187214658,3720.1572615041746,-196.7372615041745
TR-045843,2025-10-18,Richmond,Fresno,Dry Van,2796.1,5068.46,5213.361341776029,7393.98507459289,-2325.5250745928897
TR-045844,2025-10-18,Los Angeles,Baton Rouge,Dry Van,1688.5,3163.53,3280.949042423438,3237.2537772696896,-73.72377726968944
TR-045845,2025-10-18,El Paso,Bakersfield,Dry Van,436.9,988.77,1034.0200347011098,1089.075261194886,-100.30526119488604
TR-045846,2025-10-18,New York,Lexington,Flatbed,759.9,1695.2,1696.568055390831,1787.4026261748318,-92.20262617483172
TR-045847,2025-10-18,Baton Rouge,Las Vegas,Dry Van,1525.2,3057.31,3010.237669905023,3060.0843850484143,-2.7743850484143877
TR-045836,2025-10-18,Syracuse,Mobile,Flatbed,1124.7,2362.92,2521.7456260120343,2495.5405877228472,-132.62058772284718
TR-045848,2025-10-18,Philadelphia,Bakersfield,Reefer,2786.4,5815.43,5705.858604953279,6597.013623818382,-781.583623818382
TR-045850,2025-10-18,Atlanta,San Francisco,Reefer,2337.9,5044.57,4838.344442611588,5254.514169024924,-209.94416902492412
TR-045852,2025-10-18,Hartford,New Orleans,Flatbed,1416.0,3036.3,3135.049073951356,3190.944248985795,-154.644248985795
TR-045853,2025-10-18,New York,Savannah,Flatbed,786.5,1812.84,1754.1518708202675,1910.1781186848289,-97.33811868482894
TR-045854,2025-10-18,San Antonio,Indianapolis,Dry Van,975.4,2071.63,2032.513275341454,2111.203878917452,-39.57387891745202
TR-045855,2025-10-18,Tucson,Richmond,Dry Van,2515.3,4768.65,4722.665961868485,5704.695823071065,-936.0458230710656
TR-045856,2025-10-18,Lexington,Memphis,Reefer,345.7,932.39,920.3642559791601,1020.5111010868989,-88.12110108689888
TR-045839,2025-10-18,Louisville,Houston,Flatbed,752.7,1862.45,1753.7396234464932,1935.6914569926323,-73.24145699263227
TR-045838,2025-10-18,Lubbock,Greensboro,Dry Van,1267.9,2699.51,2604.381133107692,2679.6084193731376,19.901580626862597
TR-045849,2025-10-18,Milwaukee,Fort Wayne,Flatbed,246.8,606.41,631.9838647694187,723.7616931615951,-117.35169316159511
TR-045858,2025-10-18,Corpus Christi,Salt Lake City,Dry Van,1316.2,2550.35,2591.8229685894166,2717.3603042046666,-167.01030420466668
TR-045897,2025-10-18,Charleston,Atlanta,Flatbed,467.3,1106.0,1131.8553512714204,1116.2522140386247,-10.252214038624743
TR-045860,2025-10-18,Chattanooga,Syracuse,Reefer,892.4,1990.99,2094.3951121699265,2120.3943606552552,-129.40436065525523
TR-045864,2025-10-18,St. Louis,Tulsa,Dry Van,520.9,1244.28,1228.606913979686,1171.967503968975,72.31249603102492
TR-045865,2025-10-18,Washington,Columbia,Dry Van,537.6,1140.72,1209.0575928540168,1204.6531255237637,-63.93312552376369
TR-045866,2025-10-18,Charleston,Madison,Dry Van,899.2,1743.16,1821.838865145261,1878.4371281329998,-135.27712813299968
TR-045867,2025-10-18,Oklahoma City,New York,Dry Van,1748.3,3491.03,3508.3458406073687,3288.4111919759825,202.61880802401765
TR-045868,2025-10-18,Nashville,Montgomery,Reefer,367.5,1006.04,959.0671221993834,1177.207008329293,-171.16700832929314
TR-045869,2025-10-18,Albuquerque,Bakersfield,Dry Van,520.6,1170.58,1217.6379378049385,1210.830758990526,-40.25075899052604
TR-045863,2025-10-18,Tucson,Green Bay,Dry Van,1975.9,3787.48,3916.6639756109316,5322.429465665404,-1534.9494656654037
TR-045871,2025-10-18,Tulsa,Amarillo,Dry Van,661.2,1386.64,1422.429487728134,1473.290093993589,-86.65009399358883
TR-045877,2025-10-18,Jacksonville,New Orleans,Reefer,545.3,1410.96,1382.984037939991,1487.1146702141875,-76.15467021418749
TR-045870,2025-10-18,Los Angeles,Buffalo,Dry Van,2709.0,4885.38,5015.1273873779455,6382.725498336184,-1497.3454983361835
TR-045876,2025-10-18,Montgomery,Tampa,Reefer,269.5,786.48,753.8933442441014,806.9213494917203,-20.441349491720302
TR-045875,2025-10-18,Oklahoma City,Buffalo,Reefer,1524.8,3299.18,3385.3936317840535,4793.469200948227,-1494.289200948227
TR-045861,2025-10-18,Bakersfield,New York,Dry Van,2832.7,5111.47,4856.648315951157,5729.761632682792,-618.2916326827917
TR-045873,2025-10-18,Nashville,San Antonio,Dry Van,862.5,1781.79,1790.6225230550144,1850.2474689739963,-68.45746897399636
TR-045872,2025-10-18,Montgomery,Lexington,Reefer,483.5,1225.41,1190.4690111247867,1289.0562715626895,-63.646271562689435
TR-045874,2025-10-18,Montgomery,Amarillo,Flatbed,1254.9,2723.7,2684.8538133461343,2909.7786906887522,-186.07869068875243
TR-045840,2025-10-18,Jacksonville,Albuquerque,Dry Van,1721.3,3476.91,3462.3084330346765,4376.082718952757,-899.1727189527574
TR-045862,2025-10-18,Los Angeles,Montgomery,Flatbed,2156.6,4486.54,4299.298074085859,5078.901165077541,-592.361165077541
TR-045879,2025-10-18,Dayton,Austin,Reefer,1266.9,2913.25,2788.6254521407354,2994.383270607827,-81.13327060782694
TR-045878,2025-10-18,Harrisburg,Albany,Flatbed,564.7,1219.83,1297.317696449316,1217.9800322991405,1.8499677008594517
TR-045880,2025-10-18,Greensboro,Philadelphia,Dry Van,714.4,1561.35,1475.1433668379009,1568.1951468542663,-6.8451468542664315
TR-045882,2025-10-18,Atlanta,Harrisburg,Dry Van,682.7,1400.28,1403.9399919980729,1476.3384006205629,-76.0584006205629
TR-045883,2025-10-18,Fort Wayne,Savannah,Dry Van,678.7,1461.81,1418.6897611980683,1643.870171930056,-182.06017193005596
TR-045884,2025-10-18,Syracuse,Oklahoma City,Dry Van,1623.1,3182.56,3254.7822229203953,3246.134146402322,-63.574146402322185
TR-045885,2025-10-18,Green Bay,Montgomery,Dry Van,1058.8,2144.76,2280.540825855167,2259.984944247462,-115.22494424746174
TR-045886,2025-10-18,Jacksonville,Mobile,Dry Van,260.9,650.01,678.0755938064422,622.3464974462931,27.66350255370685
TR-045887,2025-10-18,Bakersfield,Los Angeles,Flatbed,408.9,968.51,972.3448478443606,1153.4524344279603,-184.94243442796028
TR-045888,2025-10-18,Indianapolis,Buffalo,Reefer,668.9,1647.1,1635.6818150259485,1648.056975882618,-0.9569758826180532
TR-045889,2025-10-18,Oklahoma City,Charleston,Dry Van,1348.5,2729.1,2715.1803367031525,2739.8968786201463,-10.796878620146344
TR-045822,2025-10-18,Baltimore,Buffalo,Flatbed,474.0,1133.66,1139.1562681672744,1106.937044634285,26.722955365715052
TR-045890,2025-10-18,Los Angeles,Indianapolis,Reefer,2037.5,4494.77,4327.774635720392,4275.166992076472,219.60300792352882
TR-045892,2025-10-18,El Paso,Lubbock,Reefer,764.9,1963.55,1829.9652843723452,1968.0036339132425,-4.453633913242584
TR-045894,2025-10-18,Tucson,Tampa,Dry Van,1862.5,3600.17,3758.9526953128825,4057.219140937129,-457.04914093712887
TR-045895,2025-10-18,Memphis,Buffalo,Reefer,855.3,2059.94,2018.9370169383947,2072.6661408379628,-12.726140837962703
TR-045896,2025-10-18,Hartford,Toledo,Dry Van,793.1,1499.02,1640.5234704697214,1649.0428874909278,-150.02288749092781
TR-045898,2025-10-18,Lexington,Green Bay,Reefer,620.0,1415.97,1434.260039482901,1534.5166754462282,-118.54667544622816
TR-045899,2025-10-18,San Antonio,Harrisburg,Flatbed,1560.8,3079.84,3287.9353085227176,3599.111071341014,-519.2710713410138
TR-045859,2025-10-18,Houston,Savannah,Reefer,900.2,2116.33,2009.3346908781537,2168.0646576258905,-51.73465762589058
TR-045881,2025-10-18,Tucson,Greensboro,Dry Van,2086.2,3892.16,3952.8463597916584,3950.5406684066047,-58.380668406604855
TR-045891,2025-10-18,Baton Rouge,Columbia,Dry Van,733.5,1634.18,1599.2704100074534,1709.6202063628473,-75.44020636284722
TR-045900,2025-10-18,Buffalo,Atlanta,Dry Van,724.5,1455.53,1514.3303129451963,1485.0304258912502,-29.500425891250188
TR-045959,2025-10-18,New York,Salt Lake City,Dry Van,2534.1,4496.35,4528.819799464383,4137.8674921113925,358.48250788860787
TR-045902,2025-10-18,New York,Lubbock,Dry Van,1879.1,3664.1,3790.839858962403,3225.8337317837904,438.2662682162095
TR-045905,2025-10-18,Grand Rapids,Columbia,Flatbed,744.4,1627.5,1644.9922074745105,1732.2456617753935,-104.7456617753935
TR-045906,2025-10-18,Phoenix,Tampa,Reefer,2007.6,4440.83,4244.961833640388,4515.815669897335,-74.98566989733536
TR-045907,2025-10-18,Albany,El Paso,Flatbed,2534.5,5015.77,5012.92301781972,5293.575534147102,-277.80553414710175
TR-045908,2025-10-18,Phoenix,Kansas City,Reefer,1869.2,4003.05,4084.472775787188,3714.87537793961,288.17462206039
TR-045909,2025-10-18,Houston,Tampa,Dry Van,583.0,1290.15,1337.5984114736361,1335.0072982262502,-44.85729822625012
TR-045910,2025-10-18,Phoenix,Harrisburg,Flatbed,2612.2,5205.32,5172.011126597914,5824.109115278396,-618.7891152783959
TR-045923,2025-10-18,Phoenix,Atlanta,Dry Van,2031.2,3840.4,4141.656219867244,3740.1164650632763,100.28353493672375
TR-045911,2025-10-18,Dayton,Atlanta,Reefer,421.2,1126.1,1113.2315809839693,1172.733853395991,-46.63385339599108
TR-045913,2025-10-18,Corpus Christi,Kansas City,Dry Van,959.8,2001.86,1960.110392985284,2052.1574945450416,-50.29749454504167
TR-045915,2025-10-18,Atlanta,Syracuse,Dry Van,882.0,1766.47,1776.356056600926,1829.3039246514784,-62.833924651478355
TR-045916,2025-10-18,Reno,Buffalo,Reefer,2435.0,4890.94,5081.870125206965,4314.173057857817,576.7669421421824
TR-045917,2025-10-18,Louisville,Indianapolis,Dry Van,142.2,404.69,478.2331514412442,395.8873290282178,8.80267097178222
TR-045918,2025-10-18,Hartford,Amarillo,Dry Van,2115.6,4181.96,4102.942480320637,3855.025211792008,326.9347882079919
TR-045919,2025-10-18,Albany,Memphis,Dry Van,1348.8,2687.53,2896.647980885452,2774.4032883004693,-86.87328830046908
TR-045920,2025-10-18,Atlanta,Providence,Dry Van,1146.8,2449.64,2445.0376690582325,2424.7007642685844,24.939235731415465
TR-045921,2025-10-18,Lexington,Reno,Dry Van,2152.4,3835.85,4007.255719621843,3838.730164026327,-2.880164026327293
TR-045912,2025-10-18,Milwaukee,Greensboro,Flatbed,487.7,1183.6,1194.172476457613,1233.462235193098,-49.86223519309806
TR-045942,2025-10-18,Dayton,Kansas City,Reefer,360.5,959.64,943.753861333161,975.9619666924269,-16.32196669242694
TR-045904,2025-10-18,Lubbock,Nashville,Flatbed,907.1,2087.83,2000.445306833886,2195.254290748515,-107.42429074851498
TR-045922,2025-10-18,Albuquerque,Fort Wayne,Reefer,1580.0,3331.57,3368.64258231885,3580.035575119664,-248.46557511966375
TR-045914,2025-10-18,Lubbock,Hartford,Reefer,1973.3,4242.61,4119.411761006777,4186.791521456454,55.81847854354601
TR-045893,2025-10-18,Providence,Baton Rouge,Dry Van,1688.6,3401.76,3378.044774620773,3242.192923766751,159.56707623324928
TR-045941,2025-10-18,Milwaukee,Nashville,Dry Van,380.8,876.11,835.9084063581406,873.4116009094755,2.6983990905245037
TR-045925,2025-10-18,Albany,Fort Wayne,Dry Van,887.7,1849.8,1818.3733146379209,1890.6202880508388,-40.820288050838826
TR-045926,2025-10-18,Albuquerque,Oklahoma City,Dry Van,812.6,1833.94,1736.5672416021403,1936.883975374005,-102.94397537400505
TR-045927,2025-10-18,Cincinnati,Raleigh,Dry Van,623.0,1415.02,1380.8864055375825,1381.8504628557614,33.169537144238575
TR-045929,2025-10-18,Oklahoma City,Lexington,Flatbed,991.8,2269.87,2282.7214910467223,2391.1725365502266,-121.3025365502267
TR-045930,2025-10-18,Chattanooga,Amarillo,Dry Van,1183.8,2343.36,2432.981841010691,2516.742358756916,-173.3823587569159
TR-045931,2025-10-18,Mobile,Greensboro,Dry Van,500.6,1155.88,1182.920335437793,1135.157186314141,20.722813685859137
TR-045943,2025-10-18,Montgomery,New York,Dry Van,1091.4,2122.57,2254.031718468891,2204.6357649780207,-82.06576497802052
TR-045933,2025-10-18,Nashville,Cincinnati,Reefer,180.2,542.83,598.8670409713998,628.5296638574404,-85.69966385744033
TR-045935,2025-10-18,Greensboro,Oklahoma City,Reefer,1121.8,2496.0,2505.325209278836,2588.5947449418636,-92.59474494186361
TR-045937,2025-10-18,Phoenix,New York,Flatbed,2908.1,5663.94,5673.693533589135,5413.888555019569,250.05144498043046
TR-045938,2025-10-18,Indianapolis,Phoenix,Flatbed,1964.6,3967.69,4127.660936474071,5907.4110092914725,-1939.7210092914725
TR-045939,2025-10-18,Madison,Baton Rouge,Reefer,946.7,2107.87,2152.392648525474,2214.980234312096,-107.11023431209605
TR-045924,2025-10-18,Tulsa,Raleigh,Dry Van,1161.6,2397.45,2514.7277080861077,2510.377033746654,-112.92703374665416
TR-045940,2025-10-18,Birmingham,Cincinnati,Dry Van,333.9,753.48,784.4110295386338,747.6005774561004,5.879422543899636
TR-045932,2025-10-18,Greensboro,Oklahoma City,Reefer,1151.0,2734.13,2638.670432688974,2668.1035416277905,66.02645837220962
TR-045936,2025-10-18,Buffalo,Dallas,Reefer,1300.2,2966.05,2906.4728385683165,3099.622108110395,-133.57210811039477
TR-045934,2025-10-18,Los Angeles,Houston,Flatbed,1527.7,3338.28,3376.3631231285253,2290.554830042035,1047.7251699579651
TR-045965,2025-10-18,Reno,Lubbock,Dry Van,1530.0,2975.08,3138.3650358315836,2919.869462884875,55.210537115125135
TR-045928,2025-10-18,Houston,Cincinnati,Dry Van,749.0,1653.6,1659.786657388001,1734.0276732554346,-80.42767325543468
TR-045969,2025-10-18,Jacksonville,Dallas,Reefer,663.4,1711.11,1638.3076677645117,1743.6736389166429,-32.56363891664296
TR-045947,2025-10-18,Salt Lake City,Mobile,Dry Van,1688.7,3348.56,3291.625011652126,2973.2013197462616,375.3586802537384
TR-045948,2025-10-18,Detroit,Hartford,Reefer,797.4,1845.61,1833.8267740938475,1955.2963315687646,-109.68633156876467
TR-045949,2025-10-18,Jacksonville,San Antonio,Dry Van,975.1,2135.27,2109.365267467139,2206.7289212656683,-71.45892126566832
TR-045950,2025-10-18,Shreveport,Milwaukee,Reefer,646.9,1619.21,1555.854305416809,1683.085109445154,-63.87510944515407
TR-045951,2025-10-18,San Antonio,New York,Dry Van,1797.5,3564.95,3564.609003220545,2508.862400714681,1056.087599285319
TR-045952,2025-10-18,Amarillo,Baton Rouge,Reefer,819.0,2072.92,1905.2911839115284,2124.354242833592,-51.434242833591725
TR-045953,2025-10-18,Milwaukee,Dayton,Dry Van,199.3,514.26,533.928553922482,517.3553091516616,-3.0953091516615814
TR-045944,2025-10-18,Green Bay,Los Angeles,Reefer,2218.6,4530.44,4662.60368486581,4293.804931554234,236.63506844576568
TR-045954,2025-10-18,Milwaukee,Buffalo,Flatbed,637.5,1466.63,1489.8821363956245,1530.8175993611565,-64.18759936115634
TR-045956,2025-10-18,Baltimore,Richmond,Dry Van,270.1,651.51,669.7173342056319,623.9268544642778,27.583145535722224
TR-045957,2025-10-18,Houston,Charleston,Dry Van,1114.8,2273.63,2268.5873737394877,2287.3160586489284,-13.686058648928338
TR-045958,2025-10-18,Syracuse,Jacksonville,Dry Van,1031.8,2089.43,2187.9792989356715,2137.3560688602724,-47.92606886027261
TR-045955,2025-10-18,Los Angeles,Madison,Flatbed,1978.6,4032.78,4130.556228010314,6724.690186956708,-2691.910186956708
TR-045960,2025-10-18,Oklahoma City,Cincinnati,Dry Van,888.8,1880.12,1852.6189112592294,1899.2072282482577,-19.087228248257816
TR-045962,2025-10-18,Green Bay,Boston,Reefer,1175.9,2688.36,2716.6437346284993,2664.3747945574523,23.985205442547795
TR-045963,2025-10-18,Boston,Jacksonville,Reefer,1128.3,2534.73,2538.7530572176224,2472.1147080085752,62.61529199142478
TR-045945,2025-10-18,Lubbock,Richmond,Dry Van,1716.4,3356.21,3447.217557400061,3569.334159780005,-213.1241597800049
TR-045946,2025-10-18,Buffalo,Atlanta,Dry Van,722.2,1551.53,1552.8259842410166,1622.443832174259,-70.91383217425891
TR-045964,2025-10-18,Charleston,Hartford,Dry Van,668.5,1341.22,1389.612817066135,1417.790024274013,-76.5700242740129
TR-045961,2025-10-18,Greensboro,Mobile,Dry Van,485.6,1120.66,1189.0290078394585,1271.8944348640837,-151.2344348640836
TR-045967,2025-10-18,Washington,Tampa,Dry Van,1138.5,2298.17,2374.0789244845096,2410.9046742367755,-112.73467423677539
TR-045966,2025-10-18,Lexington,Kansas City,Dry Van,430.9,991.62,1272.9624065305034,1376.0298789296728,-384.4098789296728
TR-045971,2025-10-18,Atlanta,Indianapolis,Dry Van,364.2,879.77,866.8168068064892,834.4850381268598,45.28496187314022
TR-045973,2025-10-18,Corpus Christi,Fort Wayne,Dry Van,1267.3,2530.36,2580.0425925282725,2659.949219749314,-129.589219749314
TR-045974,2025-10-18,Amarillo,Richmond,Dry Van,1820.5,3559.92,3622.6758062942977,4022.662966325722,-462.74296632572214
TR-045975,2025-10-18,Toledo,Baton Rouge,Flatbed,1115.5,2350.04,2468.803128013991,2490.5935418632857,-140.55354186328577
TR-045976,2025-10-18,Columbia,Kansas City,Dry Van,637.1,1394.61,1413.3993584278815,1490.1097252743882,-95.49972527438831
TR-045977,2025-10-18,San Antonio,Grand Rapids,Dry Van,1404.6,2791.89,2969.848171574271,2929.2607221179737,-137.37072211797386
TR-045978,2025-10-18,Phoenix,Los Angeles,Reefer,75.1,232.99,484.5600634241805,262.56494447680194,-29.57494447680193
TR-045972,2025-10-18,Richmond,Hartford,Dry Van,328.1,767.1,800.7714500048253,753.5050433652825,13.594956634717505
TR-045980,2025-10-18,Amarillo,Tucson,Dry Van,654.9,1434.58,1439.179513129982,1504.335443449299,-69.75544344929904
TR-045968,2025-10-18,Washington,Buffalo,Dry Van,252.0,593.11,652.8979609568019,610.3351460171957,-17.225146017195698
TR-045979,2025-10-18,Jacksonville,New York,Dry Van,935.5,1938.75,1958.8589123831678,2025.9055279310962,-87.15552793109623
TR-045903,2025-10-18,Nashville,Philadelphia,Reefer,1019.1,2356.83,2325.9598997206645,2375.541866169024,-18.711866169024233
TR-045984,2025-10-18,Raleigh,Buffalo,Flatbed,544.8,1194.13,1302.6474983352648,1277.408031328974,-83.27803132897384
TR-045970,2025-10-18,Dayton,Milwaukee,Reefer,186.9,529.66,603.1687885596375,541.512079930781,-11.852079930781088
TR-045983,2025-10-18,Philadelphia,Syracuse,Dry Van,379.2,831.63,866.3570168139529,856.9164710423308,-25.286471042330845
TR-045982,2025-10-18,Tulsa,Fresno,Dry Van,1689.0,3196.73,3246.6955341351404,3237.4468405606217,-40.71684056062168
TR-045981,2025-10-18,Indianapolis,Reno,Dry Van,1860.0,3447.98,3742.608536992141,3376.3569325071862,71.62306749281379
TR-045997,2025-10-19,Columbia,Memphis,Dry Van,436.5,1009.93,1019.4752654510323,1118.9017421859203,-108.97174218592033
TR-046058,2025-10-19,Detroit,Richmond,Flatbed,656.4,1477.99,1516.173724120351,1485.0979532736928,-7.107953273692829
TR-045985,2025-10-19,Oklahoma City,Raleigh,Dry Van,1443.5,2972.9,3020.998082404668,2611.4789800988992,361.42101990110086
TR-045986,2025-10-19,El Paso,Jacksonville,Flatbed,1766.5,3692.68,3692.9788975172096,2408.614591826815,1284.065408173185
TR-045987,2025-10-19,Fort Wayne,Milwaukee,Dry Van,253.1,577.78,590.7494643702908,587.5217394662106,-9.741739466210674
TR-045988,2025-10-19,Hartford,Fort Wayne,Flatbed,832.2,5308.55,1823.5322432688886,1855.1691310451658,3453.380868954834
TR-045989,2025-10-19,Shreveport,Amarillo,Reefer,813.5,1946.12,1843.8475696590378,2040.182183433797,-94.06218343379714
TR-045990,2025-10-19,Harrisburg,Milwaukee,Reefer,645.9,1497.97,1533.9801578335673,1565.9637753164786,-67.9937753164786
TR-045991,2025-10-19,Lubbock,Albany,Dry Van,2176.5,4009.74,4017.7893161875754,5587.175859476663,-1577.4358594766636
TR-045992,2025-10-19,Memphis,Cincinnati,Dry Van,243.8,203.4,587.2909552666486,621.0156920126367,-417.6156920126367
TR-045994,2025-10-19,Buffalo,Louisville,Dry Van,678.2,1448.26,1423.239106989629,1489.1672457763914,-40.90724577639139
TR-045995,2025-10-19,Grand Rapids,Lexington,Dry Van,554.8,1275.97,1245.1582383575828,1265.0438020722256,10.92619792777441
TR-045996,2025-10-19,St. Louis,Phoenix,Dry Van,1989.5,3808.34,3876.7906104039366,3930.8605162262274,-122.5205162262273
TR-045999,2025-10-19,Tampa,Memphis,Dry Van,599.9,1380.6,1402.5903077217295,1385.5811707532362,-4.981170753236256
TR-045998,2025-10-19,Jacksonville,Lubbock,Dry Van,1092.3,2297.59,2386.0226432117856,2381.5719897360946,-83.98198973609442
TR-045993,2025-10-19,Albuquerque,Savannah,Reefer,1822.1,3823.32,3783.7906985550453,4027.044177213439,-203.7241772134389
TR-046013,2025-10-19,Los Angeles,Tucson,Reefer,318.5,808.29,863.059585252927,855.2272096909718,-46.93720969097183
TR-046019,2025-10-19,Dayton,San Antonio,Reefer,1212.1,2755.15,2673.6809091123473,2793.650918742033,-38.50091874203281
TR-046005,2025-10-19,Syracuse,Baltimore,Dry Van,467.3,1046.58,1033.55737404558,1097.0386791622786,-50.45867916227871
TR-046001,2025-10-19,Fort Wayne,San Antonio,Reefer,1293.2,2834.77,2754.4772356521944,2713.960689219207,120.80931078079311
TR-046006,2025-10-19,Baton Rouge,Chattanooga,Dry Van,558.9,1310.53,1294.884379692979,1393.9787108035252,-83.44871080352527
TR-046007,2025-10-19,Tulsa,Detroit,Dry Van,1033.7,2036.13,2134.9988872572553,2125.2941649438776,-89.1641649438775
TR-046008,2025-10-19,Philadelphia,Lexington,Dry Van,786.0,1668.7,1657.7146286448187,1758.171537768459,-89.47153776845903
TR-046009,2025-10-19,Austin,Mobile,Dry Van,818.5,1690.83,1734.7762616028424,1848.3176328371421,-157.4876328371422
TR-046010,2025-10-19,Harrisburg,Austin,Reefer,1627.7,3493.39,3578.6556753609048,3417.332167357501,76.05783264249885
TR-046011,2025-10-19,Amarillo,Phoenix,Dry Van,871.5,1820.83,1812.8994677959192,1811.7903674280856,9.039632571914353
TR-046012,2025-10-19,Columbia,Bakersfield,Dry Van,2228.1,4232.87,4272.976182680629,5637.9946882961485,-1405.1246882961486
TR-046014,2025-10-19,Hartford,Salt Lake City,Dry Van,2567.4,4654.64,4721.457903834666,6601.482837981737,-1946.842837981737
TR-046015,2025-10-19,Reno,Amarillo,Reefer,1051.5,2316.06,2527.8207697628454,2442.4933256103573,-126.43332561035731
TR-046016,2025-10-19,Greensboro,Indianapolis,Reefer,435.9,1117.41,1149.0400209403058,1180.8586204238538,-63.448620423853754
TR-046017,2025-10-19,Greensboro,New York,Reefer,674.0,1566.31,1540.1909963709481,1602.4850788946733,-36.175078894673334
TR-046018,2025-10-19,Harrisburg,Memphis,Reefer,827.0,1961.67,1887.8218401966649,2030.947628823115,-69.27762882311504
TR-046003,2025-10-19,Houston,Tucson,Reefer,1280.6,2738.58,2740.4863325217184,2985.1165432888556,-246.53654328885568
TR-046002,2025-10-19,Birmingham,Green Bay,Dry Van,892.0,1837.35,1849.0509597946227,1878.1672246014537,-40.817224601453745
TR-046020,2025-10-19,New York,Richmond,Dry Van,264.6,624.02,652.0973018708651,643.6047581675019,-19.584758167501946
TR-046048,2025-10-19,Madison,Syracuse,Flatbed,792.6,1714.72,1752.912179301632,1813.2795289060928,-98.55952890609274
TR-046022,2025-10-19,Atlanta,Kansas City,Dry Van,498.9,1104.74,1101.3706406930532,1086.784010063913,17.955989936087008
TR-046027,2025-10-19,Jacksonville,Phoenix,Dry Van,2118.5,3922.14,4117.572293255043,4943.614111909097,-1021.4741119090972
TR-046023,2025-10-19,Fort Wayne,Mobile,Flatbed,813.0,1790.74,1766.3977912707282,1895.944743490414,-105.2047434904141
TR-046029,2025-10-19,Bakersfield,Baton Rouge,Dry Van,1710.0,3232.85,3304.8649581025375,3556.238550884912,-323.3885508849121
TR-046030,2025-10-19,Boston,Grand Rapids,Dry Van,1086.7,2073.63,2173.3681724639932,2181.4944193416077,-107.86441934160757
TR-046039,2025-10-19,Syracuse,Richmond,Dry Van,392.8,869.11,919.4338788453417,886.1395529400193,-17.029552940019244
TR-046031,2025-10-19,Atlanta,Nashville,Dry Van,148.1,418.53,485.29391501117675,429.92238642073767,-11.392386420737694
TR-046032,2025-10-19,Mobile,Hartford,Dry Van,1266.4,2477.44,2560.6984903805833,2569.5225492548675,-92.08254925486744
TR-046033,2025-10-19,Mobile,Shreveport,Flatbed,301.5,814.05,794.2412864182995,872.869458318154,-58.819458318154034
TR-046034,2025-10-19,Providence,Shreveport,Flatbed,1582.8,3458.16,3419.3926717367785,2288.8393906884567,1169.3206093115432
TR-046035,2025-10-19,Oklahoma City,Chattanooga,Flatbed,826.4,1931.36,1803.7550719639344,1920.114256566131,11.245743433868938
TR-046036,2025-10-19,Bakersfield,Cincinnati,Dry Van,1999.2,3959.29,3958.15301697991,3977.09091215374,-17.800912153740228
TR-046037,2025-10-19,Detroit,Madison,Reefer,367.2,938.56,987.8761803173029,1002.7111373599209,-64.151137359921
TR-046038,2025-10-19,Fresno,Columbia,Reefer,2403.9,5088.62,4926.2847699427275,5162.549275031734,-73.9292750317345
TR-046057,2025-10-19,Green Bay,Buffalo,Dry Van,588.2,1200.2,1302.7518725171522,1286.4799262976837,-86.27992629768369
TR-046024,2025-10-19,Fresno,Lubbock,Dry Van,1401.9,2793.65,2865.6944025890407,2806.2313003961153,-12.581300396115239
TR-046026,2025-10-19,Grand Rapids,Tucson,Dry Van,2018.9,3786.01,3985.3980002854823,4042.9094954767843,-256.89949547678407
TR-046025,2025-10-19,Kansas City,Houston,Dry Van,733.8,1581.9,1598.478986870367,1789.6660161375084,-207.76601613750836
TR-046028,2025-10-19,Phoenix,Bakersfield,Dry Van,388.7,865.79,884.0608217761617,933.0844513567913,-67.29445135679134
TR-046040,2025-10-19,Washington,Los Angeles,Reefer,2717.9,5387.61,5425.8751794571135,6309.319387579423,-921.7093875794235
TR-046042,2025-10-19,Madison,Lubbock,Flatbed,1152.4,2519.16,2640.9433831378597,2561.997275056182,-42.83727505618208
TR-046043,2025-10-19,Mobile,Hartford,Flatbed,1245.1,2553.28,2695.0616544514514,2775.8625837387876,-222.58258373878743
TR-046044,2025-10-19,Hartford,Phoenix,Dry Van,3067.3,5467.46,5290.702608325111,6595.104272838152,-1127.6442728381517
TR-046045,2025-10-19,Salt Lake City,Mobile,Dry Van,1684.7,3192.96,3230.705810622503,4096.581526506317,-903.6215265063165
TR-046046,2025-10-19,Philadelphia,Oklahoma City,Reefer,1780.2,3736.86,3726.953141660024,3970.7144956374573,-233.85449563745715
TR-046047,2025-10-19,El Paso,Fresno,Dry Van,652.1,1365.36,1392.6235831692638,1379.9465398130046,-14.58653981300472
TR-046049,2025-10-19,Chattanooga,Kansas City,Flatbed,423.7,1071.09,1095.1159608979724,1120.9759705084332,-49.885970508433275
TR-046000,2025-10-19,Corpus Christi,Shreveport,Reefer,429.9,1216.79,1115.1606573173653,1192.5313145490368,24.258685450963185
TR-046050,2025-10-19,Montgomery,New Orleans,Dry Van,448.3,1093.07,1002.9012564754491,1063.227842214091,29.842157785908967
TR-046052,2025-10-19,Fresno,Corpus Christi,Dry Van,1730.4,3489.16,3429.028950385029,3340.788435917966,148.37156408203373
TR-046053,2025-10-19,Detroit,Kansas City,Dry Van,555.2,1184.35,1244.4423714823379,1211.231260030557,-26.881260030557087
TR-046054,2025-10-19,Madison,Grand Rapids,Dry Van,285.3,664.86,650.7067834100019,674.2277306306338,-9.367730630633787
TR-046055,2025-10-19,Tucson,Louisville,Reefer,1804.1,3849.6,3907.757949953063,4033.4592747899965,-183.85927478999656
TR-046021,2025-10-19,Nashville,Buffalo,Dry Van,819.0,1671.31,1702.818834114682,1751.592886753328,-80.28288675332806
TR-046056,2025-10-19,Albuquerque,Bakersfield,Flatbed,527.7,1221.83,1232.4661716896044,1250.102031498235,-28.272031498235037
TR-046041,2025-10-19,Oklahoma City,Toledo,Flatbed,1240.2,2733.64,2734.8435411364835,2763.2743695963277,-29.634369596327815
TR-046051,2025-10-19,Jacksonville,Memphis,Dry Van,464.3,1103.5,1072.9915018070058,1184.6568513390303,-81.15685133903025
TR-046132,2025-10-19,Lexington,Fresno,Reefer,2303.1,4933.39,4781.9321958032015,5283.052601486961,-349.66260148696074
TR-046004,2025-10-19,San Francisco,Atlanta,Reefer,2253.0,4711.99,4664.729552628054,4865.30321617415,-153.3132161741505
TR-046115,2025-10-19,Columbia,Oklahoma City,Reefer,1049.7,2563.17,2423.1076004573524,2609.8350975216035,-46.66509752160346
TR-046061,2025-10-19,Memphis,San Antonio,Dry Van,775.8,1643.8,1608.0799555701583,1696.5226836335596,-52.722683633559654
TR-046095,2025-10-19,Los Angeles,Houston,Dry Van,1536.9,3197.41,3177.097616254264,3205.993263090893,-8.58326309089307
TR-046062,2025-10-19,Hartford,Kansas City,Flatbed,1218.1,2579.5,2630.2581781604035,2791.938778941892,-212.438778941892
TR-046063,2025-10-19,Tucson,Phoenix,Reefer,273.9,166.3,776.3639998249782,796.9253632854067,-630.6253632854066
TR-046064,2025-10-19,Tulsa,Richmond,Dry Van,1240.7,2537.25,2583.9523084605908,2660.227057279411,-122.97705727941093
TR-046065,2025-10-19,Montgomery,Buffalo,Dry Van,990.6,1975.87,2059.408370375044,2295.7870491730414,-319.9170491730415
TR-046066,2025-10-19,San Antonio,Dayton,Dry Van,1235.7,2517.98,2516.427113309161,2533.4858301133704,-15.505830113370394
TR-046067,2025-10-19,Atlanta,Madison,Dry Van,626.7,1375.57,1343.1130875290698,1433.5591323571045,-57.98913235710461
TR-046068,2025-10-19,Cincinnati,Hartford,Flatbed,965.9,2025.27,2113.3076086942137,2319.5864413753065,-294.31644137530657
TR-046069,2025-10-19,Boston,Baton Rouge,Dry Van,1721.2,3283.73,3278.2201344192245,3207.8569293178784,75.87307068212158
TR-046071,2025-10-19,Baltimore,Milwaukee,Reefer,989.4,2152.52,2196.5597319196513,2229.068595560554,-76.54859556055408
TR-046072,2025-10-19,Tucson,Mobile,Reefer,1678.9,3506.58,3597.1997153259717,12964.48971298781,-9457.90971298781
TR-046073,2025-10-19,Mobile,Toledo,Dry Van,917.8,1834.32,1898.1904102702342,1953.9177034056058,-119.5977034056059
TR-046074,2025-10-19,Albany,Richmond,Flatbed,614.5,1386.17,1424.349319302397,1413.2825951597895,-27.112595159789407
TR-046075,2025-10-19,Providence,Phoenix,Flatbed,3218.4,6311.76,6149.158051755151,8867.463342465264,-2555.7033424652636
TR-046076,2025-10-19,Harrisburg,Lubbock,Dry Van,1663.8,3193.54,3265.5793036284886,4073.1177248804315,-879.5777248804316
TR-046077,2025-10-19,Tulsa,Charleston,Dry Van,1035.9,2138.43,2117.463646945168,2153.278436698215,-14.84843669821521
TR-046070,2025-10-19,Milwaukee,Baton Rouge,Reefer,797.2,1952.05,1840.4937164046232,2061.948714503292,-109.89871450329224
TR-046085,2025-10-19,Dallas,Phoenix,Reefer,1547.5,3428.65,3354.9488430799693,5442.338945747514,-2013.688945747514
TR-046059,2025-10-19,Philadelphia,Columbia,Dry Van,779.7,1532.71,1624.873697707484,1522.2984465841496,10.411553415850449
TR-046093,2025-10-19,Corpus Christi,Philadelphia,Dry Van,1744.3,3521.99,3441.5210457557732,3673.9021570104574,-151.91215701045758
TR-046079,2025-10-19,Milwaukee,Memphis,Reefer,359.9,914.91,911.5239873360197,1093.199729991161,-178.28972999116093
TR-046080,2025-10-19,Kansas City,Washington,Flatbed,890.4,1903.41,1937.3915146052675,1989.7714524579278,-86.36145245792773
TR-046081,2025-10-19,Louisville,El Paso,Dry Van,1547.4,3032.86,3093.5097774114247,4154.921038631061,-1122.0610386310605
TR-046082,2025-10-19,Cincinnati,Tucson,Reefer,1807.8,3811.86,3769.789309238123,3390.561725475302,421.2982745246982
TR-046083,2025-10-19,Boston,Dayton,Dry Van,1037.9,1914.61,2098.286809125179,2076.081318233929,-161.47131823392897
TR-046084,2025-10-19,Albany,Salt Lake City,Flatbed,2693.8,5434.56,5331.2949475183295,6791.506562935835,-1356.9465629358347
TR-046086,2025-10-19,Grand Rapids,Tampa,Flatbed,1215.2,2580.89,2669.431258028065,2776.781046300383,-195.8910463003831
TR-046087,2025-10-19,Milwaukee,Kansas City,Dry Van,170.3,429.61,514.5939471102299,449.18642241991637,-19.576422419916355
TR-046088,2025-10-19,Reno,Oklahoma City,Dry Van,1440.5,2916.04,3001.986996913656,2547.907660193644,368.13233980635596
TR-046094,2025-10-19,Philadelphia,New Orleans,Reefer,1386.6,3087.82,3169.0603455689525,3370.484792768807,-282.6647927688068
TR-046090,2025-10-19,Dayton,Milwaukee,Dry Van,191.3,506.13,547.6631929245921,488.5539978160246,17.57600218397539
TR-046091,2025-10-19,Oklahoma City,Indianapolis,Dry Van,834.3,1823.82,1713.956139283483,2007.5523918117917,-183.73239181179179
TR-046092,2025-10-19,Lexington,Kansas City,Flatbed,427.2,1013.06,1054.3186149758967,1077.3378068388408,-64.27780683884089
TR-046089,2025-10-19,Birmingham,Grand Rapids,Reefer,827.8,1955.92,1890.4090624563805,2031.039014693902,-75.11901469390182
TR-046096,2025-10-19,Nashville,Hartford,Dry Van,1063.5,2038.75,2152.1144838422542,2181.6376751712337,-142.8876751712337
TR-046078,2025-10-19,Houston,Atlanta,Dry Van,684.6,1502.48,1452.8397867270241,1567.8112499068925,-65.33124990689248
TR-046098,2025-10-19,Green Bay,Baltimore,Reefer,1034.1,2309.56,2334.659077046707,2315.2891267373557,-5.7291267373557275
TR-046099,2025-10-19,New York,Baton Rouge,Dry Van,1488.6,2927.76,2966.081979491604,3250.519593013323,-322.75959301332296
TR-046100,2025-10-19,Lexington,Tulsa,Dry Van,707.7,1478.71,1470.7701159437331,1544.2116617941117,-65.50166179411167
TR-046101,2025-10-19,Bakersfield,San Antonio,Flatbed,1275.5,2838.14,2669.8145322548144,3040.7973860436878,-202.6573860436879
TR-046102,2025-10-19,Baton Rouge,Tampa,Dry Van,458.2,1052.13,1005.5013491432455,1082.3225043786656,-30.19250437866549
TR-046103,2025-10-19,Raleigh,Syracuse,Dry Van,616.1,1314.12,1322.832402153162,1299.9565565616786,14.163443438321337
TR-046104,2025-10-19,Los Angeles,Columbia,Dry Van,2321.9,4264.23,4452.631361004917,3984.0989200818804,280.1310799181192
TR-046106,2025-10-19,Los Angeles,Tucson,Dry Van,341.1,813.92,849.408213442076,809.9790619464525,3.940938053547484
TR-046107,2025-10-19,Richmond,Bakersfield,Flatbed,2560.2,4785.48,4896.78933861268,5504.233190507886,-718.7531905078868
TR-046108,2025-10-19,Fort Wayne,Green Bay,Flatbed,294.5,743.51,777.2007983032338,831.5993409573973,-88.08934095739733
TR-046109,2025-10-19,Bakersfield,Amarillo,Dry Van,846.7,1722.44,1746.635082048293,1781.9763919238574,-59.53639192385731
TR-046110,2025-10-19,Tucson,Hartford,Reefer,2742.9,5409.7,5248.659963526006,4958.2717454842805,451.42825451571935
TR-046111,2025-10-19,San Antonio,Shreveport,Dry Van,497.7,1180.89,1130.889258720642,1165.0237861460944,15.86621385390572
TR-046112,2025-10-19,Milwaukee,Lexington,Flatbed,330.3,850.95,806.898854187046,875.16474455223,-24.214744552229945
TR-046116,2025-10-19,Montgomery,Cincinnati,Dry Van,479.2,1103.2,1081.7074675868992,1129.0615295035234,-25.861529503523343
TR-046113,2025-10-19,Mobile,Corpus Christi,Dry Van,625.1,1457.78,1347.023754100329,1528.7216491789452,-70.94164917894523
TR-046114,2025-10-19,Jacksonville,Charleston,Dry Van,395.3,934.94,936.1447986010314,923.5587921573842,11.381207842615822
TR-046117,2025-10-19,Tucson,Charleston,Dry Van,2173.1,3858.33,4119.332319770225,4251.219440359602,-392.8894403596023
TR-046105,2025-10-19,Corpus Christi,Philadelphia,Reefer,1739.0,3861.12,3820.5125600593665,4111.523315637522,-250.4033156375217
TR-046118,2025-10-19,Mobile,Shreveport,Flatbed,300.9,811.8,804.8599645002271,876.4550528542928,-64.65505285429288
TR-046119,2025-10-19,Memphis,Atlanta,Reefer,237.9,694.21,694.8192315133565,742.566461350821,-48.35646135082095
TR-046120,2025-10-19,Fresno,Fort Wayne,Dry Van,2298.9,4276.51,4369.273297836718,2311.973837641977,1964.5361623580234
TR-046097,2025-10-19,Amarillo,Houston,Reefer,697.3,1784.15,1658.171837494368,1841.4987973089644,-57.34879730896432
TR-046121,2025-10-19,Charleston,Mobile,Dry Van,622.7,1329.1,1345.7273298935534,1332.5254067911096,-3.425406791109708
TR-046122,2025-10-19,Lexington,Dallas,Reefer,787.3,1824.99,1777.661681194113,2251.5168820351914,-426.5268820351914
TR-046123,2025-10-19,Amarillo,Atlanta,Dry Van,1266.4,2615.77,2579.20933030334,2743.6465615861334,-127.87656158613345
TR-046125,2025-10-19,Chattanooga,San Francisco,Reefer,2242.1,4763.57,4679.4146502842,5128.043793366202,-364.4737933662027
TR-046126,2025-10-19,New Orleans,New York,Reefer,1340.0,3106.0,3045.3883983695478,3215.787145842725,-109.78714584272484
TR-046124,2025-10-19,Columbia,Tulsa,Flatbed,815.1,1894.04,1845.0532057005762,2046.720092209727,-152.68009220972704
TR-046128,2025-10-19,Tucson,Reno,Dry Van,804.4,1703.71,1714.0157952028717,1755.7928433385382,-52.08284333853817
TR-046129,2025-10-19,Atlanta,Baltimore,Dry Van,936.6,1827.34,1874.930929191319,1995.173578128119,-167.83357812811914
TR-046130,2025-10-19,Montgomery,San Francisco,Dry Van,2396.2,4196.79,4420.3919000714595,4194.412989945751,2.3770100542487853
TR-046131,2025-10-19,Fort Wayne,Nashville,Reefer,519.5,1285.74,1326.5747305447017,1315.2624006776864,-29.52240067768639
TR-046133,2025-10-19,New York,Columbia,Reefer,762.4,1785.49,1766.8264155641637,1824.6212401306436,-39.13124013064362
TR-046060,2025-10-19,Shreveport,New Orleans,Dry Van,70.0,209.86,434.59143285989217,239.57711033278625,-29.717110332786234
TR-046127,2025-10-19,Raleigh,Baton Rouge,Flatbed,1065.5,2282.79,2318.445170691797,2436.9219876781503,-154.13198767815038
TR-046136,2025-10-20,Cincinnati,Baton Rouge,Reefer,671.0,1579.19,1512.9721712365476,1682.7512631561117,-103.56126315611164
TR-046143,2025-10-20,Montgomery,Memphis,Dry Van,418.0,1006.1,997.8130081518109,1013.2076516648538,-7.107651664853734
TR-046137,2025-10-20,Chattanooga,Amarillo,Dry Van,1164.5,2395.54,2374.1776994765196,2414.484682465246,-18.944682465245933
TR-046139,2025-10-20,Buffalo,Madison,Dry Van,686.5,1404.54,1431.0032996096677,1411.1647065261625,-6.624706526162527
TR-046140,2025-10-20,Indianapolis,Tampa,Dry Van,848.8,1697.02,1738.4747264361338,1764.3749387793034,-67.35493877930344
TR-046141,2025-10-20,Memphis,Fort Wayne,Dry Van,567.3,1219.35,1206.5934118209493,1238.612158893675,-19.262158893675178
TR-046142,2025-10-20,Charleston,Baton Rouge,Reefer,939.7,752.15,2211.3444162458018,2332.7070391927587,-1580.5570391927586
TR-046135,2025-10-20,Nashville,New York,Dry Van,966.1,2035.32,1957.0397494710016,2099.9305336252996,-64.6105336252997
TR-046144,2025-10-20,Baton Rouge,Tucson,Flatbed,1420.7,3102.66,3162.4839763618365,3276.78297222087,-174.12297222087
TR-046150,2025-10-20,Chattanooga,Lexington,Reefer,221.0,642.59,675.1884299007193,692.2353263019819,-49.64532630198187
TR-046146,2025-10-20,Amarillo,Memphis,Dry Van,999.5,2031.75,2051.8664461161147,2128.6461455233707,-96.8961455233707
TR-046147,2025-10-20,New York,Baton Rouge,Dry Van,1461.4,2920.58,3010.137319683886,854.0608448744737,2066.519155125526
TR-046148,2025-10-20,Albuquerque,Phoenix,Dry Van,683.9,1431.46,1491.9058925173758,1428.022692340353,3.4373076596471037
TR-046149,2025-10-20,Madison,San Antonio,Dry Van,1124.5,2304.5,2290.372948501032,2302.614190031319,1.88580996868086
TR-046151,2025-10-20,Baton Rouge,Fort Wayne,Dry Van,999.9,2082.87,2087.884227658229,2072.997674498203,9.872325501796695
TR-046152,2025-10-20,Bakersfield,Cincinnati,Reefer,2029.8,4400.83,4372.829656560457,4215.728510720229,185.10148927977116
TR-046134,2025-10-20,Houston,Albuquerque,Reefer,1082.7,2564.55,2523.6560449001727,2544.415459437988,20.134540562012262
TR-046175,2025-10-20,Green Bay,Reno,Flatbed,1936.8,3739.53,4002.5983601706757,4698.888450991984,-959.3584509919842
TR-046145,2025-10-20,Mobile,Grand Rapids,Reefer,958.5,2242.82,2268.619574861114,2357.9240355401917,-115.10403554019149
TR-046221,2025-10-20,Tulsa,Chattanooga,Dry Van,522.1,1202.95,1249.6108549056455,1122.281993993385,80.66800600661509
TR-046162,2025-10-20,Fort Wayne,Nashville,Dry Van,530.0,1168.91,1207.0146406404078,1211.5892839621213,-42.67928396212119
TR-046154,2025-10-20,Chattanooga,San Antonio,Flatbed,912.4,2004.74,1999.321646481253,2181.1111618164437,-176.37116181644365
TR-046176,2025-10-20,Amarillo,Lexington,Reefer,1311.4,2821.23,2810.236106828851,2980.982917722434,-159.75291772243418
TR-046158,2025-10-20,El Paso,Memphis,Reefer,1371.3,2901.18,3108.251500084858,3287.874007381364,-386.6940073813644
TR-046159,2025-10-20,Philadelphia,Lexington,Flatbed,791.3,1745.83,1799.0465190630466,1935.6192145374018,-189.7892145374019
TR-046160,2025-10-20,Baton Rouge,Kansas City,Dry Van,755.2,1685.45,1635.0713620520055,1727.5081053153292,-42.05810531532916
TR-046161,2025-10-20,Greensboro,Lubbock,Reefer,1252.3,2878.12,2799.3166490040844,2987.17772922669,-109.0577292266903
TR-046163,2025-10-20,Hartford,New York,Dry Van,124.3,332.78,407.4786090446428,314.7051966112863,18.07480338871369
TR-046164,2025-10-20,Lubbock,Albuquerque,Reefer,813.7,1992.45,1896.4234727930077,2060.059346172256,-67.60934617225598
TR-046156,2025-10-20,Chattanooga,Richmond,Flatbed,741.0,1697.36,1686.2846400392395,1814.9518602937774,-117.59186029377747
TR-046165,2025-10-20,Philadelphia,St. Louis,Dry Van,1084.6,2112.63,2172.8488934261823,2165.4711601432336,-52.84116014323354
TR-046167,2025-10-20,Kansas City,Austin,Dry Van,1001.9,2086.28,2060.2292196048998,2102.1249085940876,-15.844908594087428
TR-046168,2025-10-20,Mobile,Lubbock,Flatbed,817.5,1866.42,1791.265927445736,1997.1206326584709,-130.7006326584708
TR-046169,2025-10-20,Boston,Charleston,Dry Van,783.6,1611.06,1636.6684322233407,1702.2978771353478,-91.23787713534784
TR-046170,2025-10-20,Richmond,Cincinnati,Dry Van,666.4,1445.43,1435.2101811337443,1505.0282941223702,-59.598294122370135
TR-046171,2025-10-20,Memphis,Little Rock,Reefer,202.2,639.17,719.6411062630816,649.2502893776375,-10.080289377637541
TR-046172,2025-10-20,Kansas City,Bakersfield,Flatbed,1702.2,3505.44,3656.841584046352,5240.50844472617,-1735.0684447261697
TR-046173,2025-10-20,Madison,Fresno,Flatbed,2011.2,4057.31,4100.882859011943,4880.34802592276,-823.03802592276
TR-046174,2025-10-20,Philadelphia,El Paso,Dry Van,2490.9,880.13,4518.417999061461,4242.311308744363,-3362.1813087443625
TR-046166,2025-10-20,Savannah,Montgomery,Flatbed,330.6,855.72,881.9760587702917,903.3278995119418,-47.60789951194181
TR-046155,2025-10-20,Houston,Fort Wayne,Dry Van,1017.4,2072.48,2098.731405089279,2115.112436465522,-42.632436465522005
TR-046153,2025-10-20,Baton Rouge,Lexington,Reefer,751.2,1768.13,1736.6419259639465,1898.6919576794332,-130.56195767943314
TR-046138,2025-10-20,Atlanta,Milwaukee,Flatbed,427.9,1045.84,1032.207177079293,1082.8405166230248,-37.00051662302485
TR-046195,2025-10-20,Dayton,Providence,Dry Van,1034.3,2088.92,2128.155734395786,2123.10215495019,-34.182154950190125
TR-046202,2025-10-20,Dayton,Fresno,Flatbed,2278.3,4503.27,4447.580323676965,5610.173706024385,-1106.9037060243845
TR-046181,2025-10-20,Indianapolis,Atlanta,Dry Van,378.0,870.15,845.3223668345563,878.0806912440684,-7.9306912440683845
TR-046183,2025-10-20,San Antonio,Raleigh,Dry Van,1464.9,2957.72,3067.119041286993,3326.9492473717896,-369.2292473717898
TR-046184,2025-10-20,Detroit,Richmond,Dry Van,639.7,1330.65,1394.28458716866,1372.896189812107,-42.24618981210688
TR-046185,2025-10-20,Montgomery,El Paso,Dry Van,1651.1,3113.18,3273.4490188888703,6428.314719268431,-3315.134719268431
TR-046186,2025-10-20,Richmond,Philadelphia,Dry Van,279.4,670.27,634.5660067365156,664.1519540620028,6.118045937997181
TR-046187,2025-10-20,Grand Rapids,Baltimore,Dry Van,946.5,1839.62,1937.423137753696,1930.5786387774003,-90.95863877740044
TR-046188,2025-10-20,Tampa,Richmond,Reefer,1032.5,2320.32,2366.8495273198414,2376.466958326114,-56.14695832611369
TR-046182,2025-10-20,Lexington,Richmond,Flatbed,547.5,1308.78,1365.3070028543461,1386.5844915924001,-77.80449159240015
TR-046180,2025-10-20,Little Rock,Nashville,Flatbed,308.4,863.53,801.1853168432235,896.0158574811197,-32.48585748111975
TR-046190,2025-10-20,Bakersfield,Kansas City,Dry Van,1760.3,3502.7,3473.900043473811,3379.976485317154,122.72351468284569
TR-046189,2025-10-20,Las Vegas,Mobile,Flatbed,1791.2,3781.31,3749.50442516833,2522.0669184836884,1259.2430815163116
TR-046194,2025-10-20,Tucson,New Orleans,Dry Van,1476.0,2790.85,2963.3699339974273,3260.5263855298786,-469.67638552987864
TR-046196,2025-10-20,Shreveport,Atlanta,Reefer,458.9,1246.26,1188.4273088303894,1277.019993248568,-30.75999324856798
TR-046179,2025-10-20,Philadelphia,Houston,Dry Van,1589.7,643.58,3238.5738499605263,2942.2393626676558,-2298.659362667656
TR-046193,2025-10-20,Jacksonville,Dayton,Dry Van,687.7,1466.97,1440.616387238224,1507.5043372653631,-40.53433726536309
TR-046192,2025-10-20,Bakersfield,Little Rock,Reefer,1679.7,3533.69,3633.3311758241002,3865.913638371402,-332.2236383714021
TR-046191,2025-10-20,Montgomery,New York,Dry Van,1052.7,2120.92,2229.688417162119,2190.4656643708204,-69.5456643708203
TR-046157,2025-10-20,Louisville,Richmond,Dry Van,709.1,1501.82,1502.8114395449438,1602.848198817265,-101.02819881726509
TR-046197,2025-10-20,Savannah,Amarillo,Flatbed,1515.6,3141.33,3240.430290045583,2181.1354026336785,960.1945973663214
TR-046199,2025-10-20,Salt Lake City,Harrisburg,Dry Van,2296.7,4278.23,4248.741391693929,5616.526596884235,-1338.2965968842354
TR-046198,2025-10-20,Tampa,Memphis,Reefer,621.8,1529.35,1475.6180711583784,1511.3763767045182,17.97362329548173
TR-046216,2025-10-20,Amarillo,Greensboro,Reefer,1469.0,3335.74,3299.062907497123,10339.037617995698,-7003.297617995699
TR-046203,2025-10-20,Fresno,Memphis,Dry Van,1990.6,3701.77,3883.1179418797847,3572.074078436652,129.69592156334784
TR-046204,2025-10-20,Fresno,Syracuse,Reefer,2823.9,5496.55,5459.837764350655,3696.5884905098196,1799.9615094901806
TR-046205,2025-10-20,Baltimore,Syracuse,Dry Van,464.2,1028.64,1049.546305416445,1072.8160713500056,-44.176071350005486
TR-046206,2025-10-20,Phoenix,Jacksonville,Dry Van,2215.9,4063.51,4136.9363211666,5809.040947180255,-1745.5309471802548
TR-046207,2025-10-20,Grand Rapids,Baton Rouge,Flatbed,1099.9,2347.37,2480.085289550282,2459.228603063703,-111.85860306370296
TR-046208,2025-10-20,Greensboro,Los Angeles,Dry Van,2324.2,4332.59,4380.565928034124,5220.716580187655,-888.1265801876552
TR-046209,2025-10-20,Louisville,Tucson,Dry Van,1731.2,3252.55,3445.756972804076,3599.1714132069524,-346.6214132069522
TR-046201,2025-10-20,Richmond,Kansas City,Reefer,923.8,2174.48,2101.7714063202848,2220.6580402954824,-46.17804029548233
TR-046210,2025-10-20,Philadelphia,Albany,Dry Van,407.6,908.37,957.0319520156131,967.4511559202293,-59.08115592022932
TR-046212,2025-10-20,Mobile,San Antonio,Dry Van,735.4,1558.89,1586.3558967017464,1593.7823653945652,-34.892365394565104
TR-046213,2025-10-20,Memphis,Greensboro,Flatbed,454.9,1149.12,1117.292797834641,1181.275406656581,-32.155406656581135
TR-046214,2025-10-20,Columbia,Tucson,Flatbed,2023.4,17893.17,4272.444179227922,2913.9367440600354,14979.233255939962
TR-046215,2025-10-20,Nashville,Hartford,Reefer,1078.4,2487.72,2491.868208387778,2552.321717142054,-64.60171714205399
TR-046217,2025-10-20,Charleston,Mobile,Dry Van,631.7,1412.73,1407.3513968382006,1485.4058941968522,-72.67589419685214
TR-046218,2025-10-20,Tampa,Green Bay,Flatbed,1300.5,2712.93,2847.598524407454,2784.4424786107,-71.51247861070033
TR-046219,2025-10-20,Tucson,Boston,Flatbed,2987.6,6093.6,5766.647615478109,8242.073399750561,-2148.473399750561
TR-046177,2025-10-20,Kansas City,Syracuse,Flatbed,929.9,1805.43,2027.311128461537,2046.314586140602,-240.88458614060187
TR-046211,2025-10-20,Atlanta,St. Louis,Flatbed,375.8,970.39,943.1542437685696,984.0853511127042,-13.695351112704202
TR-046200,2025-10-20,Hartford,Lexington,Dry Van,837.8,1631.08,1698.7622570610151,1756.9115591798782,-125.83155917987824
TR-046178,2025-10-20,Albuquerque,Cincinnati,Reefer,1506.5,3140.88,3243.0239510407946,3688.018504957613,-547.1385049576129
TR-046220,2025-10-20,Detroit,Baltimore,Reefer,816.4,1868.59,1874.0869123812624,1908.568555953101,-39.97855595310102
TR-046288,2025-10-20,Jacksonville,Cincinnati,Dry Van,453.6,1024.01,1022.281764399421,1031.8615300218262,-7.851530021826193
TR-046222,2025-10-20,Indianapolis,Tampa,Dry Van,828.0,1604.74,1690.6853800671347,1768.4427196690092,-163.70271966900918
TR-046224,2025-10-20,Charleston,San Antonio,Reefer,1348.4,3115.6,3139.645920465651,3307.4447963828543,-191.84479638285438
TR-046225,2025-10-20,Fresno,Los Angeles,Flatbed,438.0,997.17,1053.5497496140756,1157.0474310028326,-159.87743100283262
TR-046226,2025-10-20,Houston,Indianapolis,Dry Van,753.5,1617.98,1641.8661800658604,1686.0967367021508,-68.11673670215077
TR-046228,2025-10-20,Richmond,New York,Reefer,257.6,701.71,699.3713890804647,736.5407319471232,-34.83073194712313
TR-046229,2025-10-20,Buffalo,Los Angeles,Reefer,2688.6,5490.26,5434.714171554766,5801.935364403398,-311.6753644033979
TR-046230,2025-10-20,Albany,Fresno,Reefer,3163.4,6302.46,5266.976892058509,6439.633009357366,-137.17300935736603
TR-046231,2025-10-20,Fort Wayne,Washington,Dry Van,559.5,1213.94,1268.1672380802713,1250.6756074483026,-36.73560744830252
TR-046243,2025-10-20,Lexington,Baton Rouge,Dry Van,760.5,1570.88,1602.4820337189835,1589.3873362736595,-18.507336273659348
TR-046264,2025-10-20,Memphis,Kansas City,Dry Van,327.9,778.67,776.689041142396,778.1160474650535,0.5539525349464611
TR-046232,2025-10-20,Columbia,Buffalo,Dry Van,617.5,1349.39,1374.5252981539497,1330.2153537337676,19.174646266232457
TR-046235,2025-10-20,Milwaukee,El Paso,Dry Van,1539.4,2796.13,3069.8382650989347,3121.7419843987927,-325.61198439879263
TR-046236,2025-10-20,Albany,Lexington,Flatbed,1021.9,2108.65,2302.7890516790562,2338.7721691422266,-230.12216914222654
TR-046237,2025-10-20,Tucson,Shreveport,Dry Van,1448.9,2942.78,3009.8818165944804,1227.8069221854616,1714.9730778145386
TR-046238,2025-10-20,Philadelphia,Bakersfield,Reefer,2876.1,5652.74,5547.706325229487,6224.470984008282,-571.7309840082826
TR-046239,2025-10-20,Syracuse,Fort Wayne,Dry Van,540.4,1153.25,1219.8253168629976,1194.2869936648308,-41.03699366483079
TR-046240,2025-10-20,Boston,Green Bay,Flatbed,1201.7,2403.82,2560.5649721134805,2615.6365301482015,-211.8165301482013
TR-046241,2025-10-20,Tampa,Columbia,Dry Van,564.0,1205.46,1291.0283586529679,1263.7283337944634,-58.26833379446339
TR-046233,2025-10-20,Atlanta,Indianapolis,Reefer,355.9,951.71,953.9475258428783,991.555709694869,-39.845709694869015
TR-046234,2025-10-20,Richmond,Lexington,Dry Van,542.1,1143.94,1233.0056995076677,1219.8288382391104,-75.88883823911033
TR-046265,2025-10-20,Shreveport,Jacksonville,Dry Van,547.8,1166.08,1247.473656914568,1286.5101672503383,-120.4301672503384
TR-046242,2025-10-20,Harrisburg,Columbia,Reefer,529.1,1314.3,1317.04643229482,1350.7058578218248,-36.40585782182484
TR-046244,2025-10-20,Lexington,Richmond,Reefer,559.8,1391.18,1389.9217153707605,1433.5185901234563,-42.33859012345624
TR-046251,2025-10-20,Reno,Corpus Christi,Dry Van,1743.3,3262.37,3381.305181394416,3124.5719073354194,137.7980926645805
TR-046250,2025-10-20,New York,Buffalo,Reefer,335.2,846.98,899.8395565837848,895.3516052693568,-48.37160526935679
TR-046252,2025-10-20,Providence,Oklahoma City,Reefer,1962.8,4354.23,4108.888219693946,4190.151232329656,164.07876767034395
TR-046263,2025-10-20,Madison,Greensboro,Flatbed,626.7,1367.22,1416.5870848789393,1421.4577011865592,-54.23770118655921
TR-046248,2025-10-20,El Paso,Lexington,Flatbed,1674.4,3582.0,3601.5235827453266,2459.8808909333634,1122.1191090666366
TR-046246,2025-10-20,Cincinnati,New York,Dry Van,838.2,1768.2,1771.3333864472793,1834.8896170163255,-66.68961701632543
TR-046249,2025-10-20,Los Angeles,Fort Wayne,Flatbed,2260.5,4426.12,4560.879997282917,6148.691370588337,-1722.5713705883372
TR-046253,2025-10-20,New York,Salt Lake City,Dry Van,2501.2,4758.16,4741.466495009579,6137.200277595405,-1379.0402775954053
TR-046227,2025-10-20,Louisville,Nashville,Dry Van,179.2,463.0,548.6438329440596,476.10696528424836,-13.10696528424836
TR-046260,2025-10-20,Hartford,Savannah,Dry Van,829.2,352.82,1745.641331332654,1746.8830250442954,-1394.0630250442955
TR-046256,2025-10-20,Detroit,Bakersfield,Flatbed,2151.1,4264.03,4348.216410424692,5349.585893721953,-1085.555893721953
TR-046257,2025-10-20,Phoenix,Los Angeles,Dry Van,71.6,205.02,454.7806833020086,231.00607918979898,-25.98607918979897
TR-046258,2025-10-20,Bakersfield,Richmond,Reefer,2661.8,5651.99,5474.097299380699,6725.194792757422,-1073.2047927574222
TR-046259,2025-10-20,Richmond,Reno,Flatbed,2618.3,5131.79,5120.1167954520915,7176.507586328742,-2044.717586328742
TR-046261,2025-10-20,Dayton,Albuquerque,Dry Van,1544.3,3052.75,3185.3383370538845,3696.254209517873,-643.5042095178728
TR-046262,2025-10-20,Austin,Indianapolis,Reefer,1046.4,2457.69,2428.993212540112,2511.3956594192923,-53.70565941929226
TR-046245,2025-10-20,Mobile,Tucson,Dry Van,1761.1,3513.88,3481.1424160655306,3417.0399116349417,96.84008836505836
TR-046254,2025-10-20,Lexington,Shreveport,Flatbed,630.0,1497.92,1436.2291167334533,1538.655886574916,-40.73588657491587
TR-046255,2025-10-20,Oklahoma City,San Francisco,Dry Van,1538.4,2976.78,3108.8229556333818,2815.3159490846624,161.4640509153378
TR-046302,2025-10-20,Reno,Savannah,Reefer,2340.2,4846.66,4875.2157226632435,4872.538664024614,-25.87866402461441
TR-046247,2025-10-20,Jacksonville,Memphis,Reefer,470.1,1140.79,1119.4222606991887,1368.421124664952,-227.63112466495204
TR-046291,2025-10-20,Toledo,Salt Lake City,Dry Van,1867.2,3382.5,3678.0016863088194,3557.5241946777264,-175.02419467772643
TR-046270,2025-10-20,Kansas City,Chattanooga,Reefer,439.3,1146.7,1098.25748866052,1183.207067029131,-36.507067029130894
TR-046271,2025-10-20,Savannah,Milwaukee,Flatbed,632.4,1488.97,1487.8047191186888,1581.8392792410816,-92.86927924108159
TR-046272,2025-10-20,Albany,Tucson,Flatbed,2890.4,5647.19,5656.2494698577975,5746.075395906369,-98.88539590636901
TR-046273,2025-10-20,San Antonio,Buffalo,Dry Van,1679.4,3202.7,3373.114192374419,1557.1478399837067,1645.552160016293
TR-046274,2025-10-20,Chattanooga,Jacksonville,Dry Van,343.1,822.46,855.3268760860442,860.4022397992817,-37.94223979928165
TR-046275,2025-10-20,Nashville,Tucson,Reefer,1764.4,3652.13,3830.6391081002685,4372.67905016848,-720.5490501684799
TR-046276,2025-10-20,Columbia,Oklahoma City,Dry Van,1045.8,2099.75,2140.3865305239055,2256.1905265380983,-156.4405265380983
TR-046277,2025-10-20,Mobile,Bakersfield,Dry Van,1972.3,3852.49,3924.568331763785,4420.691510231634,-568.2015102316345
TR-046269,2025-10-20,Shreveport,Hartford,Dry Van,1414.7,2759.83,3112.257468865145,3104.3506446471292,-344.5206446471293
TR-046278,2025-10-20,Cincinnati,Fresno,Reefer,2233.7,4740.97,4623.19267848761,5111.0384222263865,-370.06842222638625
TR-046280,2025-10-20,El Paso,Fort Wayne,Reefer,1775.4,3776.77,3840.2355059478496,4779.03165767525,-1002.2616576752503
TR-046281,2025-10-20,Grand Rapids,Cincinnati,Dry Van,517.7,1114.5,1146.55741781299,1181.0992662451818,-66.59926624518175
TR-046282,2025-10-20,Tampa,Dayton,Dry Van,935.6,1885.05,1887.209617958825,1950.338629168764,-65.28862916876415
TR-046283,2025-10-20,Reno,Salt Lake City,Dry Van,530.0,1108.88,1161.6394098840499,1204.3612208836057,-95.4812208836056
TR-046285,2025-10-20,San Antonio,Dayton,Reefer,1190.0,2782.84,2733.711084382092,2896.512238123226,-113.67223812322572
TR-046286,2025-10-20,Savannah,Montgomery,Flatbed,338.8,906.58,879.1104216775395,881.4715234304886,25.10847656951148
TR-046266,2025-10-20,Baltimore,Fort Wayne,Reefer,832.9,1893.57,1903.808991482028,1947.6843554073434,-54.11435540734351
TR-046267,2025-10-20,Dayton,Tucson,Reefer,1945.4,3891.99,4102.305415668089,28327.23633354591,-24435.24633354591
TR-046279,2025-10-20,Atlanta,Grand Rapids,Dry Van,710.3,1435.86,1488.815505218372,1599.8579928438244,-163.99799284382448
TR-046268,2025-10-20,Dayton,New Orleans,Dry Van,739.3,1579.23,1612.513295109307,1662.356956001084,-83.12695600108395
TR-046284,2025-10-20,Hartford,Philadelphia,Flatbed,74.8,236.51,470.1017472507492,265.9686119542479,-29.458611954247885
TR-046298,2025-10-20,Grand Rapids,El Paso,Flatbed,1721.5,3261.52,3586.713960219644,3760.551659129397,-499.0316591293972
TR-046287,2025-10-20,Fort Wayne,Amarillo,Dry Van,1370.1,2757.06,2821.4735743590945,2784.1714258000166,-27.111425800016605
TR-046293,2025-10-20,Chattanooga,Bakersfield,Flatbed,1997.9,4000.03,4070.848430915319,5173.979011405263,-1173.9490114052628
TR-046294,2025-10-20,Salt Lake City,Tucson,Dry Van,344.1,809.92,862.469813069767,839.4489240446663,-29.528924044666383
TR-046296,2025-10-20,New York,Tampa,Flatbed,1275.8,2571.24,2672.303642505126,2777.7564110431945,-206.5164110431947
TR-046297,2025-10-20,Chattanooga,Mobile,Reefer,304.8,861.44,824.050977455187,886.3897987901266,-24.94979879012658
TR-046299,2025-10-20,Tucson,Atlanta,Dry Van,1826.5,3466.18,3744.436542299054,4330.972435071622,-864.7924350716225
TR-046290,2025-10-20,Tucson,San Antonio,Reefer,1039.6,2378.1,2371.585670048772,2455.0133172075884,-76.91331720758853
TR-046300,2025-10-20,San Antonio,Atlanta,Reefer,941.6,2155.31,2187.947569720956,2523.7804873223063,-368.4704873223063
TR-046223,2025-10-20,Columbia,Birmingham,Reefer,274.0,793.55,744.2661792810386,830.1465570942205,-36.59655709422054
TR-046295,2025-10-20,Cincinnati,Grand Rapids,Reefer,517.6,1291.54,1297.9511241019052,1326.7113087875355,-35.17130878753551
TR-046304,2025-10-20,Lexington,Montgomery,Dry Van,459.6,1014.97,1027.451547533498,998.7729655147359,16.197034485264112
TR-046289,2025-10-20,Toledo,Corpus Christi,Dry Van,1314.7,2577.82,2636.7921773917396,2661.4359292028907,-83.61592920289058
TR-046303,2025-10-20,Tulsa,Richmond,Reefer,1238.9,2839.88,2841.5147776733265,2878.4482230590056,-38.568223059005504
TR-046301,2025-10-20,Philadelphia,Bakersfield,Reefer,2815.7,5782.14,5652.234055135453,4849.941339308561,932.1986606914397
TR-046309,2025-10-20,Louisville,Cincinnati,Dry Van,78.6,217.22,436.92016594982306,224.8563330889129,-7.636333088912892
TR-046292,2025-10-20,Amarillo,Baton Rouge,Dry Van,847.3,1836.09,1710.9474788911277,1819.2713701221708,16.818629877829153
TR-046307,2025-10-20,Albany,Columbia,Reefer,1049.0,2326.16,2372.834732537634,2355.0330395157375,-28.873039515737673
TR-046306,2025-10-20,Richmond,Oklahoma City,Reefer,1543.2,3441.52,3493.9732608833483,3570.954631939914,-129.4346319399142
TR-046308,2025-10-20,Lubbock,Bakersfield,Reefer,1174.6,2543.87,2635.7002730749437,2738.4790199461117,-194.60901994611186
TR-046305,2025-10-20,Philadelphia,Nashville,Dry Van,1056.9,2054.25,2192.085563887362,2166.025311657153,-111.775311657153
TR-046325,2025-10-21,Charleston,Columbia,Dry Van,251.9,650.05,664.7626173472086,651.6440848316867,-1.5940848316867005
TR-046387,2025-10-21,Buffalo,Raleigh,Flatbed,522.3,1165.49,1280.5176644693936,1181.386159074646,-15.896159074645993
TR-046312,2025-10-21,Toledo,Syracuse,Dry Van,465.5,993.99,1071.6599481148676,1030.3903179024785,-36.40031790247849
TR-046313,2025-10-21,Albany,Bakersfield,Dry Van,2892.2,5297.75,5316.102947182087,7271.935367209056,-1974.1853672090556
TR-046314,2025-10-21,Fort Wayne,Jacksonville,Dry Van,774.5,1519.48,1609.4649720925688,1557.2404400599505,-37.7604400599505
TR-046315,2025-10-21,New York,Lexington,Dry Van,760.0,1564.5,1649.5861541301495,1617.6384652530035,-53.13846525300346
TR-046316,2025-10-21,Green Bay,El Paso,Dry Van,1646.2,3197.15,3273.8994522270586,4687.945067492891,-1490.7950674928911
TR-046345,2025-10-21,Tucson,Hartford,Reefer,2792.1,5735.76,5630.853967962907,5433.837709545307,301.9222904546932
TR-046317,2025-10-21,Bakersfield,Tucson,Flatbed,325.3,856.63,902.6687702702657,879.5057235607443,-22.87572356074429
TR-046320,2025-10-21,Richmond,Memphis,Dry Van,865.5,1842.89,1828.3465219538496,1811.0654394352491,31.824560564750982
TR-046322,2025-10-21,Fort Wayne,Milwaukee,Reefer,261.2,679.64,657.6957446540277,684.737541488568,-5.097541488568027
TR-046323,2025-10-21,Chattanooga,Toledo,Reefer,574.5,1350.69,1390.6337667145308,1414.1296093326175,-63.439609332617465
TR-046324,2025-10-21,Lubbock,Salt Lake City,Dry Van,1008.4,2179.9,2175.6051876362517,2191.3943084125203,-11.49430841252024
TR-046318,2025-10-21,Lexington,Nashville,Dry Van,253.9,661.49,675.3072049091552,650.0424673005399,11.447532699460112
TR-046310,2025-10-21,Greensboro,Reno,Reefer,2350.2,4765.0,4633.291519126476,5236.193755220648,-471.1937552206482
TR-046319,2025-10-21,Los Angeles,Baltimore,Reefer,3005.0,5920.98,5937.433975748496,5396.076706632194,524.9032933678054
TR-046321,2025-10-21,Reno,Lexington,Reefer,2130.7,4230.45,4465.252608347193,5547.460656530998,-1317.010656530998
TR-046339,2025-10-21,San Francisco,Mobile,Dry Van,2248.6,4390.62,4326.47405283514,4143.740828525955,246.8791714740446
TR-046327,2025-10-21,Jacksonville,Charleston,Dry Van,396.3,894.69,880.4442659055387,888.43206208301,6.257937916990045
TR-046331,2025-10-21,Austin,Tulsa,Reefer,481.8,1330.32,1293.079028189557,1392.8347587787168,-62.514758778716896
TR-046346,2025-10-21,Bakersfield,Corpus Christi,Dry Van,1440.9,2905.85,3023.1294913818974,3321.4416656073604,-415.5916656073605
TR-046332,2025-10-21,San Antonio,Chattanooga,Flatbed,888.3,2065.63,1975.1901900507119,2074.741224170195,-9.111224170194873
TR-046333,2025-10-21,Syracuse,Richmond,Flatbed,399.5,960.84,987.6536854937651,982.7032759906265,-21.863275990626448
TR-046334,2025-10-21,Kansas City,Philadelphia,Dry Van,1168.2,2291.87,2467.5135221229407,2541.5947606471213,-249.72476064712146
TR-046335,2025-10-21,Shreveport,Salt Lake City,Reefer,1404.8,3093.85,3070.1268270050505,3343.704448236925,-249.85444823692524
TR-046336,2025-10-21,Boston,Buffalo,Flatbed,596.1,1412.82,1426.1715652910127,1429.3793147252163,-16.55931472521638
TR-046326,2025-10-21,Lexington,Buffalo,Dry Van,555.9,1164.1,1228.4799811658988,1206.3088315839266,-42.20883158392667
TR-046337,2025-10-21,Charleston,Washington,Flatbed,428.0,1023.6,1066.060100679345,1085.0032726077047,-61.40327260770471
TR-046340,2025-10-21,Boston,Birmingham,Dry Van,1205.3,2552.75,2500.347174989511,2470.8400269154367,81.90997308456326
TR-046341,2025-10-21,Albany,Milwaukee,Dry Van,1085.7,2199.41,2285.6775829245876,2283.199162058335,-83.78916205833502
TR-046342,2025-10-21,Philadelphia,Tulsa,Dry Van,1457.5,2786.26,2920.9839266860504,2391.32204412357,394.93795587643035
TR-046343,2025-10-21,Greensboro,Amarillo,Dry Van,1468.4,2759.26,2914.781290645602,3596.550566492915,-837.2905664929149
TR-046344,2025-10-21,New Orleans,Lexington,Dry Van,612.2,1399.28,1360.9330986214702,1420.9601289434506,-21.680128943450654
TR-046329,2025-10-21,Tulsa,Memphis,Dry Van,399.6,924.22,924.0121673491467,944.0527706277212,-19.832770627721175
TR-046328,2025-10-21,Dayton,Memphis,Reefer,443.3,1093.01,1071.3892397902875,1143.9528322983174,-50.9428322983174
TR-046338,2025-10-21,Grand Rapids,Green Bay,Dry Van,103.9,279.98,482.24454878150686,303.33430285993404,-23.354302859934023
TR-046311,2025-10-21,Corpus Christi,Fresno,Dry Van,1685.1,3339.97,3358.49182423491,5306.048804668817,-1966.0788046688172
TR-046349,2025-10-21,Nashville,Houston,Flatbed,594.7,1449.76,1441.6190878449406,1557.4033006051022,-107.64330060510224
TR-046369,2025-10-21,Tucson,Houston,Dry Van,1289.1,2619.84,2569.8679643397027,2499.456712623856,120.38328737614393
TR-046351,2025-10-21,Lexington,Nashville,Flatbed,265.5,691.16,704.319490340192,703.3722329890699,-12.21223298906989
TR-046352,2025-10-21,Hartford,Los Angeles,Dry Van,3024.9,5460.56,5620.759069970285,6589.436558999789,-1128.8765589997884
TR-046353,2025-10-21,Cincinnati,Atlanta,Flatbed,204.1,560.6,623.3610825275118,570.9825514964346,-10.38255149643453
TR-046366,2025-10-21,Oklahoma City,Fort Wayne,Reefer,1141.0,2624.82,2647.378846164025,2655.8921730201027,-31.072173020102582
TR-046355,2025-10-21,Lubbock,Jacksonville,Flatbed,1103.7,2407.3,2487.77795382014,2493.2269934207593,-85.92699342075912
TR-046356,2025-10-21,Hartford,Little Rock,Dry Van,1377.3,2650.84,2805.19150290411,2786.133045140815,-135.29304514081468
TR-046354,2025-10-21,Houston,Baltimore,Reefer,1572.4,3315.73,3461.8379362680557,4817.9458637790985,-1502.2158637790985
TR-046350,2025-10-21,Los Angeles,Albuquerque,Reefer,749.7,1768.41,1758.3857745125706,1840.2560223760563,-71.84602237605623
TR-046358,2025-10-21,Richmond,Albany,Flatbed,604.7,1388.84,1399.8139276720462,1425.8323130904255,-36.99231309042557
TR-046360,2025-10-21,Lexington,El Paso,Flatbed,1682.5,3377.12,3513.9153925772152,3289.160008689749,87.9599913102511
TR-046361,2025-10-21,Albany,Jacksonville,Dry Van,1320.4,2542.36,2622.23049893602,2651.8884963805,-109.52849638049975
TR-046362,2025-10-21,Los Angeles,Philadelphia,Dry Van,3075.3,5786.64,5650.854288582166,7463.184624173258,-1676.544624173258
TR-046363,2025-10-21,Boston,Oklahoma City,Dry Van,1988.2,4013.23,3990.118513927469,3858.243429906929,154.9865700930709
TR-046364,2025-10-21,Baton Rouge,Montgomery,Flatbed,480.8,1182.77,1174.5663735352312,1339.2587495470257,-156.4887495470257
TR-046357,2025-10-21,Chattanooga,Grand Rapids,Dry Van,696.4,1512.06,1433.585649484482,1497.8034602096852,14.256539790314719
TR-046330,2025-10-21,Lexington,Birmingham,Flatbed,340.1,882.1,868.0828001125919,896.1311791809651,-14.031179180965069
TR-046359,2025-10-21,Richmond,Tampa,Dry Van,1055.8,2063.13,2166.333385738259,2302.270211532954,-239.1402115329538
TR-046348,2025-10-21,New Orleans,Richmond,Flatbed,1118.1,2606.58,2532.2112778879205,2489.618775923907,116.961224076093
TR-046365,2025-10-21,Grand Rapids,Baton Rouge,Dry Van,1091.9,2264.85,2377.287985493063,2377.9252441223416,-113.0752441223417
TR-046367,2025-10-21,Bakersfield,Columbia,Dry Van,2251.9,14403.14,4378.272668491315,4134.7733333968135,10268.366666603186
TR-046370,2025-10-21,Fort Wayne,Harrisburg,Flatbed,462.3,1068.05,1098.741560478735,1083.0378059608083,-14.987805960808373
TR-046371,2025-10-21,Amarillo,Raleigh,Dry Van,1827.4,3466.53,3649.006870672437,4163.641661923652,-697.1116619236514
TR-046372,2025-10-21,Montgomery,Dayton,Dry Van,702.1,1505.31,1498.09113233333,1516.7639842516212,-11.45398425162125
TR-046373,2025-10-21,Richmond,Chattanooga,Dry Van,716.6,1579.25,1509.2024903705353,1648.392324422763,-69.14232442276307
TR-046374,2025-10-21,Los Angeles,Nashville,Reefer,1986.2,4247.13,4201.18380316808,4186.520138552367,60.60986144763319
TR-046375,2025-10-21,Kansas City,New York,Flatbed,1079.9,2177.46,2375.489068414237,2380.1066583005027,-202.64665830050262
TR-046368,2025-10-21,Mobile,Phoenix,Dry Van,1891.3,3615.45,3831.693245399412,4904.403628061265,-1288.9536280612656
TR-046385,2025-10-21,Houston,Toledo,Dry Van,1127.1,2235.95,2348.9949428165764,2374.372794373095,-138.42279437309526
TR-046376,2025-10-21,Philadelphia,Raleigh,Dry Van,416.7,913.89,939.7784536337722,941.8137519902492,-27.92375199024923
TR-046380,2025-10-21,Houston,Dallas,Dry Van,115.6,350.21,461.75627525347704,359.49143001951757,-9.281430019517586
TR-046381,2025-10-21,Montgomery,San Antonio,Dry Van,886.6,1969.61,1892.509692689321,1998.8947651447954,-29.28476514479553
TR-046382,2025-10-21,Mobile,Oklahoma City,Flatbed,720.5,1734.62,1642.656567081236,1885.4481747233342,-150.8281747233343
TR-046383,2025-10-21,Richmond,Lubbock,Dry Van,1694.8,3348.55,3318.5973224150107,3061.7353947842316,286.81460521576855
TR-046384,2025-10-21,Baton Rouge,Lubbock,Dry Van,510.2,1207.14,1155.837759143782,1216.2236726888486,-9.083672688848537
TR-046347,2025-10-21,Jacksonville,Tampa,Dry Van,355.3,873.69,906.8243648171267,888.8595820801382,-15.169582080138184
TR-046377,2025-10-21,Tucson,Oklahoma City,Flatbed,993.8,2220.12,2285.448426348806,2348.047888426416,-127.9278884264163
TR-046378,2025-10-21,San Antonio,Albuquerque,Reefer,885.0,2065.94,2036.8133415578282,2061.9455866070425,3.99441339295754
TR-046386,2025-10-21,Albany,Nashville,Reefer,1273.3,2726.46,2719.6926871558985,2794.42011078924,-67.96011078923993
TR-046440,2025-10-21,El Paso,Charleston,Dry Van,2041.5,3965.03,4058.5553955327405,3723.3210569014677,241.70894309853247
TR-046388,2025-10-21,Richmond,New Orleans,Dry Van,1140.6,2383.0,2409.168676316199,2411.9362528826723,-28.936252882672306
TR-046425,2025-10-21,St. Louis,Grand Rapids,Dry Van,475.9,1085.97,1087.1022400082343,1043.0475038131267,42.92249618687333
TR-046391,2025-10-21,Toledo,Milwaukee,Dry Van,319.0,793.99,807.865653421396,756.0590009477868,37.930999052213224
TR-046392,2025-10-21,Oklahoma City,Bakersfield,Dry Van,1271.2,2652.98,2492.951667449764,2633.8077952622784,19.172204737721586
TR-046393,2025-10-21,Greensboro,Columbia,Reefer,126.6,395.97,506.87680533901425,406.06099073329733,-10.090990733297303
TR-046394,2025-10-21,Birmingham,Bakersfield,Flatbed,2034.6,4351.68,4229.128268509324,5710.095316927863,-1358.4153169278625
TR-046395,2025-10-21,Phoenix,Syracuse,Dry Van,2766.2,4900.65,5308.184609035999,7154.267434303682,-2253.617434303683
TR-046407,2025-10-21,Kansas City,New York,Dry Van,1089.3,2216.38,2296.513473793364,2325.6675642239443,-109.28756422394417
TR-046390,2025-10-21,Atlanta,Albuquerque,Dry Van,1555.1,3106.83,3126.13600074004,4189.250436947902,-1082.420436947902
TR-046396,2025-10-21,Buffalo,New York,Dry Van,343.2,806.79,823.6075661361042,853.4112969774292,-46.62129697742921
TR-046400,2025-10-21,Indianapolis,Madison,Dry Van,276.6,123.32,701.7117223879006,716.063034249909,-592.743034249909
TR-046401,2025-10-21,Richmond,Lexington,Dry Van,541.3,1202.82,1281.8717664543667,1261.2943324772123,-58.47433247721233
TR-046402,2025-10-21,Montgomery,Amarillo,Dry Van,1274.9,2559.32,2510.371950311647,2700.5110399410232,-141.19103994102306
TR-046403,2025-10-21,Syracuse,Amarillo,Reefer,1903.5,4021.92,4078.4463922550785,4014.7243792185454,7.195620781454636
TR-046404,2025-10-21,Charleston,Austin,Dry Van,1373.7,2681.19,2820.5229558573783,2794.527348450606,-113.33734845060599
TR-046405,2025-10-21,Boston,Syracuse,Flatbed,531.5,1214.87,1289.399448042888,1246.230499330231,-31.36049933023105
TR-046397,2025-10-21,Boston,Columbia,Dry Van,1003.4,1983.68,2057.076480106163,2043.9838314549995,-60.303831454999454
TR-046399,2025-10-21,Houston,Dayton,Flatbed,984.1,2168.35,2194.7477309084734,2283.01021458996,-114.6602145899601
TR-046426,2025-10-21,Raleigh,Columbia,Dry Van,417.8,2970.76,947.957432519479,956.1553169579649,2014.6046830420353
TR-046406,2025-10-21,Lexington,Memphis,Dry Van,329.2,802.46,855.6341363992397,819.1546673017723,-16.694667301772256
TR-046416,2025-10-21,Madison,Albuquerque,Dry Van,1363.3,2747.92,2881.6866338255686,2722.32913438062,25.59086561938011
TR-046409,2025-10-21,New York,Toledo,Dry Van,673.8,1331.75,1386.5924407954285,1378.9899194496663,-47.23991944966633
TR-046410,2025-10-21,Columbia,Los Angeles,Flatbed,2263.4,4764.41,4572.365732882117,7042.003017913809,-2277.5930179138095
TR-046379,2025-10-21,Houston,Syracuse,Flatbed,1507.0,3139.19,3075.224657955086,4521.22614544407,-1382.0361454440704
TR-046412,2025-10-21,New York,Grand Rapids,Dry Van,833.7,1687.86,1724.5186965237003,1720.7492747757333,-32.889274775733384
TR-046413,2025-10-21,Fresno,Memphis,Dry Van,2058.6,4184.37,4081.1790067684933,3786.0796005720495,398.29039942795043
TR-046414,2025-10-21,San Antonio,Chattanooga,Dry Van,906.8,2011.67,1914.862150109645,1993.9561914444466,17.71380855555344
TR-046415,2025-10-21,Detroit,Los Angeles,Reefer,2407.5,4893.47,4889.173706831016,4598.166929411707,295.30307058829294
TR-046398,2025-10-21,St. Louis,Tulsa,Dry Van,534.1,1251.21,1212.9648711038997,1290.3381466571425,-39.12814665714245
TR-046423,2025-10-21,Baton Rouge,Greensboro,Reefer,791.7,1981.96,1864.4183376653516,2031.5560410313765,-49.596041031376444
TR-046418,2025-10-21,Kansas City,Baton Rouge,Flatbed,753.6,1742.78,1685.4607364837802,1832.9851552421899,-90.2051552421899
TR-046419,2025-10-21,Columbia,Phoenix,Dry Van,2299.5,4480.53,4348.517806693651,5346.349689376018,-865.8196893760187
TR-046420,2025-10-21,Phoenix,Detroit,Dry Van,2436.8,4119.27,4495.9940676111455,4630.535964923872,-511.26596492387125
TR-046421,2025-10-21,Tulsa,Jacksonville,Dry Van,710.3,1618.05,1526.5200378176285,1711.5262239299336,-93.47622392993367
TR-046422,2025-10-21,Philadelphia,Albuquerque,Dry Van,2346.2,4173.85,4345.624830165256,3847.1267549200847,326.7232450799156
TR-046408,2025-10-21,Albany,Kansas City,Reefer,1258.7,2832.47,2835.651148393268,2923.860413024378,-91.39041302437818
TR-046424,2025-10-21,Charleston,Phoenix,Dry Van,2489.1,4446.89,4575.60409573856,4565.626918965998,-118.73691896599757
TR-046417,2025-10-21,Lubbock,Richmond,Dry Van,1686.0,3304.22,3350.5998511806274,3482.297839793625,-178.07783979362512
TR-046447,2025-10-21,Madison,Lexington,Dry Van,503.2,1046.13,1122.0355491116122,1127.8135148533613,-81.6835148533612
TR-046411,2025-10-21,Los Angeles,Lubbock,Reefer,1204.5,2618.04,2642.9568735228445,2744.571898330185,-126.53189833018496
TR-046450,2025-10-21,Reno,Lexington,Reefer,2135.1,4186.26,4529.999045918366,5645.051196878254,-1458.7911968782537
TR-046430,2025-10-21,Lexington,Green Bay,Reefer,634.8,1548.2,1540.3943580657756,1628.652870937437,-80.45287093743696
TR-046431,2025-10-21,Shreveport,Detroit,Dry Van,1059.5,2085.41,2156.764883736459,2225.0448519456354,-139.63485194563555
TR-046432,2025-10-21,Richmond,Milwaukee,Reefer,758.4,1793.53,1787.4789186326236,1886.7927022503793,-93.26270225037933
TR-046433,2025-10-21,Toledo,Richmond,Reefer,604.0,1428.25,1428.8434207016571,1480.4849352355718,-52.23493523557181
TR-046434,2025-10-21,Buffalo,Little Rock,Flatbed,1057.1,2269.47,2314.9445697079705,2305.665296563726,-36.19529656372606
TR-046435,2025-10-21,El Paso,Buffalo,Dry Van,2130.0,3921.97,4056.4360463266135,5377.999771688322,-1456.029771688322
TR-046446,2025-10-21,El Paso,Shreveport,Dry Van,1194.8,2435.41,2473.0080124529836,2514.340548329096,-78.93054832909593
TR-046436,2025-10-21,Charleston,Savannah,Dry Van,200.0,521.48,574.4205648209602,548.07666269775,-26.596662697749935
TR-046438,2025-10-21,Syracuse,Greensboro,Flatbed,658.2,1497.97,1551.1428739491712,1579.283315337777,-81.31331533777688
TR-046439,2025-10-21,Tucson,Albuquerque,Dry Van,440.6,971.46,1070.6549598180704,1033.6756408312558,-62.21564083125577
TR-046441,2025-10-21,Greensboro,New Orleans,Dry Van,689.7,1476.03,1458.0586501476453,1500.5290352856857,-24.49903528568575
TR-046442,2025-10-21,Providence,Shreveport,Flatbed,1548.0,3213.37,3265.172630464222,3273.9187450478908,-60.54874504789086
TR-046443,2025-10-21,Montgomery,Harrisburg,Flatbed,872.9,1882.4,1927.845600549832,1929.0140421834722,-46.614042183472066
TR-046437,2025-10-21,Shreveport,Birmingham,Flatbed,397.6,1046.26,1041.2976181097295,1112.3940277061702,-66.13402770617017
TR-046428,2025-10-21,Kansas City,Memphis,Flatbed,325.4,886.73,888.1518677822162,894.1356305097285,-7.405630509728439
TR-046429,2025-10-21,Providence,Oklahoma City,Dry Van,1933.4,3790.58,3883.4092391689837,3676.035898786958,114.54410121304181
TR-046445,2025-10-21,San Antonio,Reno,Dry Van,1555.5,3191.38,3191.906842555446,3276.0635609486626,-84.68356094866249
TR-046444,2025-10-21,New York,Nashville,Reefer,996.8,2276.2,2274.1764652046113,2279.538617419956,-3.3386174199563357
TR-046427,2025-10-21,Toledo,Indianapolis,Dry Van,406.8,900.96,849.8520793349576,872.9651197053973,27.994880294602694
TR-046452,2025-10-21,Green Bay,Toledo,Dry Van,282.5,693.04,659.1563326130222,702.728398404296,-9.688398404295981
TR-046451,2025-10-21,Green Bay,Milwaukee,Reefer,419.3,978.93,1002.2906537074548,1017.9386656993466,-39.00866569934669
TR-046453,2025-10-21,Reno,Bakersfield,Dry Van,536.3,1110.26,1190.9011887164888,1166.270768434777,-56.01076843477699
TR-046454,2025-10-21,New York,El Paso,Dry Van,2380.3,4600.85,4589.905590014531,5898.627622402145,-1297.7776224021445
TR-046455,2025-10-21,Shreveport,Bakersfield,Reefer,1663.3,3850.44,3687.0604362031363,4906.239570545399,-1055.799570545399
TR-046448,2025-10-21,Green Bay,Mobile,Flatbed,1021.4,2198.38,2244.455963484818,2275.5030487216577,-77.1230487216576
TR-046449,2025-10-21,Bakersfield,New York,Reefer,2874.3,5545.41,5513.40086824372,5304.4727501044645,240.9372498955354
TR-046457,2025-10-21,Syracuse,Jacksonville,Dry Van,997.5,1986.47,2135.428055841274,2093.544884515315,-107.07488451531503
TR-046456,2025-10-21,Los Angeles,New Orleans,Reefer,1704.3,3724.61,3670.5192030249573,13802.13985054274,-10077.52985054274
TR-046460,2025-10-21,Detroit,Fort Wayne,Dry Van,218.0,530.1,599.2855453560906,517.9671019485382,12.13289805146178
TR-046461,2025-10-21,Boston,Phoenix,Dry Van,3096.8,5947.51,5755.0845895321545,6582.10670065187,-634.5967006518695
TR-046462,2025-10-21,Memphis,Tucson,Reefer,1622.3,3570.86,3648.68151275114,3550.107677782073,20.75232221792703
TR-046463,2025-10-21,Washington,Fort Wayne,Flatbed,568.6,1307.4,1359.4493836260826,1377.0638505842126,-69.66385058421247
TR-046464,2025-10-21,Lexington,Providence,Dry Van,991.0,1953.16,2036.9782020221041,2067.1790004321433,-114.01900043214323
TR-046389,2025-10-21,Baltimore,Richmond,Dry Van,286.7,642.65,682.6531406448696,682.0809524877051,-39.4309524877051
TR-046458,2025-10-21,Shreveport,Green Bay,Dry Van,999.4,2088.18,2133.7687295073943,2171.675178835667,-83.49517883566705
TR-046459,2025-10-21,Montgomery,Richmond,Dry Van,814.0,1708.45,1673.8369824258434,1732.6136823259494,-24.163682325949367
TR-046538,2025-10-22,Tucson,Raleigh,Flatbed,2417.8,5006.3,4982.319060880523,4685.219834529495,321.08016547050556
TR-046465,2025-10-22,Chattanooga,Richmond,Flatbed,745.2,1663.21,1642.4462313594377,1778.0759079806974,-114.86590798069733
TR-046466,2025-10-22,Richmond,Los Angeles,Dry Van,2864.2,5004.7,5100.98077071638,4837.430626595953,167.26937340404675
TR-046467,2025-10-22,Baton Rouge,Boston,Dry Van,1700.2,3356.83,3292.5460201969818,2587.2763571669793,769.5536428330206
TR-046468,2025-10-22,Savannah,Hartford,Dry Van,833.1,1721.07,1776.4135391517584,1791.2478141608633,-70.17781416086336
TR-046469,2025-10-22,Shreveport,Atlanta,Dry Van,458.5,1102.33,1102.3339667485236,1070.5941639241826,31.73583607581736
TR-046478,2025-10-22,Los Angeles,Philadelphia,Reefer,3049.9,6303.7,6099.642853591767,5269.149118884302,1034.5508811156978
TR-046471,2025-10-22,Shreveport,Providence,Reefer,1553.8,3408.71,3365.1449450130194,6260.869120519346,-2852.1591205193463
TR-046472,2025-10-22,San Antonio,Austin,Dry Van,102.4,301.74,447.9207175229485,309.38624666768686,-7.646246667686853
TR-046473,2025-10-22,Raleigh,Oklahoma City,Flatbed,1491.3,3371.82,3199.425149633079,2109.161561891502,1262.658438108498
TR-046474,2025-10-22,Philadelphia,Baltimore,Dry Van,91.6,258.37,452.90989333930384,266.8021927703341,-8.432192770334098
TR-046475,2025-10-22,Lexington,Little Rock,Dry Van,525.8,1236.06,1255.0260977441148,1297.601724086618,-61.54172408661816
TR-046476,2025-10-22,El Paso,Richmond,Reefer,2228.1,4921.06,4744.822003924323,4282.219247696189,638.8407523038113
TR-046479,2025-10-22,Mobile,Toledo,Reefer,859.1,1930.36,1937.0241850192983,2007.5211427680779,-77.16114276807798
TR-046470,2025-10-22,Tucson,Houston,Flatbed,1301.6,3000.82,2838.70421730005,3012.2710248299,-11.45102482989978
TR-046480,2025-10-22,Reno,Fort Wayne,Reefer,2018.7,3892.0,4302.395491068496,4601.299187753043,-709.299187753043
TR-046512,2025-10-22,Birmingham,Houston,Dry Van,601.4,1385.85,1390.3062248482595,1442.9580042301661,-57.108004230166216
TR-046482,2025-10-22,Los Angeles,Cincinnati,Reefer,2139.9,4318.34,4403.152900847046,4246.657983310549,71.6820166894513
TR-046486,2025-10-22,Boston,Birmingham,Flatbed,1187.3,2644.84,2675.1665842909297,2796.805722095973,-151.96572209597298
TR-046499,2025-10-22,Fort Wayne,Nashville,Reefer,507.2,1347.83,1334.4062442016766,1314.2116491409763,33.61835085902362
TR-046487,2025-10-22,Amarillo,El Paso,Flatbed,418.4,1058.45,1060.2209071230684,1116.289588119676,-57.83958811967591
TR-046488,2025-10-22,Reno,Dayton,Dry Van,1985.8,3678.77,3862.3004516756628,3461.296790668887,217.47320933111314
TR-046489,2025-10-22,Albuquerque,Richmond,Dry Van,2105.9,3868.49,4007.3235086937634,5052.068881411284,-1183.5788814112839
TR-046490,2025-10-22,Cincinnati,New Orleans,Flatbed,532.0,1309.84,1324.5307779215286,1371.6866518349873,-61.84665183498737
TR-046484,2025-10-22,Atlanta,Corpus Christi,Flatbed,838.8,1988.26,1927.9857724892822,2097.5737777741706,-109.3137777741706
TR-046491,2025-10-22,Columbia,Nashville,Dry Van,330.2,775.99,831.6166730325237,814.9756996633853,-38.985699663385276
TR-046493,2025-10-22,Philadelphia,Nashville,Flatbed,1025.6,2146.27,2229.7802115513537,2297.2818277077936,-151.0118277077936
TR-046494,2025-10-22,Fresno,Tulsa,Flatbed,1661.1,3629.61,3545.4657384349975,3004.430794911476,625.1792050885242
TR-046495,2025-10-22,Houston,Cincinnati,Dry Van,756.3,1742.47,1669.5425957773418,1763.15428524487,-20.684285244869898
TR-046496,2025-10-22,Lubbock,Albany,Reefer,2161.3,4523.99,4404.340355714035,3772.879068890443,751.110931109557
TR-046497,2025-10-22,Milwaukee,Los Angeles,Reefer,2051.7,4220.16,4310.125038405334,4830.879753859393,-610.7197538593928
TR-046498,2025-10-22,Austin,Oklahoma City,Dry Van,231.1,664.29,653.8388180001248,668.6778999578011,-4.387899957801096
TR-046492,2025-10-22,Albuquerque,San Antonio,Reefer,912.5,2155.11,2058.195508664887,2214.2519485199273,-59.141948519927155
TR-046481,2025-10-22,Atlanta,Mobile,Dry Van,296.2,712.44,741.4333399887503,735.0525820407547,-22.61258204075466
TR-046500,2025-10-22,Phoenix,New York,Dry Van,2958.2,5551.03,5602.9945772475,4969.26530127672,581.7646987232802
TR-046520,2025-10-22,New York,Lexington,Dry Van,755.0,1636.03,1668.60296320114,1645.9185174755426,-9.888517475542585
TR-046502,2025-10-22,Kansas City,Atlanta,Dry Van,504.1,1144.41,1147.543899111164,1086.5915101250428,57.81848987495732
TR-046519,2025-10-22,Bakersfield,Providence,Reefer,3059.5,6452.47,6253.229118729061,6376.241995872997,76.22800412700326
TR-046505,2025-10-22,Grand Rapids,Montgomery,Dry Van,1015.6,2043.47,2164.779611744732,2162.3013858434792,-118.83138584347921
TR-046506,2025-10-22,Albuquerque,Albany,Reefer,2460.4,4995.47,4950.97178220599,5859.544434388607,-864.0744343886072
TR-046507,2025-10-22,Lexington,Kansas City,Dry Van,446.5,1049.62,1330.3443218731215,1419.5371060534385,-369.9171060534386
TR-046508,2025-10-22,Madison,San Antonio,Flatbed,1136.5,2624.53,2568.6943304715865,2600.618959374552,23.911040625448095
TR-046510,2025-10-22,Philadelphia,Milwaukee,Dry Van,983.1,2022.03,2098.4553346729413,2127.644052086555,-105.61405208655492
TR-046511,2025-10-22,Lexington,Milwaukee,Dry Van,305.9,780.71,801.3076088761566,825.2677155118756,-44.557715511875585
TR-046509,2025-10-22,Lubbock,Chattanooga,Flatbed,987.9,2138.6,2208.794977721479,2291.6808849763306,-153.0808849763307
TR-046513,2025-10-22,Fort Wayne,Buffalo,Reefer,412.3,1025.05,1109.151476725511,1092.4319232383211,-67.38192323832118
TR-046514,2025-10-22,Fresno,Columbia,Dry Van,2444.4,4544.18,4618.187748825936,4348.199637983683,195.98036201631749
TR-046515,2025-10-22,Oklahoma City,Harrisburg,Dry Van,1471.7,2853.82,2925.9827259160293,3102.802217810551,-248.982217810551
TR-046516,2025-10-22,Buffalo,Baton Rouge,Reefer,1325.5,2863.43,2768.613421044207,2952.5440537466525,-89.11405374665264
TR-046517,2025-10-22,Toledo,Albuquerque,Reefer,1684.3,14784.38,3678.300110159874,2577.1854953933507,12207.194504606648
TR-046518,2025-10-22,Montgomery,Shreveport,Dry Van,451.0,1045.82,1028.9627271330996,1082.914867899901,-37.094867899901146
TR-046485,2025-10-22,Albany,Kansas City,Reefer,1257.8,2760.03,2700.3956171961704,2849.102689569086,-89.07268956908592
TR-046503,2025-10-22,Kansas City,St. Louis,Flatbed,132.8,407.52,488.00704926596177,417.177321744542,-9.657321744542003
TR-046483,2025-10-22,Philadelphia,St. Louis,Flatbed,1046.6,2411.85,2355.2580834205837,2372.7616180623113,39.08838193768861
TR-046504,2025-10-22,Montgomery,Milwaukee,Dry Van,696.5,1455.6,1457.4779860694334,1473.7296973947934,-18.12969739479354
TR-046521,2025-10-22,Madison,Philadelphia,Flatbed,1105.1,2357.26,2534.0763046017555,2560.8232554205856,-203.5632554205854
TR-046522,2025-10-22,Richmond,Dayton,Flatbed,582.4,1354.85,1411.7983976788491,1458.1801870492827,-103.33018704928281
TR-046523,2025-10-22,Milwaukee,New York,Flatbed,908.1,2044.87,2042.0718201399063,2147.012884252372,-102.14288425237191
TR-046524,2025-10-22,Richmond,Atlanta,Dry Van,695.0,1441.9,1445.757494732447,1454.95982450016,-13.059824500159948
TR-046525,2025-10-22,Greensboro,Los Angeles,Reefer,2324.6,4770.79,4916.022068112749,4792.16753570867,-21.37753570866971
TR-046526,2025-10-22,Milwaukee,Birmingham,Reefer,512.2,1328.25,1319.8709412096089,1319.3741758504007,8.875824149599339
TR-046528,2025-10-22,Los Angeles,Bakersfield,Dry Van,391.8,871.19,915.0970548670716,936.9588669064428,-65.76886690644278
TR-046529,2025-10-22,Jacksonville,Los Angeles,Dry Van,2219.9,4028.2,4271.718729357403,3937.6258189262826,90.57418107371723
TR-046530,2025-10-22,Tulsa,Charleston,Reefer,1016.8,2551.19,2372.7773251256567,2483.2140213882026,67.97597861179747
TR-046531,2025-10-22,Grand Rapids,Tampa,Reefer,1211.0,2642.91,2660.2166573044565,2791.415545613415,-148.50554561341505
TR-046532,2025-10-22,Salt Lake City,Lubbock,Dry Van,1018.1,2143.64,2122.773254280725,2154.9100059556927,-11.270005955692795
TR-046533,2025-10-22,Baton Rouge,Los Angeles,Dry Van,1694.9,3494.61,3422.8168455594296,3779.3860519796203,-284.7760519796202
TR-046534,2025-10-22,Cincinnati,Indianapolis,Flatbed,192.8,542.56,582.1346064052505,573.8161588861321,-31.256158886132198
TR-046535,2025-10-22,Columbia,San Antonio,Flatbed,1110.1,2533.72,2555.4425806130503,2607.710066806287,-73.99006680628736
TR-046536,2025-10-22,Bakersfield,Hartford,Dry Van,2873.2,5232.81,5260.400677636749,4875.11444776161,357.6955522383905
TR-046501,2025-10-22,Baton Rouge,Greensboro,Dry Van,811.1,1691.2,1708.531512182572,1781.489068834718,-90.28906883471791
TR-046527,2025-10-22,Greensboro,El Paso,Reefer,1826.3,3980.59,4040.6680754742756,3078.9429156574993,901.6470843425009
TR-046537,2025-10-22,Albuquerque,Bakersfield,Reefer,505.4,1309.66,1316.698881738492,1271.7718557667895,37.888144233210596
TR-046583,2025-10-22,Columbia,Shreveport,Reefer,645.1,4892.72,1525.4314271412081,1638.7163929123021,3254.003607087698
TR-046539,2025-10-22,Memphis,Richmond,Dry Van,826.8,1748.43,1746.4321808268319,1786.11858655316,-37.688586553159894
TR-046541,2025-10-22,Salt Lake City,Providence,Flatbed,2772.4,5723.31,5585.249243967226,7633.184466769876,-1909.8744667698757
TR-046542,2025-10-22,Syracuse,Charleston,Flatbed,727.5,1560.71,1679.3915457006715,1680.7449750421004,-120.03497504210031
TR-046543,2025-10-22,San Antonio,Columbia,Dry Van,1146.0,2335.15,2405.462102466778,2470.4368153413784,-135.28681534137831
TR-046544,2025-10-22,New York,Raleigh,Dry Van,463.9,1011.88,1017.4139315179855,964.0867054553726,47.79329454462743
TR-046545,2025-10-22,Providence,Albany,Flatbed,537.7,1238.84,1350.5124878768643,1362.218577053655,-123.37857705365514
TR-046546,2025-10-22,Fresno,Columbia,Dry Van,2402.2,4584.52,4714.28228982471,4464.863828576869,119.65617142313113
TR-046574,2025-10-22,Amarillo,Fort Wayne,Reefer,1363.5,2989.44,2983.2999689204116,3196.9838651261416,-207.54386512614155
TR-046547,2025-10-22,Hartford,Shreveport,Dry Van,1435.8,2942.45,3008.5897473015416,3570.9343228405896,-628.4843228405898
TR-046549,2025-10-22,Atlanta,Phoenix,Dry Van,1990.6,3721.16,3922.362308711312,4764.786524533028,-1043.6265245330278
TR-046551,2025-10-22,Harrisburg,Jacksonville,Flatbed,778.3,1726.53,1710.8016262481583,1734.4517883563835,-7.9217883563835585
TR-046552,2025-10-22,Oklahoma City,Fort Wayne,Dry Van,1161.5,2301.62,2811.8873839898406,3653.042972461709,-1351.422972461709
TR-046553,2025-10-22,Phoenix,Albuquerque,Reefer,706.0,1660.06,1631.7290023427336,1675.750277496006,-15.690277496006047
TR-046554,2025-10-22,Cincinnati,Charleston,Dry Van,522.9,1141.94,1229.6117561736141,1164.2350803286974,-22.295080328697395
TR-046555,2025-10-22,Buffalo,Albany,Dry Van,487.9,1060.19,1131.257882449664,1084.9406815713764,-24.75068157137639
TR-046548,2025-10-22,Detroit,Philadelphia,Dry Van,772.9,1604.29,1629.98966470166,1583.9416869702375,20.348313029762494
TR-046550,2025-10-22,Grand Rapids,Buffalo,Flatbed,500.0,1185.29,1168.8223873318193,1142.6790543016714,42.61094569832858
TR-046558,2025-10-22,Indianapolis,Tucson,Reefer,1745.0,3652.95,3803.609152522592,4620.060506941987,-967.1105069419873
TR-046565,2025-10-22,Hartford,Madison,Flatbed,1124.0,2381.33,2460.125981610804,2403.662569532905,-22.332569532904927
TR-046477,2025-10-22,Los Angeles,Green Bay,Dry Van,2314.9,4096.07,4271.446787573308,3774.418487043474,321.6515129565255
TR-046559,2025-10-22,Amarillo,Dayton,Dry Van,1343.3,2699.39,2776.0336225568353,2840.911819792236,-141.52181979223633
TR-046560,2025-10-22,Salt Lake City,Shreveport,Reefer,1376.3,3332.52,3187.583185216632,3625.7422090804102,-293.22220908041027
TR-046561,2025-10-22,Columbia,Nashville,Dry Van,326.9,780.38,810.4160077148631,796.9524603032191,-16.572460303219145
TR-046562,2025-10-22,Chattanooga,Salt Lake City,Flatbed,1705.9,3557.23,3620.7700375010736,3488.896129561111,68.33387043888888
TR-046563,2025-10-22,Reno,Albany,Reefer,2833.0,5851.62,5995.64412665308,5252.503220852613,599.1167791473872
TR-046564,2025-10-22,Richmond,Philadelphia,Dry Van,274.0,651.91,677.1712353003138,668.3818687060151,-16.47186870601513
TR-046573,2025-10-22,Columbia,Buffalo,Reefer,656.3,1631.66,1599.704800793817,1626.1444010917025,5.515598908297534
TR-046566,2025-10-22,Oklahoma City,Los Angeles,Reefer,1355.9,3104.16,3036.6764614400536,3099.817102945578,4.342897054421883
TR-046567,2025-10-22,Indianapolis,Boston,Flatbed,1266.8,2614.42,2619.5526503748233,2843.436799798116,-229.01679979811615
TR-046568,2025-10-22,Boston,Buffalo,Dry Van,593.1,1229.26,1305.2930778266025,1311.038549357143,-81.77854935714299
TR-046569,2025-10-22,Birmingham,Charleston,Dry Van,475.0,1144.34,1133.581037710487,1082.8889165513247,61.45108344867526
TR-046570,2025-10-22,Dallas,Atlanta,Reefer,603.1,1590.58,1398.2662755113406,1579.8759286357467,10.704071364253195
TR-046571,2025-10-22,Louisville,San Francisco,Reefer,2204.7,4717.8,4724.247974416025,4306.349796786418,411.4502032135824
TR-046572,2025-10-22,New York,Phoenix,Reefer,2934.5,6053.36,5952.119793168095,5564.166638068539,489.19336193146046
TR-046557,2025-10-22,Memphis,Grand Rapids,Flatbed,663.7,1530.79,1550.8013567377347,1789.565792721316,-258.77579272131607
TR-046575,2025-10-22,Grand Rapids,Shreveport,Dry Van,948.6,1851.21,1947.8792803816052,2015.656200966535,-164.4462009665349
TR-046556,2025-10-22,Charleston,El Paso,Dry Van,2037.3,3839.75,3985.816656078744,5478.406771688945,-1638.656771688945
TR-046577,2025-10-22,Phoenix,Buffalo,Dry Van,2646.8,4696.47,4820.5505109912765,430.2627090960486,4266.207290903952
TR-046578,2025-10-22,Tucson,Charleston,Dry Van,2232.0,4048.34,4339.6942100646465,4106.383186554866,-58.043186554866224
TR-046579,2025-10-22,Greensboro,Louisville,Dry Van,352.3,807.53,830.2195001498992,845.6884550703131,-38.15845507031315
TR-046580,2025-10-22,Buffalo,St. Louis,Dry Van,759.3,1628.52,1653.1390787197572,1633.732005096841,-5.21200509684104
TR-046581,2025-10-22,Atlanta,Tucson,Dry Van,1868.2,3859.48,3777.1218384941503,4729.421946537304,-869.9419465373044
TR-046582,2025-10-22,Oklahoma City,Richmond,Dry Van,1505.8,2912.89,3025.8404065283885,4697.467460904679,-1784.577460904679
TR-046585,2025-10-22,Louisville,Tulsa,Dry Van,582.0,1322.8,1337.0313245141544,1389.3750223766342,-66.57502237663425
TR-046586,2025-10-22,Shreveport,Baton Rouge,Reefer,184.5,612.12,599.7107790185444,627.3714147858849,-15.25141478588489
TR-046587,2025-10-22,Bakersfield,Green Bay,Dry Van,2019.5,3585.07,3917.6209960874185,3472.158454088756,112.91154591124405
TR-046588,2025-10-22,Baltimore,Birmingham,Dry Van,956.4,1959.85,2001.29909431354,1978.0559763817246,-18.205976381724668
TR-046589,2025-10-22,Toledo,Montgomery,Reefer,902.8,2105.22,2022.092857679957,2111.0007655780228,-5.780765578022965
TR-046590,2025-10-22,Tampa,Montgomery,Flatbed,277.2,726.82,747.845397196495,733.1568360001365,-6.336836000136486
TR-046591,2025-10-22,Tulsa,Austin,Dry Van,470.7,1132.13,1146.1147158177716,1107.89377578778,24.236224212220122
TR-046592,2025-10-22,Austin,Columbia,Dry Van,1216.6,2583.27,2511.1456721052,2638.554505373828,-55.28450537382787
TR-046594,2025-10-22,Columbia,Greensboro,Flatbed,131.1,394.73,492.39682326912316,414.5529848810311,-19.82298488103106
TR-046595,2025-10-22,Syracuse,Grand Rapids,Dry Van,581.4,1211.67,1251.1562820353852,1236.2161683621755,-24.546168362175422
TR-046593,2025-10-22,New York,Providence,Flatbed,349.7,873.47,919.8466021609395,893.4789097479494,-20.00890974794936
TR-046596,2025-10-22,Richmond,Dayton,Dry Van,596.7,1225.8,1280.9278638432543,1281.4503220699198,-55.650322069919866
TR-046584,2025-10-22,Cincinnati,San Francisco,Dry Van,2250.8,4314.84,4413.552707924112,5150.012429476454,-835.1724294764535
TR-046602,2025-10-22,Philadelphia,Lexington,Flatbed,794.5,1720.26,1763.786530311052,1823.1272476289607,-102.86724762896074
TR-046611,2025-10-22,Tucson,Phoenix,Reefer,290.9,804.22,854.4308508830766,814.2886225082092,-10.06862250820916
TR-046576,2025-10-22,Greensboro,Fresno,Reefer,2451.3,5316.93,5136.233310057793,4407.58898183879,909.3410181612107
TR-046599,2025-10-22,Boston,Hartford,Flatbed,180.6,513.66,560.9761504162016,539.7561283753473,-26.096128375347348
TR-046600,2025-10-22,Cincinnati,Buffalo,Reefer,626.1,1525.01,1522.4520397106326,1542.7861884170404,-17.77618841704043
TR-046601,2025-10-22,Lexington,Providence,Dry Van,1015.4,2052.74,2091.332922503405,2123.994568164012,-71.2545681640122
TR-046603,2025-10-22,Phoenix,Lubbock,Dry Van,1154.7,2343.8,2390.6035501655806,2459.373855292598,-115.57385529259773
TR-046604,2025-10-22,St. Louis,Oklahoma City,Flatbed,795.8,1926.44,1838.9073512462608,2051.399639848503,-124.95963984850277
TR-046605,2025-10-22,Milwaukee,Tampa,Dry Van,956.6,2037.74,2019.7656044463895,2088.8781907943494,-51.138190794349384
TR-046607,2025-10-22,Mobile,Lubbock,Reefer,820.1,2022.85,1890.482899767023,2091.7558251695586,-68.90582516955874
TR-046608,2025-10-22,Phoenix,Syracuse,Reefer,2797.6,5664.3,5823.8046941983,4890.7799665304665,773.5200334695337
TR-046609,2025-10-22,San Francisco,El Paso,Reefer,789.1,1881.48,1881.2937365653052,2000.6132072596909,-119.13320725969083
TR-046610,2025-10-22,Harrisburg,Boston,Dry Van,543.5,1164.69,1234.102860277936,1186.333858939202,-21.64385893920189
TR-046540,2025-10-22,Oklahoma City,St. Louis,Reefer,793.2,1983.25,1862.4545726135898,2071.268319867987,-88.01831986798697
TR-046597,2025-10-22,New Orleans,Savannah,Flatbed,692.2,1670.77,1587.194156366472,1698.0278533012763,-27.257853301276327
TR-046606,2025-10-22,Los Angeles,Dallas,Dry Van,1556.2,2916.59,3127.432834001054,3287.5959729701885,-371.0059729701884
TR-046598,2025-10-22,Greensboro,New York,Dry Van,684.5,1376.74,1415.0156493442046,1432.1797138752058,-55.439713875205825
TR-046614,2025-10-23,Little Rock,Buffalo,Flatbed,1038.6,7151.41,2292.3400735157747,2384.200139577514,4767.209860422486
TR-046616,2025-10-23,Cincinnati,Shreveport,Dry Van,531.6,1237.21,1238.3117506074352,1277.2944552871882,-40.08445528718812
TR-046615,2025-10-23,San Francisco,Washington,Flatbed,2824.2,5187.81,5560.496866447136,5340.092779795678,-152.28277979567792
TR-046627,2025-10-23,Jacksonville,Phoenix,Dry Van,2139.9,4170.26,4227.218705717728,4824.546449380767,-654.2864493807665
TR-046617,2025-10-23,Phoenix,Montgomery,Dry Van,2116.9,4052.55,4058.142308496399,3916.817613892082,135.73238610791805
TR-046612,2025-10-23,Albuquerque,Lubbock,Reefer,825.9,1942.88,1889.355425690499,2031.265554177062,-88.38555417706198
TR-046613,2025-10-23,Kansas City,Indianapolis,Dry Van,176.7,474.38,479.12349336192165,471.6862942308888,2.6937057691112045
TR-046629,2025-10-23,Albany,Amarillo,Dry Van,2256.4,4048.53,4236.16861050372,4291.194106750051,-242.6641067500509
TR-046626,2025-10-23,Los Angeles,Memphis,Dry Van,1991.7,4032.37,4063.1057242448096,3730.225445238816,302.1445547611838
TR-046621,2025-10-23,Amarillo,Albuquerque,Flatbed,409.6,1006.81,1071.022606146797,1069.6990829075019,-62.889082907501916
TR-046622,2025-10-23,Atlanta,New York,Reefer,908.9,2132.94,2085.5179693542273,2199.6495294423207,-66.70952944232067
TR-046623,2025-10-23,Providence,Grand Rapids,Reefer,1130.0,2449.96,2523.7478663172487,2478.158276577446,-28.198276577445995
TR-046624,2025-10-23,Houston,Amarillo,Dry Van,689.6,1644.47,1527.686117380009,1641.429671011554,3.0403289884459355
TR-046625,2025-10-23,Albuquerque,New York,Dry Van,2299.0,4481.13,4405.545095448096,4255.732232435834,225.39776756416632
TR-046689,2025-10-23,Syracuse,Fresno,Flatbed,2732.4,5099.7,5335.145956579284,5948.983502570823,-849.2835025708227
TR-046618,2025-10-23,Reno,Los Angeles,Dry Van,917.0,1794.23,1898.7508570346286,1918.9569646992968,-124.72696469929679
TR-046628,2025-10-23,Dayton,Buffalo,Dry Van,467.8,1009.38,1072.8437250813927,1025.5244084705337,-16.144408470533676
TR-046634,2025-10-23,Dayton,Boston,Reefer,1000.9,2241.31,2259.323000100987,2323.6663701433527,-82.3563701433527
TR-046648,2025-10-23,Birmingham,Little Rock,Flatbed,381.7,1003.47,947.2630459831478,1024.863881430213,-21.393881430213014
TR-046619,2025-10-23,Providence,Amarillo,Flatbed,2310.1,4903.84,4632.92081858442,4499.66551046783,404.1744895321699
TR-046633,2025-10-23,Amarillo,Syracuse,Dry Van,1845.8,3353.42,3734.401351037418,3390.665934508577,-37.24593450857674
TR-046635,2025-10-23,Richmond,Montgomery,Reefer,835.2,1890.04,1891.0948076746186,1909.3837347304516,-19.343734730451615
TR-046636,2025-10-23,Columbia,Mobile,Reefer,428.9,1191.43,1131.9408226333821,1173.307499535584,18.122500464416134
TR-046637,2025-10-23,Buffalo,Syracuse,Dry Van,150.9,380.11,471.23553841612625,371.59123395478224,8.518766045217774
TR-046638,2025-10-23,Tucson,Albuquerque,Reefer,465.4,1158.68,1220.6135476398629,1232.3270081894777,-73.64700818947767
TR-046631,2025-10-23,Columbia,Raleigh,Reefer,396.1,1011.13,1034.7786570259125,1093.8224083549019,-82.69240835490189
TR-046630,2025-10-23,Amarillo,Little Rock,Dry Van,843.5,1971.47,1829.9978037568742,1909.1385675658769,62.331432434123144
TR-046639,2025-10-23,Philadelphia,Cincinnati,Dry Van,897.3,1884.25,1891.9993207942027,1892.1805126307531,-7.930512630753128
TR-046642,2025-10-23,Amarillo,Providence,Reefer,2343.7,5139.92,4939.021152724737,4928.865259411522,211.05474058847813
TR-046643,2025-10-23,New Orleans,Cincinnati,Reefer,523.3,1342.34,1321.5159082774971,1337.539794547261,4.800205452738965
TR-046644,2025-10-23,Dayton,San Francisco,Reefer,2416.0,5367.21,5068.289040433546,4435.8611885993705,931.3488114006295
TR-046645,2025-10-23,Harrisburg,Reno,Dry Van,2474.7,4407.32,4577.565953706445,5336.601270635153,-929.2812706351533
TR-046646,2025-10-23,Charleston,Richmond,Dry Van,398.6,910.72,930.9110831426315,934.2495315311576,-23.529531531157545
TR-046647,2025-10-23,Mobile,San Antonio,Reefer,748.4,1780.1,1757.2507395880339,1933.0474805967888,-152.94748059678886
TR-046640,2025-10-23,Fort Wayne,Boston,Dry Van,1006.0,2046.68,2159.784155981403,2160.897546542773,-114.21754654277288
TR-046641,2025-10-23,Phoenix,Buffalo,Dry Van,2637.6,5011.38,5021.285087834657,6281.950131228997,-1270.5701312289966
TR-046649,2025-10-23,Fort Wayne,Baltimore,Dry Van,847.2,1667.28,1755.7144429587502,1756.6947612449264,-89.41476124492647
TR-046664,2025-10-23,San Antonio,Phoenix,Flatbed,1285.7,2824.36,2668.6184256311312,3136.7743025571467,-312.4143025571466
TR-046651,2025-10-23,Charleston,Reno,Dry Van,2517.9,4641.2,4704.685434697473,5613.360026382213,-972.1600263822129
TR-046653,2025-10-23,Fort Wayne,Syracuse,Dry Van,529.6,1142.58,1236.1992619928537,1257.507610523583,-114.9276105235831
TR-046654,2025-10-23,Shreveport,Providence,Dry Van,1550.1,3071.49,3180.7330729351197,3219.34782495237,-147.85782495237027
TR-046652,2025-10-23,Hartford,Green Bay,Flatbed,994.2,2204.92,2274.2603305134367,2287.276499744125,-82.3564997441249
TR-046656,2025-10-23,Hartford,Raleigh,Dry Van,485.6,1041.25,1126.542696874998,1057.1452213347084,-15.895221334708367
TR-046657,2025-10-23,Hartford,Philadelphia,Dry Van,70.0,206.33,433.3533917759469,225.1480518514472,-18.818051851447194
TR-046658,2025-10-23,Fort Wayne,Little Rock,Flatbed,713.8,1676.94,1606.5109118870741,1868.949554683547,-192.00955468354687
TR-046659,2025-10-23,Richmond,Montgomery,Dry Van,813.3,1745.14,1762.396960043005,1799.593097769144,-54.453097769143824
TR-046669,2025-10-23,Toledo,Baton Rouge,Dry Van,1109.2,2133.09,2281.1282278225294,2266.3321360069554,-133.2421360069552
TR-046655,2025-10-23,Lexington,Cincinnati,Dry Van,134.5,363.25,423.2792226749136,372.25408423275826,-9.00408423275826
TR-046661,2025-10-23,Memphis,Richmond,Reefer,864.1,2021.14,2007.7915841890012,2025.375230553443,-4.235230553442989
TR-046662,2025-10-23,Philadelphia,Charleston,Flatbed,638.0,1470.99,1460.4046667363143,1523.2000777579356,-52.21007775793555
TR-046663,2025-10-23,Atlanta,Kansas City,Dry Van,484.5,1089.06,1149.1272256678326,1126.8668551627768,-37.806855162776856
TR-046632,2025-10-23,Reno,Los Angeles,Reefer,909.9,2157.52,2135.0086922206156,2133.794547569249,23.72545243075092
TR-046665,2025-10-23,New Orleans,Tampa,Reefer,499.8,1336.62,1286.1052347175994,1341.8011731481567,-5.181173148156859
TR-046666,2025-10-23,Harrisburg,Baton Rouge,Flatbed,1202.1,2595.2,2575.609375003027,2776.5543858704823,-181.35438587048247
TR-046667,2025-10-23,Amarillo,Buffalo,Reefer,1735.6,3908.33,3870.0000361183684,3021.0242287171577,887.3057712828422
TR-046660,2025-10-23,Buffalo,Fort Wayne,Dry Van,415.3,859.39,918.2636415209445,941.7484420399128,-82.3584420399128
TR-046668,2025-10-23,Albuquerque,Lexington,Dry Van,1643.6,9305.14,3196.2691818855346,3485.0706875981114,5820.069312401888
TR-046682,2025-10-23,Amarillo,New York,Reefer,1999.9,4514.59,4235.758019586863,3889.9633648834056,624.6266351165946
TR-046670,2025-10-23,Cincinnati,Baltimore,Flatbed,913.5,2152.1,2080.6373829968447,2157.5938672064317,-5.493867206431787
TR-046672,2025-10-23,Tucson,Dallas,Reefer,1292.7,2949.86,2822.3270288367685,3122.9047781318477,-173.04477813184758
TR-046673,2025-10-23,Raleigh,Savannah,Reefer,366.6,969.41,957.2109915056899,960.0620833284735,9.347916671526491
TR-046674,2025-10-23,Fort Wayne,Toledo,Reefer,100.5,321.41,492.5034664205691,336.73015201877047,-15.320152018770443
TR-046675,2025-10-23,Lexington,Bakersfield,Dry Van,2161.9,4139.61,4123.4141631836055,5798.403589505962,-1658.7935895059627
TR-046676,2025-10-23,Dallas,Hartford,Dry Van,1591.9,3197.79,3349.9574698538877,3008.992817901015,188.7971820989851
TR-046687,2025-10-23,Reno,Las Vegas,Reefer,580.2,1462.18,1469.222304972981,1417.5133802641042,44.66661973589589
TR-046677,2025-10-23,New York,Savannah,Dry Van,745.4,1596.29,1621.9744872302463,1607.8921446326735,-11.602144632673571
TR-046671,2025-10-23,Grand Rapids,Tucson,Dry Van,2021.2,849.97,4033.175977606039,3651.9389863376337,-2801.9689863376334
TR-046678,2025-10-23,Louisville,Philadelphia,Reefer,958.0,2167.17,2276.6120319007173,2233.121268989468,-65.95126898946774
TR-046680,2025-10-23,Buffalo,Grand Rapids,Dry Van,506.5,1080.08,1097.3576033440365,1048.3766746798308,31.703325320169142
TR-046681,2025-10-23,Kansas City,Houston,Flatbed,755.3,1786.5,1729.7417629733877,1954.8581811058484,-168.35818110584842
TR-046683,2025-10-23,Richmond,Green Bay,Dry Van,833.7,1693.15,1787.5405197607809,1738.4971766859485,-45.3471766859484
TR-046684,2025-10-23,Tampa,Columbia,Flatbed,588.2,1431.47,1466.2738765516563,1530.7337104091002,-99.26371040910021
TR-046685,2025-10-23,Indianapolis,Buffalo,Dry Van,688.7,1443.55,1438.679804600638,1457.5935159113283,-14.043515911328313
TR-046686,2025-10-23,Birmingham,Nashville,Dry Van,197.2,546.54,543.9806762924779,529.4622870707888,17.077712929211202
TR-046650,2025-10-23,Boston,Richmond,Dry Van,498.1,1159.83,1137.7330691421196,1164.9419391101906,-5.111939110190633
TR-046679,2025-10-23,Toledo,Richmond,Flatbed,560.2,1306.45,1407.468376287768,1408.2040597044327,-101.75405970443262
TR-046620,2025-10-23,Madison,Corpus Christi,Flatbed,1149.9,2588.61,2645.4211042351058,2663.162397439008,-74.55239743900802
TR-046688,2025-10-23,Tucson,Amarillo,Dry Van,633.4,1377.08,1402.1387202103983,1450.4063246449632,-73.32632464496328
TR-046744,2025-10-23,Lexington,Chattanooga,Dry Van,219.1,583.45,601.1618957900114,564.3218217306038,19.128178269396244
TR-046690,2025-10-23,Greensboro,San Francisco,Dry Van,2513.6,4880.25,4737.7441408795175,5516.963373306645,-636.7133733066448
TR-046693,2025-10-23,Hartford,Kansas City,Dry Van,1148.2,2266.92,2359.711266492125,2363.508829613333,-96.58882961333302
TR-046694,2025-10-23,Lubbock,Bakersfield,Flatbed,1184.5,2714.72,2680.0492459217803,2800.5749803147664,-85.85498031476664
TR-046695,2025-10-23,Cincinnati,New Orleans,Dry Van,532.0,1242.06,1250.6357316212352,1313.5827052537918,-71.52270525379186
TR-046696,2025-10-23,Milwaukee,Houston,Dry Van,837.5,1845.46,1805.6062833752212,1865.426158633851,-19.96615863385091
TR-046697,2025-10-23,Shreveport,Harrisburg,Reefer,1092.5,2500.44,2505.521841551644,2473.978411043395,26.461588956604828
TR-046698,2025-10-23,Richmond,Harrisburg,Dry Van,160.0,413.84,528.1106684279346,403.44453252268863,10.395467477311342
TR-046709,2025-10-23,Montgomery,Los Angeles,Dry Van,2120.3,4018.27,4168.709238419713,4844.6364956425,-826.3664956425005
TR-046699,2025-10-23,Cincinnati,Buffalo,Reefer,665.5,1587.93,1565.4001975417655,1611.7386743572372,-23.808674357237123
TR-046701,2025-10-23,Baton Rouge,Bakersfield,Flatbed,1629.8,3568.3,3509.869754401785,3347.457053755894,220.84294624410632
TR-046702,2025-10-23,Fresno,San Antonio,Dry Van,1508.0,3088.52,3071.4546362265237,2867.859253805674,220.66074619432584
TR-046703,2025-10-23,Lexington,Raleigh,Dry Van,517.2,1125.09,1181.8828146891105,1107.1880371238456,17.901962876154357
TR-046704,2025-10-23,Montgomery,San Antonio,Dry Van,887.0,2035.6,1905.4852397280779,2026.8769054981026,8.723094501897322
TR-046705,2025-10-23,Columbia,Washington,Dry Van,542.3,1169.61,1221.3003163860442,1202.4943143550731,-32.88431435507323
TR-046706,2025-10-23,Grand Rapids,Tucson,Dry Van,2027.0,3717.95,3902.6363913206933,3635.416620562762,82.53337943723773
TR-046707,2025-10-23,Fort Wayne,Tucson,Dry Van,2004.4,3829.0,3874.746244266961,3367.100828386702,461.8991716132982
TR-046727,2025-10-23,New York,Greensboro,Flatbed,661.5,1563.23,1543.0355205152387,1593.5606573035038,-30.330657303503813
TR-046708,2025-10-23,Birmingham,Indianapolis,Dry Van,451.2,1075.14,1060.5207626236306,1050.8449212300752,24.295078769924885
TR-046692,2025-10-23,Phoenix,Shreveport,Dry Van,1664.5,3305.45,3275.2522522239615,3734.9803583697762,-429.5303583697764
TR-046710,2025-10-23,Cincinnati,Raleigh,Dry Van,622.1,1428.98,1401.4817200427292,1368.3140113634074,60.6659886365926
TR-046712,2025-10-23,Tulsa,Richmond,Reefer,1209.1,2780.68,2736.5975186042706,2970.147055615182,-189.4670556151823
TR-046717,2025-10-23,San Francisco,Syracuse,Dry Van,2845.4,5354.03,5430.120333484713,6793.2275378498825,-1439.1975378498828
TR-046713,2025-10-23,Richmond,Atlanta,Dry Van,677.2,1518.72,1472.2839142722728,1519.1223450989728,-0.4023450989727735
TR-046714,2025-10-23,Cincinnati,Corpus Christi,Reefer,948.2,2200.86,2244.1544825203973,2289.8493211082814,-88.98932110828127
TR-046715,2025-10-23,Cincinnati,San Antonio,Dry Van,1038.4,2308.44,2225.599088093602,2317.7044000586425,-9.264400058642423
TR-046716,2025-10-23,San Antonio,Tulsa,Flatbed,410.9,1109.65,1086.0859111888424,1093.0686223483542,16.58137765164588
TR-046756,2025-10-23,Charleston,Shreveport,Dry Van,866.3,1852.24,1828.4591250731985,1844.9904282160596,7.249571783940382
TR-046700,2025-10-23,Fresno,Tucson,Flatbed,491.9,1253.74,1264.3447343210134,1310.3237993997066,-56.58379939970655
TR-046726,2025-10-23,New Orleans,San Antonio,Dry Van,509.1,1230.04,1226.6548883893122,1259.2083835880615,-29.168383588061488
TR-046721,2025-10-23,Atlanta,Indianapolis,Flatbed,348.2,921.11,954.9421767434299,977.7303276003051,-56.62032760030513
TR-046722,2025-10-23,Nashville,Fresno,Dry Van,2100.1,4135.5,4134.200308650804,5494.6538421629875,-1359.1538421629875
TR-046723,2025-10-23,Reno,Boston,Dry Van,2980.2,5618.27,5516.338691412256,5922.722602398809,-304.45260239880827
TR-046724,2025-10-23,Little Rock,Memphis,Dry Van,230.8,612.01,600.3890112847519,602.7802621957168,9.229737804283218
TR-046725,2025-10-23,Fort Wayne,Richmond,Flatbed,599.8,1371.1,1425.2824486359855,1653.184413035423,-282.08441303542304
TR-046711,2025-10-23,Mobile,Fresno,Dry Van,2168.0,4100.18,4138.21572081373,3603.3719267309066,496.8080732690937
TR-046719,2025-10-23,Tampa,Montgomery,Dry Van,277.5,722.84,730.5464238965194,706.9535579231692,15.886442076830804
TR-046720,2025-10-23,Syracuse,Raleigh,Flatbed,616.7,572.98,1463.4113125951071,1435.1124819392662,-862.1324819392662
TR-046728,2025-10-23,Toledo,San Francisco,Dry Van,2436.5,4268.73,4458.078573425229,4158.1788602738925,110.55113972610707
TR-046718,2025-10-23,Grand Rapids,Indianapolis,Dry Van,439.1,972.57,991.376513827611,1006.3989327066944,-33.82893270669433
TR-046730,2025-10-23,Buffalo,Hartford,Dry Van,447.5,990.67,1018.6303327673179,1032.059820733359,-41.38982073335899
TR-046731,2025-10-23,Kansas City,Atlanta,Dry Van,479.3,4635.85,1167.1367907307958,1105.5335842247546,3530.316415775246
TR-046732,2025-10-23,Oklahoma City,Green Bay,Dry Van,1190.0,2393.29,2437.717953652033,2510.6111315881167,-117.32113158811671
TR-046733,2025-10-23,Dayton,Fresno,Flatbed,2310.6,4605.7,4526.420173252812,5151.9258819274455,-546.2258819274457
TR-046734,2025-10-23,Harrisburg,Tucson,Reefer,2415.1,4970.7,4892.203271867654,4858.09548198663,112.60451801336967
TR-046735,2025-10-23,Providence,Harrisburg,Dry Van,586.3,1245.2,1263.777543301207,1304.9571959124842,-59.75719591248412
TR-046736,2025-10-23,Buffalo,Las Vegas,Flatbed,2367.8,4815.53,4800.23082553626,6050.902627273356,-1235.3726272733566
TR-046737,2025-10-23,Savannah,New York,Dry Van,790.3,1624.97,1692.8434734948698,1729.1457118832573,-104.17571188325724
TR-046747,2025-10-23,Nashville,Montgomery,Dry Van,364.3,863.63,867.7010440059878,957.3089435889316,-93.67894358893159
TR-046748,2025-10-23,Atlanta,Bakersfield,Dry Van,2049.1,3944.99,3943.7716412114023,5588.792418191897,-1643.8024181918972
TR-046740,2025-10-23,Reno,Chattanooga,Dry Van,2003.5,3895.0,4025.3056627120814,3754.1437172782416,140.85628272175836
TR-046741,2025-10-23,Lexington,San Francisco,Flatbed,2451.1,5150.17,4932.2411676643105,6253.309034061285,-1103.1390340612852
TR-046742,2025-10-23,Grand Rapids,Buffalo,Flatbed,500.4,1112.23,1161.093269308166,1161.6765761473903,-49.44657614739026
TR-046745,2025-10-23,Charleston,Fort Wayne,Reefer,695.5,1596.84,1750.0302618190808,1664.9348851437846,-68.09488514378472
TR-046746,2025-10-23,Baton Rouge,Los Angeles,Reefer,1681.0,3731.56,3663.9952458569205,3339.3941554590624,392.16584454093754
TR-046739,2025-10-23,Shreveport,Toledo,Dry Van,940.3,1853.8,1923.1784569448023,2016.7417619486328,-162.9417619486328
TR-046766,2025-10-23,Cincinnati,Oklahoma City,Reefer,916.9,2288.92,2146.2933305921797,2348.6629819450936,-59.74298194509356
TR-046738,2025-10-23,Fresno,Richmond,Dry Van,2799.4,5035.02,5178.834000440326,6393.539141077267,-1358.5191410772668
TR-046749,2025-10-23,Montgomery,Hartford,Dry Van,1113.4,2142.57,2282.4687200273897,2288.7500909429646,-146.1800909429644
TR-046743,2025-10-23,Philadelphia,Richmond,Dry Van,275.2,654.13,696.6543809045124,676.4844221989002,-22.354422198900238
TR-046760,2025-10-23,Baton Rouge,Tampa,Dry Van,465.8,1153.14,1081.2331779785516,1122.1747055273984,30.965294472601727
TR-046751,2025-10-23,Charleston,Baton Rouge,Reefer,929.1,2187.86,2168.8905879253534,2263.760810913017,-75.90081091301681
TR-046729,2025-10-23,Detroit,Jacksonville,Reefer,955.2,2114.63,2169.088263139414,2229.2932351291074,-114.6632351291073
TR-046752,2025-10-23,Fresno,Greensboro,Dry Van,2433.2,4645.48,4617.3699314073265,4331.865670179415,313.6143298205843
TR-046754,2025-10-23,Mobile,Raleigh,Dry Van,785.0,1706.94,1705.3882175189833,1790.0038652502844,-83.06386525028438
TR-046755,2025-10-23,Baltimore,San Antonio,Dry Van,1876.2,3748.08,3822.8596566343704,3580.1125785057397,167.96742149426018
TR-046757,2025-10-23,Amarillo,Atlanta,Dry Van,1235.4,2619.79,2553.13805057049,2736.695015960273,-116.90501596027298
TR-046758,2025-10-23,Louisville,Fort Wayne,Reefer,374.3,939.94,930.2235614256265,1119.1175098259173,-179.17750982591724
TR-046750,2025-10-23,Dayton,Greensboro,Dry Van,383.7,924.83,894.2712402923701,898.7781801020279,26.05181989797211
TR-046753,2025-10-23,Toledo,Raleigh,Dry Van,687.4,1480.07,1493.736996246237,1469.0819156300668,10.988084369933176
TR-046761,2025-10-23,Philadelphia,Oklahoma City,Flatbed,1771.3,3789.36,3814.9742807888906,3438.9774818673204,350.3825181326797
TR-046762,2025-10-23,Montgomery,Mobile,Reefer,185.8,596.86,626.2639119536627,598.717960366436,-1.857960366436032
TR-046763,2025-10-23,Oklahoma City,Harrisburg,Dry Van,1490.2,3084.04,3035.1031593635994,4099.658835604594,-1015.6188356045941
TR-046767,2025-10-23,Corpus Christi,Greensboro,Dry Van,1066.2,2211.88,2258.1199614334505,2308.1247473107996,-96.24474731079954
TR-046764,2025-10-23,Shreveport,Tampa,Dry Van,508.3,1255.82,1212.3859102929462,1172.5944929667887,83.22550703321122
TR-046765,2025-10-23,Houston,Amarillo,Flatbed,693.2,1761.27,1630.6483280496745,1771.7615314115883,-10.491531411588312
TR-046759,2025-10-23,Shreveport,Montgomery,Dry Van,434.4,1062.75,1075.8146676278764,1051.984202023898,10.765797976102021
TR-046691,2025-10-23,Corpus Christi,Bakersfield,Reefer,1480.5,3442.11,3338.6774691834253,2374.2102852917346,1067.8997147082655
TR-046777,2025-10-24,Houston,Montgomery,Dry Van,615.8,1398.76,1348.635649130919,1387.8739981983426,10.886001801657358
TR-046776,2025-10-24,Chattanooga,Montgomery,Dry Van,345.9,842.01,847.6185866682802,867.0443141674886,-25.03431416748856
TR-046775,2025-10-24,Tucson,New York,Flatbed,2632.8,5090.24,5328.504241478832,5039.319243731656,50.92075626834412
TR-046774,2025-10-24,Bakersfield,Syracuse,Flatbed,2586.1,5267.14,4983.46107881887,5991.9843298624455,-724.8443298624452
TR-046773,2025-10-24,Shreveport,Tulsa,Dry Van,207.0,568.79,573.421554439688,576.2979808607307,-7.507980860730754
TR-046770,2025-10-24,El Paso,Corpus Christi,Dry Van,1054.4,2133.6,2224.9647712398514,2290.976813241393,-157.37681324139294
TR-046771,2025-10-24,Amarillo,Reno,Dry Van,1087.7,2137.08,2221.1564755793665,2279.6822790964293,-142.60227909642936
TR-046769,2025-10-24,Houston,Hartford,Flatbed,1612.3,3553.74,3452.7025792907198,2383.9055639952007,1169.834436004799
TR-046768,2025-10-24,Shreveport,Tucson,Dry Van,1451.4,3003.33,3043.2515578121393,7325.64846358289,-4322.31846358289
TR-046829,2025-10-24,Buffalo,Baltimore,Dry Van,481.2,1056.33,1087.4453820722822,1126.7414804567088,-70.41148045670889
TR-046779,2025-10-24,Hartford,Corpus Christi,Dry Van,1832.4,3574.44,3755.9895687354,3039.1727810586244,535.2672189413756
TR-046781,2025-10-24,Cincinnati,Savannah,Dry Van,435.1,1015.18,989.0878424994828,1020.6960979203759,-5.516097920375955
TR-046772,2025-10-24,Chattanooga,Milwaukee,Dry Van,376.5,882.15,882.7344414707136,878.531474204882,3.618525795117989
TR-046780,2025-10-24,Lexington,Philadelphia,Reefer,818.5,1894.78,1900.2892523205676,2006.9062446468163,-112.1262446468163
TR-046788,2025-10-24,Charleston,Toledo,Dry Van,725.4,1542.94,1550.8299069573404,1602.8695083502876,-59.929508350287506
TR-046796,2025-10-24,Savannah,San Antonio,Dry Van,1148.2,2270.13,2376.5385009592455,2444.840072323042,-174.7100723230419
TR-046783,2025-10-24,Tulsa,Little Rock,Dry Van,201.7,526.96,627.6262332898541,537.0603332838898,-10.100333283889768
TR-046784,2025-10-24,Providence,Charleston,Reefer,726.1,1841.3,1732.739310609421,1874.5480858055878,-33.248085805587834
TR-046785,2025-10-24,Baton Rouge,Jacksonville,Dry Van,572.4,1316.74,1351.9727246849602,1400.119235423786,-83.37923542378599
TR-046786,2025-10-24,Toledo,Charleston,Reefer,721.5,1620.85,1624.632718117535,1773.5666221035842,-152.7166221035843
TR-046787,2025-10-24,Cincinnati,Baton Rouge,Reefer,654.4,1602.69,1581.4420756672796,1675.3522893940465,-72.66228939404641
TR-046789,2025-10-24,El Paso,Bakersfield,Dry Van,444.8,1030.9,1064.7811283793123,1118.4224014622466,-87.52240146224653
TR-046790,2025-10-24,Baton Rouge,Mobile,Dry Van,334.9,848.27,884.4519015170736,850.3560961566748,-2.0860961566747847
TR-046791,2025-10-24,Raleigh,St. Louis,Reefer,859.7,1942.11,1999.495324724105,2034.7281354725544,-92.61813547255451
TR-046792,2025-10-24,Baton Rouge,Tampa,Dry Van,449.4,1080.16,1056.372435041311,1074.82148200211,5.338517997889994
TR-046793,2025-10-24,Cincinnati,Atlanta,Dry Van,201.1,539.01,610.3464536148515,555.6259036415728,-16.6159036415728
TR-046794,2025-10-24,Green Bay,Greensboro,Dry Van,732.2,1612.83,1621.559914764326,1630.5636962295805,-17.733696229580573
TR-046797,2025-10-24,Philadelphia,San Francisco,Dry Van,3071.2,5919.08,5801.985377641153,6706.895098836927,-787.8150988369271
TR-046782,2025-10-24,Amarillo,Shreveport,Reefer,836.0,2059.56,1905.9262432526089,2126.859628140411,-67.29962814041119
TR-046778,2025-10-24,Hartford,Atlanta,Dry Van,1001.8,537.57,2158.0083414068113,2174.586399755405,-1637.016399755405
TR-046801,2025-10-24,Green Bay,Houston,Dry Van,1204.1,2485.6,2516.651798018393,2584.2439396822874,-98.64393968228751
TR-046827,2025-10-24,Hartford,Harrisburg,Reefer,371.7,914.61,951.1497327999964,1001.9597123825275,-87.34971238252751
TR-046795,2025-10-24,Reno,Las Vegas,Dry Van,580.7,1313.54,1314.3147681496666,1270.9540491911594,42.58595080884061
TR-046811,2025-10-24,Hartford,Fort Wayne,Reefer,820.2,2020.54,1882.482992823637,1971.4379307878057,49.10206921219424
TR-046810,2025-10-24,Richmond,El Paso,Dry Van,2235.7,4422.7,4337.546495111782,5634.972476150909,-1212.272476150909
TR-046809,2025-10-24,Hartford,Phoenix,Reefer,2946.0,6105.86,5747.205181884611,6171.912773306751,-66.05277330675108
TR-046808,2025-10-24,Los Angeles,Albuquerque,Dry Van,744.7,1578.16,1620.479179062557,1642.57454493493,-64.41454493492984
TR-046807,2025-10-24,Cincinnati,El Paso,Reefer,1579.0,3544.56,3403.1634886744732,2374.867317396715,1169.692682603285
TR-046804,2025-10-24,El Paso,Las Vegas,Dry Van,341.2,786.95,852.4870016794639,810.1569735310663,-23.206973531066296
TR-046805,2025-10-24,Mobile,Memphis,Dry Van,334.7,831.97,863.713005894567,846.7729900013712,-14.8029900013712
TR-046800,2025-10-24,Tulsa,Greensboro,Reefer,811.1,2003.53,1883.1182311040045,2361.632040804762,-358.1020408047618
TR-046803,2025-10-24,Fresno,Syracuse,Reefer,2776.7,5560.64,5490.429569766811,5149.549987390584,411.0900126094166
TR-046802,2025-10-24,Reno,Hartford,Dry Van,2800.4,4817.06,5064.376963258562,5134.894254256246,-317.8342542562459
TR-046813,2025-10-24,Fresno,Oklahoma City,Dry Van,1455.9,2829.31,2931.34447362305,7355.625015349639,-4526.315015349639
TR-046812,2025-10-24,Fresno,Charleston,Reefer,2713.3,5842.97,5481.271525080279,7581.092231249131,-1738.122231249131
TR-046799,2025-10-24,Milwaukee,San Francisco,Dry Van,2097.2,4063.42,4095.1576338098475,4756.66953045748,-693.2495304574795
TR-046822,2025-10-24,Los Angeles,San Antonio,Reefer,1295.4,2919.45,2856.922540925678,3080.5070927931747,-161.0570927931749
TR-046806,2025-10-24,Amarillo,Madison,Dry Van,1158.2,2488.38,2457.018702459143,2504.9532683161156,-16.573268316115445
TR-046815,2025-10-24,Tampa,Albuquerque,Dry Van,1650.7,3326.87,3319.0597605436674,4714.92878130594,-1388.05878130594
TR-046816,2025-10-24,Syracuse,Mobile,Flatbed,1143.1,2364.43,2499.7176054015663,2547.5590191772526,-183.12901917725276
TR-046817,2025-10-24,Lexington,Cincinnati,Reefer,132.4,410.84,493.32507233944057,432.86941863595155,-22.029418635951572
TR-046818,2025-10-24,Detroit,Cincinnati,Dry Van,567.9,1273.33,1280.8127177942522,1271.017858995628,2.3121410043718242
TR-046819,2025-10-24,Fort Wayne,Baton Rouge,Reefer,1019.9,2496.4,2252.7518635273277,2410.655391493797,85.7446085062029
TR-046820,2025-10-24,Philadelphia,Indianapolis,Dry Van,977.6,1930.19,2025.7287505154836,2013.043663126918,-82.85366312691804
TR-046821,2025-10-24,Lubbock,Phoenix,Dry Van,1166.0,2322.58,2418.4310318545713,2489.092192355952,-166.51219235595227
TR-046823,2025-10-24,Atlanta,Dayton,Reefer,405.6,1032.25,1064.9213058819316,1111.944202996469,-79.6942029964689
TR-046824,2025-10-24,Memphis,Kansas City,Dry Van,331.8,781.04,827.0192272941651,796.7404722097704,-15.700472209770396
TR-046825,2025-10-24,Baltimore,Raleigh,Dry Van,387.9,856.78,908.7818933053163,949.0150523833438,-92.23505238334383
TR-046826,2025-10-24,Hartford,Atlanta,Flatbed,976.0,2152.48,2251.0999033260364,2324.0609352883384,-171.58093528833842
TR-046798,2025-10-24,Greensboro,Kansas City,Flatbed,611.9,1522.89,1463.77376587972,1510.598994596676,12.291005403324107
TR-046814,2025-10-24,Providence,Oklahoma City,Dry Van,1994.1,4112.14,3958.575258027396,3786.555575160872,325.58442483912813
TR-046828,2025-10-24,El Paso,Grand Rapids,Dry Van,1717.1,3218.52,3494.127881017826,3276.250057938352,-57.73005793835182
TR-046844,2025-10-24,Grand Rapids,Milwaukee,Reefer,347.0,906.44,907.8474491517695,955.66703949936,-49.22703949935999
TR-046830,2025-10-24,Toledo,Fort Wayne,Dry Van,94.1,247.16,425.9023617443049,250.19308429755267,-3.0330842975526764
TR-046861,2025-10-24,Fresno,Baton Rouge,Dry Van,1831.3,3571.42,3695.360925503428,3646.544487750205,-75.12448775020493
TR-046846,2025-10-24,Atlanta,Tucson,Reefer,1801.3,3947.41,3949.2991556759666,5655.523278635015,-1708.1132786350154
TR-046833,2025-10-24,Montgomery,Philadelphia,Dry Van,1057.7,2064.72,2200.3791736256408,2190.0480939061445,-125.32809390614466
TR-046860,2025-10-24,San Antonio,Greensboro,Dry Van,1186.7,2500.76,2457.389523786118,2526.5876721011578,-25.827672101157532
TR-046834,2025-10-24,Montgomery,Indianapolis,Dry Van,623.0,1351.0,1357.180235459506,1370.6665935262927,-19.666593526292672
TR-046835,2025-10-24,Albuquerque,New Orleans,Dry Van,1169.9,2366.54,2432.005619661939,2507.9248844907625,-141.3848844907625
TR-046836,2025-10-24,Lexington,Tulsa,Dry Van,721.5,1549.05,1483.824927454627,1620.2691111835265,-71.21911118352659
TR-046837,2025-10-24,Baton Rouge,Dayton,Dry Van,901.2,1963.48,1897.2842700543858,1961.376281196177,2.103718803823085
TR-046838,2025-10-24,Shreveport,Green Bay,Reefer,981.1,2183.37,2264.487561871388,2312.54846096963,-129.17846096963012
TR-046840,2025-10-24,Kansas City,Grand Rapids,Reefer,446.8,1146.4,1159.8571057268127,1192.871752165456,-46.47175216545588
TR-046841,2025-10-24,New York,Bakersfield,Dry Van,2873.6,5041.36,5084.886965729345,7247.984225644002,-2206.6242256440028
TR-046842,2025-10-24,Richmond,Tucson,Dry Van,2481.8,4460.36,4605.206944697583,4281.935759379273,178.42424062072678
TR-046843,2025-10-24,Fort Wayne,Shreveport,Flatbed,875.0,2027.34,1962.0969469184379,2272.058427307914,-244.718427307914
TR-046880,2025-10-24,Lubbock,Los Angeles,Dry Van,1189.4,2391.6,2446.3709291675195,2520.5889447013005,-128.98894470130062
TR-046845,2025-10-24,Savannah,Phoenix,Reefer,2333.7,5016.76,4978.820876191084,4779.9669250128745,236.7930749871257
TR-046847,2025-10-24,Indianapolis,Milwaukee,Reefer,105.2,347.45,501.0326091872291,349.95966911260604,-2.5096691126060477
TR-046853,2025-10-24,Richmond,Bakersfield,Dry Van,2573.2,4484.15,4651.288843768399,4370.671776469508,113.47822353049196
TR-046857,2025-10-24,Bakersfield,Dayton,Dry Van,2091.6,3778.16,3952.645275255669,4043.40682389337,-265.2468238933702
TR-046856,2025-10-24,Oklahoma City,St. Louis,Dry Van,792.9,1764.57,1725.0971219083967,1836.330811985367,-71.76081198536713
TR-046859,2025-10-24,Baton Rouge,Syracuse,Dry Van,1429.4,2828.93,3014.222164635069,2732.231261851455,96.69873814854463
TR-046854,2025-10-24,San Antonio,Lexington,Dry Van,1093.0,2182.45,2306.232518384886,2367.496574032482,-185.0465740324821
TR-046855,2025-10-24,Corpus Christi,Chattanooga,Flatbed,810.9,1961.82,1876.235033320332,2023.4763491797194,-61.65634917971943
TR-046852,2025-10-24,Raleigh,New York,Dry Van,484.7,1037.31,1032.0604846609526,1095.763320363048,-58.45332036304808
TR-046851,2025-10-24,Las Vegas,Hartford,Dry Van,2770.4,5197.41,5275.54513162475,4899.726783971738,297.683216028262
TR-046850,2025-10-24,Fort Wayne,Boston,Dry Van,1021.1,2004.06,2098.0054657913365,2117.2136541680793,-113.15365416807936
TR-046849,2025-10-24,Oklahoma City,Bakersfield,Reefer,1295.1,2957.02,2753.981316964878,3029.764490683693,-72.74449068369313
TR-046848,2025-10-24,Kansas City,Montgomery,Dry Van,722.9,1544.49,1495.558211785145,1526.7369928599026,17.753007140097452
TR-046832,2025-10-24,Washington,Lubbock,Dry Van,1666.9,3273.81,3364.901184071193,4005.323894764618,-731.5138947646183
TR-046839,2025-10-24,Montgomery,Fresno,Dry Van,2328.4,4612.68,4453.4607022280115,6806.598641370305,-2193.9186413703046
TR-046863,2025-10-24,Montgomery,Toledo,Flatbed,874.8,2040.47,2001.739357415059,2283.3694433697624,-242.89944336976237
TR-046858,2025-10-24,Atlanta,Phoenix,Reefer,2048.7,4545.43,4373.1116037753245,4402.197052841859,143.23294715814154
TR-046831,2025-10-24,Oklahoma City,Amarillo,Reefer,445.6,1241.29,1128.3748518483253,1272.72787981193,-31.437879811930088
TR-046892,2025-10-24,Detroit,Tucson,Flatbed,2109.7,4049.7,4225.152179474638,3875.9138831571054,173.78611684289444
TR-046862,2025-10-24,Indianapolis,Columbia,Flatbed,472.6,1177.33,1177.7057969325317,1176.8372099005303,0.49279009946963015
TR-046864,2025-10-24,Oklahoma City,Madison,Dry Van,973.0,2075.72,2088.239519093679,2109.301590233792,-33.58159023379221
TR-046865,2025-10-24,Harrisburg,San Antonio,Reefer,1554.5,3351.21,3428.065413837368,1949.4778874584165,1401.7321125415835
TR-046866,2025-10-24,Oklahoma City,Baltimore,Dry Van,1746.4,3446.99,3594.8940004232245,4986.063734521027,-1539.0737345210273
TR-046867,2025-10-24,Los Angeles,Fresno,Dry Van,444.2,1019.9,1038.0563295463162,1115.9716775800232,-96.07167758002322
TR-046868,2025-10-24,Greensboro,Atlanta,Flatbed,271.9,691.24,705.7892215042,723.7589281941985,-32.51892819419845
TR-046870,2025-10-24,Bakersfield,Dayton,Flatbed,2060.1,4280.56,4346.582822500007,3903.9444256624133,376.6155743375871
TR-046871,2025-10-24,Phoenix,Lexington,Dry Van,2184.0,4269.87,4749.2746284013865,5871.687673018947,-1601.817673018947
TR-046872,2025-10-24,Fresno,Los Angeles,Reefer,428.0,1132.72,1140.0917540212756,1146.344275019939,-13.624275019938977
TR-046873,2025-10-24,Hartford,Madison,Reefer,1127.2,2543.19,2523.199497369963,2542.937137508992,0.2528624910082726
TR-046874,2025-10-24,Reno,Raleigh,Dry Van,2709.4,5106.94,5049.593048824377,4734.0613043490885,372.87869565091114
TR-046875,2025-10-24,Shreveport,Oklahoma City,Flatbed,440.5,1206.29,1176.7597959494933,1230.4793158715663,-24.18931587156635
TR-046876,2025-10-24,San Francisco,Fresno,Dry Van,238.1,611.2,628.1968914463794,635.7377238599946,-24.53772385999457
TR-046869,2025-10-24,Indianapolis,Lexington,Dry Van,293.7,721.17,739.2069718168743,733.0889758402016,-11.918975840201597
TR-046878,2025-10-24,Greensboro,Buffalo,Reefer,547.1,1352.69,1317.9058610063767,1325.413814980035,27.27618501996494
TR-046891,2025-10-24,Memphis,Albany,Dry Van,1340.7,2720.09,2801.1443383173396,2695.444012678776,24.64598732122431
TR-046877,2025-10-24,Columbia,Baton Rouge,Flatbed,751.4,1821.59,1736.28598450897,1952.2461733121556,-130.65617331215572
TR-046890,2025-10-24,Atlanta,Syracuse,Dry Van,914.2,1834.67,1828.415629963376,1914.8855669063933,-80.21556690639318
TR-046889,2025-10-24,Houston,Raleigh,Reefer,1176.1,2850.6,2737.1638506029235,2863.4161414418395,-12.81614144183959
TR-046888,2025-10-24,Richmond,Memphis,Dry Van,848.8,1843.39,1844.4067783203031,1806.337509626837,37.05249037316321
TR-046886,2025-10-24,Corpus Christi,Nashville,Dry Van,767.1,1657.13,1622.4033584910312,1659.3486469420347,-2.2186469420346384
TR-046885,2025-10-24,Bakersfield,Amarillo,Dry Van,863.1,1760.68,1801.5755775003386,1848.8710538096802,-88.19105380968017
TR-046887,2025-10-24,Baton Rouge,Reno,Dry Van,1829.7,3536.49,3769.469929813451,3934.216954281166,-397.7269542811664
TR-046884,2025-10-24,Greensboro,Jacksonville,Dry Van,366.9,877.06,862.2801874283127,844.0283998071932,33.03160019280676
TR-046883,2025-10-24,Baltimore,Jacksonville,Dry Van,930.8,1930.36,1956.9524632550697,1958.8613322651415,-28.501332265141627
TR-046882,2025-10-24,Raleigh,Houston,Reefer,1230.5,2706.87,2664.7510759398015,2949.5309330246137,-242.66093302461377
TR-046881,2025-10-24,Baltimore,Columbia,Dry Van,747.3,1508.97,1614.4103536308012,1540.9240680885266,-31.954068088526583
TR-046879,2025-10-24,Kansas City,Corpus Christi,Dry Van,918.9,1817.19,1885.5662976894919,1941.83125440103,-124.64125440102998
TR-046901,2025-10-25,Toledo,Columbia,Dry Van,628.7,1338.77,1322.1970571633508,1402.5317931307113,-63.76179313071134
TR-046897,2025-10-25,Amarillo,Oklahoma City,Dry Van,421.8,1054.99,1010.9286668945149,1048.022604683286,6.967395316713919
TR-046894,2025-10-25,Greensboro,Birmingham,Dry Van,335.1,824.89,867.743860014833,810.6451456621576,14.244854337842412
TR-046898,2025-10-25,Little Rock,Tampa,Flatbed,588.4,1499.88,1459.4723010929597,1554.923159994915,-55.04315999491496
TR-046899,2025-10-25,Syracuse,Louisville,Dry Van,817.9,1700.4,1705.5393291299747,1766.5420680106954,-66.14206801069531
TR-046900,2025-10-25,Nashville,Atlanta,Dry Van,140.3,394.21,457.6029747236121,387.3068987227968,6.903101277203177
TR-046895,2025-10-25,Fresno,Kansas City,Dry Van,1935.0,3542.49,3836.571562299775,3885.910990112643,-343.42099011264327
TR-046902,2025-10-25,Baton Rouge,Dallas,Dry Van,180.4,519.46,540.9501188019294,519.9598531013503,-0.4998531013502543
TR-046909,2025-10-25,Baton Rouge,Phoenix,Flatbed,1651.4,3442.24,3473.202035368126,5893.514732928668,-2451.2747329286685
TR-046904,2025-10-25,Richmond,Los Angeles,Dry Van,2817.6,5194.25,5267.971809262014,6072.057349937408,-877.8073499374077
TR-046905,2025-10-25,Louisville,Tucson,Dry Van,1752.8,3421.33,3508.785451992677,3576.606430633844,-155.27643063384403
TR-046906,2025-10-25,Detroit,Montgomery,Reefer,1042.0,2192.85,2316.843369638428,2336.049898912594,-143.1998989125941
TR-046907,2025-10-25,Boston,Tampa,Dry Van,1476.1,2772.67,2971.10067698241,3095.26074968912,-322.59074968912
TR-046910,2025-10-25,Phoenix,Dayton,Dry Van,2176.1,4007.86,4138.8878089116915,3823.3135728464013,184.54642715359887
TR-046893,2025-10-25,Salt Lake City,Lubbock,Flatbed,992.6,2168.46,2193.921095667498,2258.435559680928,-89.97555968092774
TR-046931,2025-10-25,Shreveport,Albany,Reefer,1603.0,3321.85,3441.2311565890623,3020.749567455025,301.10043254497486
TR-046903,2025-10-25,Toledo,Dayton,Flatbed,196.8,506.74,594.3052748935468,538.5730625481533,-31.833062548153293
TR-046974,2025-10-25,Oklahoma City,Lexington,Reefer,984.2,2317.04,2273.483794057912,2370.4384636000004,-53.39846360000047
TR-046920,2025-10-25,Lubbock,Atlanta,Dry Van,997.6,2131.5,2119.291686347956,2164.117689212011,-32.6176892120111
TR-046912,2025-10-25,Baltimore,Las Vegas,Dry Van,2803.2,5124.21,5267.180291093775,6219.4325278302495,-1095.2225278302494
TR-046932,2025-10-25,Richmond,Little Rock,Dry Van,1041.5,2138.88,2167.263101733547,2164.115522664709,-25.235522664708697
TR-046915,2025-10-25,Charleston,Shreveport,Dry Van,864.4,1753.15,1817.627657147195,1856.4567856836425,-103.30678568364237
TR-046916,2025-10-25,Bakersfield,Salt Lake City,Flatbed,274.4,193.34,753.2898949967785,764.7281709834263,-571.3881709834262
TR-046917,2025-10-25,Cincinnati,Baton Rouge,Dry Van,664.1,1519.81,1439.493905914278,1547.1400190856696,-27.33001908566962
TR-046919,2025-10-25,Green Bay,Los Angeles,Dry Van,2206.8,4092.76,4267.9978370478075,4802.8649957676635,-710.1049957676632
TR-046921,2025-10-25,Los Angeles,Lexington,Dry Van,2233.8,3939.01,4241.779869358306,4131.630518405926,-192.6205184059254
TR-046914,2025-10-25,Hartford,Baltimore,Dry Van,135.0,361.46,438.4674048649524,331.7941531421993,29.66584685780066
TR-046922,2025-10-25,Kansas City,Lubbock,Reefer,962.3,2286.05,2196.4733452866176,2249.5428404485738,36.50715955142641
TR-046924,2025-10-25,Philadelphia,Nashville,Dry Van,1054.3,2033.55,2149.4443905195703,2162.403109361839,-128.8531093618392
TR-046925,2025-10-25,Savannah,New York,Dry Van,762.6,1547.7,1612.0239439760255,1615.0317557820554,-67.33175578205532
TR-046926,2025-10-25,Providence,Tampa,Flatbed,1334.9,2775.97,2865.4256904360377,2979.7836796895785,-203.81367968957875
TR-046927,2025-10-25,Hartford,Nashville,Flatbed,1090.4,2267.05,2403.0569648454702,2408.0293564278168,-140.97935642781658
TR-046928,2025-10-25,Green Bay,Providence,Dry Van,1239.7,2285.95,2490.7362847171994,2560.8162505947053,-274.86625059470543
TR-046929,2025-10-25,New Orleans,Fort Wayne,Flatbed,832.9,1934.56,1801.6875533486104,1984.062626575138,-49.50262657513804
TR-046930,2025-10-25,Buffalo,Hartford,Dry Van,437.4,960.9,986.6094544225259,965.6445912354044,-4.744591235404414
TR-046923,2025-10-25,Providence,Raleigh,Dry Van,566.4,1223.1,1232.0226705011905,1232.7252847073798,-9.625284707379933
TR-046913,2025-10-25,Phoenix,Montgomery,Dry Van,2175.5,4082.26,4075.5951110323454,4127.408399039558,-45.14839903955817
TR-046911,2025-10-25,Montgomery,Tucson,Dry Van,1861.0,3533.47,3754.101297454863,4480.316110196387,-946.8461101963871
TR-046896,2025-10-25,Syracuse,Mobile,Flatbed,1164.2,2423.51,2565.8206389014535,2480.8218636172255,-57.3118636172253
TR-046937,2025-10-25,San Antonio,Tucson,Dry Van,1071.4,2333.64,2291.3994742624545,2361.675068407458,-28.03506840745831
TR-046956,2025-10-25,Phoenix,Albany,Reefer,3117.1,6393.87,6201.785715871816,6503.9486577984035,-110.07865779840358
TR-046936,2025-10-25,Mobile,Phoenix,Dry Van,1906.2,3792.49,3858.754549417189,3693.529784781697,98.96021521830289
TR-046938,2025-10-25,New York,Detroit,Reefer,701.2,1505.32,1569.3891336495444,1603.4893553234715,-98.16935532347156
TR-046939,2025-10-25,Corpus Christi,Green Bay,Flatbed,1390.1,2956.38,3043.5237857202837,2921.1295091854286,35.25049081457155
TR-046940,2025-10-25,Tampa,San Antonio,Dry Van,802.6,1714.9,1705.514773129027,1795.0715157035854,-80.17151570358533
TR-046941,2025-10-25,Tucson,Dayton,Flatbed,1980.9,4096.18,4171.8615492529925,2883.826253626562,1212.3537463734383
TR-046942,2025-10-25,St. Louis,Corpus Christi,Dry Van,905.0,1983.74,1895.7111865635543,2017.3342739804718,-33.594273980471826
TR-046943,2025-10-25,Madison,Albuquerque,Flatbed,1371.7,3072.03,3033.2593311937653,3022.163900310364,49.86609968963603
TR-046973,2025-10-25,New Orleans,Hartford,Dry Van,1427.0,2854.8,3009.971528283583,2884.2082894323157,-29.40828943231554
TR-046945,2025-10-25,Fresno,Atlanta,Dry Van,2179.5,4059.09,4129.304453903051,4342.0826478893305,-282.9926478893303
TR-046951,2025-10-25,Shreveport,Columbia,Dry Van,652.4,1492.31,1448.0562654004907,1774.8378921695373,-282.5278921695374
TR-046944,2025-10-25,Grand Rapids,Green Bay,Reefer,116.1,353.74,481.87525538675595,377.60000184538643,-23.86000184538642
TR-046950,2025-10-25,Baton Rouge,Tulsa,Dry Van,303.0,751.87,697.0082171629215,743.5065393077276,8.363460692272383
TR-046935,2025-10-25,Grand Rapids,Buffalo,Reefer,490.7,1120.58,1123.1892183198665,1149.9815898251863,-29.40158982518642
TR-046948,2025-10-25,Shreveport,Houston,Reefer,232.3,714.42,761.6048751472651,764.3162507080957,-49.89625070809575
TR-046947,2025-10-25,Mobile,Little Rock,Dry Van,333.4,887.53,874.13237916051,834.9172999849702,52.61270001502976
TR-046949,2025-10-25,Madison,Shreveport,Dry Van,776.1,1673.57,1654.9738020714715,1722.3893533941134,-48.81935339411348
TR-046946,2025-10-25,Atlanta,Jacksonville,Dry Van,265.5,680.55,728.0092850885044,673.6863531435943,6.863646856405694
TR-046953,2025-10-25,Boston,Raleigh,Dry Van,626.3,1370.51,1383.3704506734093,1420.5974624763742,-50.087462476374185
TR-046934,2025-10-25,Los Angeles,Harrisburg,Flatbed,2677.0,5088.39,5025.962443591331,5367.354375260565,-278.96437526056434
TR-046952,2025-10-25,Atlanta,Charleston,Dry Van,466.5,1059.77,1038.4953718892384,1035.6006051816048,24.169394818395176
TR-046954,2025-10-25,Atlanta,San Antonio,Reefer,949.5,2252.81,2181.6592079091733,2325.72079415711,-72.9107941571101
TR-046957,2025-10-25,Richmond,Fort Wayne,Dry Van,612.6,1279.85,1336.1673951165296,1306.1136973041348,-26.263697304134894
TR-046958,2025-10-25,Albuquerque,Greensboro,Dry Van,1738.1,3198.68,3394.267050573621,3153.6887141420693,44.99128585793051
TR-046959,2025-10-25,Albany,Mobile,Dry Van,1509.1,2844.94,3034.218438391499,2698.4057500064923,146.53424999350773
TR-046960,2025-10-25,Mobile,Baltimore,Reefer,1152.9,2515.87,2626.7696231531127,2636.6276134389286,-120.75761343892873
TR-046961,2025-10-25,Hartford,Kansas City,Reefer,1179.4,2616.17,2724.088829514011,2746.1603007449303,-129.9903007449302
TR-046962,2025-10-25,Madison,Baton Rouge,Reefer,947.3,2227.13,2172.4023628864993,2236.1299038697503,-8.999903869750142
TR-046963,2025-10-25,Harrisburg,Fresno,Flatbed,2786.4,5362.45,5341.317228649391,5787.919397606086,-425.4693976060862
TR-046964,2025-10-25,Philadelphia,Greensboro,Dry Van,689.3,1397.89,1448.2572843931798,1464.8559648230091,-66.96596482300902
TR-046965,2025-10-25,Greensboro,Raleigh,Flatbed,356.6,876.75,929.6509112173558,889.6134751013893,-12.863475101389326
TR-046966,2025-10-25,Buffalo,Baton Rouge,Reefer,1282.4,2865.13,2726.992857855952,2935.9448431819355,-70.81484318193543
TR-046967,2025-10-25,Columbia,Albuquerque,Dry Van,1747.6,3264.18,3432.986943459684,3073.6123832164917,190.56761678350813
TR-046968,2025-10-25,Greensboro,Tucson,Dry Van,2118.9,3843.33,3995.397119525366,4109.778919248856,-266.4489192488563
TR-046972,2025-10-25,Fort Wayne,Hartford,Reefer,855.9,1896.67,1948.028860918195,1962.6890235636292,-66.01902356362916
TR-046970,2025-10-25,Oklahoma City,Mobile,Dry Van,741.1,1668.77,1584.9890839221564,1818.7154852081958,-149.9454852081958
TR-046971,2025-10-25,Albuquerque,San Antonio,Dry Van,916.0,1873.64,1867.533929471573,1969.769125653305,-96.12912565330498
TR-046933,2025-10-25,Columbia,Providence,Reefer,950.2,2064.59,2175.8056530249996,2159.228566687101,-94.63856668710105
TR-046955,2025-10-25,Mobile,New York,Dry Van,1148.7,2196.46,2364.0524390539563,2340.82764595349,-144.36764595348995
TR-046969,2025-10-25,Mobile,Raleigh,Flatbed,807.3,1834.44,1835.2436415828752,1986.592941831263,-152.15294183126298
TR-046908,2025-10-25,Tulsa,Oklahoma City,Flatbed,298.7,858.95,878.5234870192644,977.9893521289654,-119.03935212896533
TR-046918,2025-10-25,Baton Rouge,Buffalo,Dry Van,1259.0,2580.8,2603.86077354249,2590.5688521753127,-9.768852175312531
TR-047037,2025-10-25,Toledo,Hartford,Dry Van,778.2,1552.97,1635.0112443736107,1822.8898850735634,-269.91988507356336
TR-047015,2025-10-25,Milwaukee,Cincinnati,Dry Van,242.0,621.03,621.3152037733012,627.0101705804761,-5.98017058047617
TR-046977,2025-10-25,El Paso,Albany,Reefer,2618.5,5504.73,5358.563808507098,8153.767554109701,-2649.037554109702
TR-046978,2025-10-25,Nashville,Mobile,Dry Van,294.5,729.69,753.068918998006,747.7827377405463,-18.092737740546227
TR-046979,2025-10-25,Chattanooga,Nashville,Reefer,85.5,287.65,511.50114280783896,284.0727524380046,3.577247561995364
TR-046980,2025-10-25,San Francisco,Green Bay,Reefer,2242.7,1955.15,4464.974835758176,4605.737016723173,-2650.587016723173
TR-046981,2025-10-25,Louisville,Lubbock,Dry Van,1045.6,2232.83,2206.8537437742366,2283.033535269903,-50.203535269903114
TR-046983,2025-10-25,Greensboro,Nashville,Dry Van,373.0,882.19,891.4804026168408,894.7983480787769,-12.608348078776885
TR-046984,2025-10-25,Albany,Boston,Dry Van,418.2,927.8,924.4755896222309,905.687553091421,22.11244690857893
TR-046985,2025-10-25,Harrisburg,Albany,Dry Van,572.2,1228.72,1254.6229157511643,1257.3446333126374,-28.624633312637343
TR-046986,2025-10-25,Fort Wayne,Amarillo,Reefer,1379.7,2975.48,3042.2667624229052,3297.461697682542,-321.98169768254184
TR-046987,2025-10-25,Fresno,San Antonio,Dry Van,1496.1,3145.82,3054.8248631779807,3126.587902615093,19.23209738490732
TR-046988,2025-10-25,Syracuse,Memphis,Dry Van,1008.6,2111.77,2088.729529175545,2114.0314329589714,-2.2614329589714544
TR-046989,2025-10-25,Houston,Little Rock,Reefer,364.9,999.58,952.5155462048858,1029.4317493613598,-29.851749361359794
TR-046990,2025-10-25,Richmond,Tucson,Dry Van,2396.6,4468.02,4623.477288012903,4258.543628695778,209.47637130422208
TR-046991,2025-10-25,Toledo,Oklahoma City,Reefer,1226.0,2834.71,2780.546705214549,3182.790584114135,-348.08058411413504
TR-046992,2025-10-25,Milwaukee,Bakersfield,Flatbed,1863.3,3645.57,3970.8279377518174,4429.904306273424,-784.3343062734234
TR-046993,2025-10-25,San Antonio,Milwaukee,Dry Van,1054.6,2165.8,2199.219264620742,2254.072918531212,-88.27291853121187
TR-046994,2025-10-25,Lubbock,Jacksonville,Dry Van,1074.2,2232.43,2221.8372723046486,2234.8847824949676,-2.4547824949677306
TR-046995,2025-10-25,Baton Rouge,El Paso,Dry Van,1262.3,2607.9,2578.7258427265897,2685.3678601187776,-77.46786011877748
TR-046982,2025-10-25,Tampa,Reno,Reefer,2308.4,4704.57,4609.804013734472,5140.875589999868,-436.30558999986806
TR-047006,2025-10-25,Bakersfield,Montgomery,Reefer,2065.3,4325.87,4279.448689387247,4267.485921705867,58.38407829413245
TR-046999,2025-10-25,Memphis,Milwaukee,Dry Van,337.0,768.23,826.1369962238662,778.9229698176966,-10.692969817696621
TR-047000,2025-10-25,Detroit,Milwaukee,Dry Van,444.1,1000.2,963.7081937852267,986.0875690023391,14.112430997660908
TR-047001,2025-10-25,Lubbock,Nashville,Dry Van,907.2,2022.55,1893.4956708320497,2069.498881198233,-46.94888119823304
TR-047002,2025-10-25,Cincinnati,Memphis,Dry Van,223.4,232.16,620.3388601592089,554.2771832523642,-322.11718325236427
TR-046975,2025-10-25,Little Rock,Madison,Dry Van,623.2,1347.61,1323.6901284616852,1317.7097570093508,29.900242990649076
TR-047003,2025-10-25,Memphis,Charleston,Reefer,676.9,1712.44,1573.5039943750946,1722.5205008692471,-10.08050086924709
TR-047004,2025-10-25,Houston,Amarillo,Dry Van,691.7,1638.62,1527.189062055394,1635.7485645853083,2.871435414691632
TR-047005,2025-10-25,Tucson,Albany,Flatbed,2789.2,5783.94,5622.582436198432,6559.068967460822,-775.1289674608224
TR-047010,2025-10-25,Mobile,Kansas City,Flatbed,648.9,1514.16,1485.93314289639,1592.8037278459997,-78.64372784599959
TR-047007,2025-10-25,Birmingham,Reno,Flatbed,2147.4,4102.43,4234.112684262147,4704.320459140834,-601.8904591408336
TR-047008,2025-10-25,Shreveport,Grand Rapids,Flatbed,964.5,2084.15,2164.895413633913,2245.1545704919017,-161.00457049190163
TR-047009,2025-10-25,Toledo,Providence,Dry Van,1017.3,2062.62,2145.0493868241338,2144.379365113164,-81.75936511316422
TR-047011,2025-10-25,Tucson,Harrisburg,Dry Van,2426.3,4488.55,4590.730410237428,5878.836168929111,-1390.2861689291112
TR-047012,2025-10-25,Montgomery,Phoenix,Flatbed,2084.1,4502.22,4333.544071398941,6363.208379934533,-1860.9883799345325
TR-047013,2025-10-25,Dayton,Harrisburg,Reefer,493.4,1148.13,1187.2708550832592,1166.6955062142024,-18.565506214202287
TR-046997,2025-10-25,Buffalo,Philadelphia,Dry Van,397.4,908.07,954.2677221816061,938.556296447208,-30.486296447207906
TR-047014,2025-10-25,Lubbock,New Orleans,Reefer,557.8,1550.93,1452.1617136814866,1534.1529349336288,16.77706506637128
TR-046996,2025-10-25,Grand Rapids,Lexington,Dry Van,558.8,1177.69,1206.9394592370168,1191.8811519514713,-14.191151951471284
TR-047016,2025-10-25,Harrisburg,Chattanooga,Reefer,704.1,1630.48,1593.8958266275324,1618.0713902572652,12.408609742734825
TR-046998,2025-10-25,Philadelphia,Atlanta,Reefer,947.8,2156.17,2201.368340884771,2226.2482706231945,-70.07827062319438
TR-047018,2025-10-25,Corpus Christi,Hartford,Flatbed,1798.4,3910.78,3853.355183736784,2399.9727162058243,1510.8072837941759
TR-047019,2025-10-25,Bakersfield,Kansas City,Dry Van,1758.7,3313.8,3476.4496447531783,3403.5239644871726,-89.72396448717245
TR-047020,2025-10-25,Atlanta,Mobile,Dry Van,301.8,705.41,712.3762320869084,723.2652779901421,-17.8552779901421
TR-047021,2025-10-25,Nashville,Phoenix,Dry Van,1965.1,3831.16,3928.4753551949943,4076.762282541788,-245.6022825417881
TR-047022,2025-10-25,Tucson,Fort Wayne,Dry Van,1945.9,3677.44,3907.9507875878667,4194.935825258171,-517.4958252581705
TR-047023,2025-10-25,Phoenix,Baton Rouge,Dry Van,1611.8,3306.69,3268.7399055988235,3393.4245340297084,-86.73453402970836
TR-047024,2025-10-25,New York,Raleigh,Flatbed,462.7,1086.2,1116.8287457621886,1131.2913485981499,-45.09134859814981
TR-047025,2025-10-25,Memphis,Lexington,Dry Van,337.2,809.72,845.6603405501569,823.4820472806293,-13.762047280629304
TR-047026,2025-10-25,Baton Rouge,Amarillo,Dry Van,825.7,1850.22,1750.1961352299127,1931.959743763801,-81.73974376380102
TR-047027,2025-10-25,Albuquerque,Greensboro,Flatbed,1735.7,3629.01,3682.6693972158264,2427.1200291181553,1201.8899708818449
TR-047028,2025-10-25,Buffalo,Memphis,Dry Van,850.3,1753.44,1821.6842496455802,1789.4288699720616,-35.98886997206159
TR-047029,2025-10-25,Amarillo,New York,Reefer,2076.0,4322.72,4267.981333601842,4098.42518640645,224.29481359355032
TR-047030,2025-10-25,Cincinnati,Austin,Reefer,1090.2,2545.72,2507.415165985071,2537.586925686263,8.13307431373687
TR-047031,2025-10-25,Grand Rapids,Savannah,Flatbed,851.3,1831.3,1871.2587769487643,1915.1457582593769,-83.84575825937691
TR-047032,2025-10-25,Charleston,Oklahoma City,Dry Van,1296.4,2527.94,2585.2313237620956,2647.164344909043,-119.22434490904288
TR-047034,2025-10-25,Madison,New York,Dry Van,1013.5,2014.89,2095.950754262684,2103.4043614715406,-88.5143614715405
TR-047035,2025-10-25,Shreveport,El Paso,Reefer,1218.5,2753.01,2658.2642588602703,2831.253444680829,-78.24344468082882
TR-047047,2025-10-25,Jacksonville,Nashville,Dry Van,368.1,904.35,946.389933248123,913.2692663699974,-8.919266369997331
TR-047036,2025-10-25,Philadelphia,Boston,Reefer,233.1,638.47,649.2525279829986,704.8786071072458,-66.40860710724576
TR-047038,2025-10-25,Kansas City,El Paso,Flatbed,1362.5,2860.54,2930.0994657137817,3003.5144565696314,-142.97445656963146
TR-047033,2025-10-25,Shreveport,El Paso,Flatbed,1241.6,2811.06,2728.03226676098,2817.221210668324,-6.161210668324202
TR-047039,2025-10-25,Little Rock,Atlanta,Dry Van,405.0,1000.42,953.0561813216996,973.4657086713555,26.954291328644445
TR-047017,2025-10-25,Greensboro,Lexington,Dry Van,194.9,503.56,530.0148615073417,502.3519012759249,1.2080987240751142
TR-047041,2025-10-25,Birmingham,Montgomery,Flatbed,204.0,550.15,596.5570917428256,589.3141264594467,-39.16412645944672
TR-047043,2025-10-25,Lubbock,Hartford,Dry Van,2010.2,3992.29,4004.0372562747925,4095.6644537765887,-103.37445377658878
TR-047044,2025-10-25,Milwaukee,Grand Rapids,Dry Van,352.5,820.69,841.167454960568,821.0758380118012,-0.3858380118011837
TR-047045,2025-10-25,Toledo,Washington,Dry Van,542.6,1142.57,1253.2179517736445,1241.6221417599447,-99.05214175994479
TR-047046,2025-10-25,Oklahoma City,Mobile,Dry Van,708.9,1583.21,1489.5186206933354,1800.7052613976894,-217.49526139768932
TR-047048,2025-10-25,Columbia,Montgomery,Dry Van,354.2,856.49,1030.7947778922594,1250.2975306469468,-393.8075306469468
TR-047049,2025-10-25,Amarillo,Syracuse,Dry Van,1878.6,3438.35,3734.894577687157,4742.1561984003165,-1303.8061984003166
TR-047042,2025-10-25,Birmingham,Tucson,Dry Van,1856.4,3613.02,3781.2205852105203,4277.673864416137,-664.6538644161369
TR-047051,2025-10-25,Buffalo,Salt Lake City,Reefer,2191.9,4391.4,4450.704160615194,3623.4963780344046,767.903621965595
TR-046976,2025-10-25,Green Bay,Shreveport,Dry Van,976.5,2020.36,2076.011674356014,2072.2736435370502,-51.91364353705035
TR-047050,2025-10-25,Hartford,Syracuse,Reefer,394.7,999.99,1081.6944999369289,1036.0127174294958,-36.02271742949574
TR-047056,2025-10-25,Hartford,Cincinnati,Dry Van,983.1,1876.18,2003.472610559024,2031.094233817141,-154.91423381714094
TR-047055,2025-10-25,Philadelphia,Boston,Dry Van,242.7,562.6,568.8160820541841,595.7164068064848,-33.11640680648475
TR-047040,2025-10-25,Los Angeles,Salt Lake City,Reefer,591.9,1423.75,1477.16222193493,1456.0062804012955,-32.2562804012955
TR-047054,2025-10-25,Milwaukee,Phoenix,Dry Van,2047.0,3839.87,3880.981703033225,3605.1797712855964,234.69022871440347
TR-047053,2025-10-25,Reno,Harrisburg,Reefer,2490.5,4830.23,4987.987290403146,4286.602503926198,543.6274960738019
TR-047052,2025-10-25,Mobile,Fort Wayne,Dry Van,779.2,1713.46,1656.599230354992,1662.733764690254,50.726235309746016
TR-047070,2025-10-26,Shreveport,Richmond,Dry Van,1117.5,2177.93,2266.93318740692,2253.933389572933,-76.00338957293297
TR-047130,2025-10-26,Fort Wayne,Charleston,Dry Van,696.2,1514.44,1471.45103231897,1501.798238479466,12.641761520534146
TR-047057,2025-10-26,Harrisburg,Dayton,Dry Van,489.2,1075.78,1097.0531592521193,1071.0933518037968,4.686648196203123
TR-047058,2025-10-26,Fort Wayne,Grand Rapids,Flatbed,196.8,467.14,555.0195913073621,533.7225666114475,-66.58256661144753
TR-047059,2025-10-26,Jacksonville,Amarillo,Dry Van,1359.3,2669.92,2800.589106844207,2742.359674570757,-72.43967457075678
TR-047060,2025-10-26,Richmond,Baton Rouge,Reefer,1188.2,2629.73,2739.8674691558545,2779.5800164004077,-149.85001640040764
TR-047061,2025-10-26,Corpus Christi,Phoenix,Dry Van,1414.2,2729.68,2896.214172940108,2940.853627666291,-211.17362766629094
TR-047063,2025-10-26,Grand Rapids,Hartford,Reefer,914.5,1877.18,2013.5578867784548,2092.8875054665245,-215.70750546652448
TR-047090,2025-10-26,Columbia,Chattanooga,Dry Van,297.2,716.5,709.2518838857197,699.6578213341702,16.842178665829806
TR-047064,2025-10-26,Charleston,Baltimore,Dry Van,576.1,1208.17,1262.56443490949,1287.8487284378232,-79.67872843782311
TR-047065,2025-10-26,Shreveport,New York,Dry Van,1320.9,2493.38,2618.3140015185572,2565.2353889977076,-71.85538899770745
TR-047067,2025-10-26,San Francisco,Albany,Reefer,3190.3,5961.73,5932.658478897778,7733.070065034437,-1771.3400650344374
TR-047068,2025-10-26,Lexington,Kansas City,Dry Van,449.8,1043.04,1296.430337618825,1424.5486854445228,-381.5086854445228
TR-047069,2025-10-26,Cincinnati,Syracuse,Dry Van,785.3,1604.57,1663.6270507469687,1706.1278614862008,-101.55786148620086
TR-047071,2025-10-26,Amarillo,Dayton,Dry Van,1337.6,2723.05,2756.472689832738,2755.936029349953,-32.88602934995288
TR-047062,2025-10-26,Oklahoma City,Phoenix,Reefer,1218.8,2785.11,2746.9922371070525,2756.3297498669326,28.78025013306751
TR-047066,2025-10-26,Atlanta,San Antonio,Flatbed,958.0,2134.04,2125.3777618623503,2289.2304670714498,-155.1904670714498
TR-047085,2025-10-26,Baton Rouge,Nashville,Dry Van,497.2,1173.87,1097.9803301322418,1124.617322611372,49.252677388627944
TR-047073,2025-10-26,Baltimore,Philadelphia,Reefer,99.6,316.19,497.91195337232193,329.45164826256246,-13.26164826256246
TR-047076,2025-10-26,Toledo,Providence,Flatbed,989.1,2165.46,2205.1304837009247,2135.185629427252,30.274370572748012
TR-047091,2025-10-26,Greensboro,El Paso,Dry Van,1824.0,3386.88,3551.0591962599738,1049.289492192424,2337.590507807576
TR-047077,2025-10-26,Lexington,Fort Wayne,Dry Van,363.0,796.48,871.1997922022206,861.478894857177,-64.99889485717699
TR-047078,2025-10-26,Nashville,Kansas City,Flatbed,407.8,1035.14,1009.5833250702881,1092.007878428071,-56.86787842807098
TR-047079,2025-10-26,Charleston,Albuquerque,Reefer,1934.6,4339.62,4156.708371233728,4133.729064276342,205.890935723658
TR-047080,2025-10-26,Harrisburg,Dayton,Reefer,475.5,1204.52,1164.8684356132887,1203.73646571501,0.7835342849900826
TR-047081,2025-10-26,Fort Wayne,Syracuse,Dry Van,569.8,1202.43,1217.9762447522635,1259.032363361456,-56.6023633614559
TR-047075,2025-10-26,Boston,Columbia,Reefer,959.3,2218.04,2266.480865137375,2257.566110456578,-39.52611045657795
TR-047082,2025-10-26,Las Vegas,Jacksonville,Reefer,2121.7,4601.72,4401.90285316351,4358.25516356218,243.46483643781994
TR-047084,2025-10-26,St. Louis,Phoenix,Dry Van,1865.1,3508.16,3679.6815115621966,3012.9234820418924,495.23651795810747
TR-047086,2025-10-26,Mobile,Albany,Flatbed,1470.0,2992.98,3203.4946650109573,4137.457896440812,-1144.477896440812
TR-047087,2025-10-26,Baltimore,Albany,Reefer,489.3,1221.18,1227.963246318991,1215.8185546476243,5.3614453523757675
TR-047088,2025-10-26,Indianapolis,Bakersfield,Dry Van,1814.6,3365.79,3636.3646351342245,4882.0265167965035,-1516.2365167965036
TR-047089,2025-10-26,Dallas,Austin,Dry Van,423.9,999.35,978.6304404797584,1017.4571242871872,-18.107124287187162
TR-047083,2025-10-26,Albuquerque,Memphis,Reefer,1355.5,3094.01,3073.6375236535796,3212.8430623884747,-118.83306238847445
TR-047072,2025-10-26,Richmond,New Orleans,Dry Van,1142.7,2322.67,2398.54101312531,2431.0424752676945,-108.37247526769443
TR-047074,2025-10-26,Columbia,Syracuse,Dry Van,782.5,1538.13,1619.338567688376,1679.6668296990194,-141.53682969901934
TR-047095,2025-10-26,Louisville,Montgomery,Flatbed,514.8,1310.28,1256.8272879125382,1254.9964401194168,55.2835598805832
TR-047113,2025-10-26,Mobile,Kansas City,Reefer,641.7,1601.61,1544.8329535601904,1603.5215234513141,-1.911523451314224
TR-047096,2025-10-26,Philadelphia,Boston,Dry Van,242.6,576.36,588.6173853225459,581.5829692714027,-5.22296927140269
TR-047097,2025-10-26,Fort Wayne,Reno,Dry Van,2007.8,3738.72,3936.252968197601,4571.499043878556,-832.7790438785564
TR-047098,2025-10-26,Memphis,Houston,Dry Van,538.0,1184.51,1205.0874151561943,1249.9003733855823,-65.39037338558228
TR-047099,2025-10-26,Dayton,Greensboro,Dry Van,387.2,903.88,906.5478395209518,892.1563587792883,11.72364122071167
TR-047101,2025-10-26,Charleston,Baton Rouge,Dry Van,925.0,1939.16,1871.1795059959009,1970.8906039234143,-31.730603923414265
TR-047102,2025-10-26,Jacksonville,Tulsa,Dry Van,746.3,1586.46,1563.852461944301,1694.502976557514,-108.04297655751407
TR-047100,2025-10-26,Oklahoma City,Memphis,Dry Van,689.2,1480.21,1415.2689018559813,1511.9850363643143,-31.775036364314246
TR-047104,2025-10-26,Savannah,Richmond,Dry Van,522.2,1096.6,1193.2278232141946,1165.006178305185,-68.406178305185
TR-047105,2025-10-26,Milwaukee,Atlanta,Dry Van,416.9,897.24,929.2723625801793,966.7437304639504,-69.50373046395043
TR-047106,2025-10-26,Grand Rapids,Bakersfield,Flatbed,2052.8,3777.14,4107.985872137142,4163.3541425695175,-386.21414256951766
TR-047107,2025-10-26,New York,Cincinnati,Dry Van,862.2,1747.26,1806.3351944457622,1834.3774527154742,-87.1174527154742
TR-047108,2025-10-26,Bakersfield,Fort Wayne,Dry Van,2058.0,3631.71,3865.0233221565904,6394.5810038428235,-2762.8710038428235
TR-047109,2025-10-26,Mobile,Chattanooga,Dry Van,302.6,750.84,748.2749731529557,778.8769716114243,-28.036971611424292
TR-047103,2025-10-26,Boston,Hartford,Flatbed,192.4,525.86,566.174963100555,553.1744829003615,-27.31448290036144
TR-047129,2025-10-26,Raleigh,Jacksonville,Reefer,552.4,1419.17,1286.0488418502277,1375.8463635838684,43.32363641613165
TR-047110,2025-10-26,Jacksonville,Madison,Flatbed,886.7,1947.04,1954.0857227582055,2077.5292446583785,-130.48924465837854
TR-047093,2025-10-26,Toledo,Little Rock,Dry Van,770.8,1609.02,1631.112518244866,1643.653834286384,-34.633834286383944
TR-047094,2025-10-26,Grand Rapids,Richmond,Flatbed,736.1,1624.53,1690.147063265189,1760.2415818577265,-135.71158185772651
TR-047111,2025-10-26,Albany,Tampa,Dry Van,1641.5,3150.87,3264.4810920035216,3165.222738343702,-14.352738343702185
TR-047114,2025-10-26,Albany,Tulsa,Dry Van,1692.9,3251.97,3325.472241595652,1087.5878546006184,2164.3821453993814
TR-047115,2025-10-26,Lexington,Syracuse,Dry Van,681.0,1375.7,1411.6350723390624,1450.829717977353,-75.12971797735304
TR-047116,2025-10-26,Los Angeles,Columbia,Dry Van,2358.6,4391.77,4547.988501828708,4151.3377505789185,240.4322494210819
TR-047117,2025-10-26,Bakersfield,Fresno,Reefer,219.8,610.81,706.255551809578,641.7469403298181,-30.936940329818185
TR-047119,2025-10-26,Columbia,Greensboro,Dry Van,138.4,363.75,424.9470415681269,376.8952135155666,-13.145213515566581
TR-047120,2025-10-26,Detroit,Atlanta,Dry Van,750.5,1581.12,1633.9995248176244,1614.2764556584518,-33.15645565845193
TR-047121,2025-10-26,Atlanta,Albuquerque,Dry Van,1534.4,2855.03,3049.4343681477185,2665.4368948529386,189.59310514706158
TR-047122,2025-10-26,Memphis,Hartford,Dry Van,1178.1,2315.97,2433.6046421538776,2398.0539943005297,-82.08399430052987
TR-047123,2025-10-26,Lubbock,Amarillo,Flatbed,417.7,1039.88,1035.2018906796602,1115.747380534412,-75.86738053441195
TR-047124,2025-10-26,Hartford,Columbia,Flatbed,832.9,1768.74,1796.1390427921037,1842.0066119903727,-73.26661199037267
TR-047125,2025-10-26,Providence,San Antonio,Dry Van,2005.5,4009.09,3942.9995328110117,4163.299376014664,-154.20937601466358
TR-047126,2025-10-26,Dallas,Chattanooga,Reefer,572.7,1435.58,1431.6059937587493,1434.297418339637,1.2825816603628937
TR-047092,2025-10-26,Charleston,Salt Lake City,Reefer,2211.8,4523.93,4554.260413244436,4646.733442537255,-122.80344253725434
TR-047128,2025-10-26,Harrisburg,Lubbock,Dry Van,1631.1,3162.5,3266.4320484706527,3088.081049497216,74.4189505027839
TR-047112,2025-10-26,Detroit,Tulsa,Flatbed,1086.0,2372.96,2418.963660033245,2430.663130831122,-57.70313083112205
TR-047118,2025-10-26,Dayton,Boston,Dry Van,995.3,1954.43,2033.8721277210054,2011.462322877572,-57.032322877571914
TR-047127,2025-10-26,Fresno,Amarillo,Flatbed,1071.8,2449.02,2388.7755065767565,2513.342302266851,-64.32230226685124
TR-047181,2025-10-26,Amarillo,Cincinnati,Reefer,1236.2,2915.38,2776.917798427529,3014.907434810529,-99.52743481052903
TR-047178,2025-10-26,Corpus Christi,Milwaukee,Dry Van,1026.0,2205.02,2116.5875330613444,2182.356699611043,22.66330038895694
TR-047133,2025-10-26,Toledo,Fort Wayne,Dry Van,76.2,204.65,478.7933793868108,245.98339625469595,-41.33339625469594
TR-047134,2025-10-26,Fresno,Kansas City,Flatbed,1929.8,3786.22,4089.9342988798408,2716.349785205235,1069.8702147947647
TR-047135,2025-10-26,Oklahoma City,Fresno,Dry Van,1451.2,2924.77,3035.1109876091978,2095.192915705099,829.5770842949009
TR-047136,2025-10-26,Syracuse,El Paso,Flatbed,2232.7,4470.57,4544.124792269301,5609.009095579613,-1138.4390955796134
TR-047137,2025-10-26,Detroit,Jacksonville,Reefer,941.7,2093.28,2184.6975681015256,2230.3432023666514,-137.06320236665124
TR-047138,2025-10-26,Tulsa,Oklahoma City,Dry Van,312.5,804.46,765.9624270951003,918.1556978771284,-113.6956978771284
TR-047139,2025-10-26,Montgomery,Indianapolis,Dry Van,612.6,1283.69,1328.042876887295,1302.7243853083087,-19.03438530830863
TR-047140,2025-10-26,Lubbock,Nashville,Reefer,940.6,2333.08,2165.888750105876,2355.8199175195987,-22.739917519598748
TR-047142,2025-10-26,Harrisburg,Philadelphia,Reefer,338.0,832.66,894.2739198168213,895.5164762835759,-62.856476283575944
TR-047143,2025-10-26,Los Angeles,Philadelphia,Dry Van,2913.9,5189.37,5360.223808530659,6895.325113442037,-1705.9551134420371
TR-047144,2025-10-26,Atlanta,Philadelphia,Reefer,919.2,2265.6,2124.944052032985,2216.6053347632364,48.99466523676347
TR-047145,2025-10-26,Baton Rouge,Nashville,Dry Van,515.2,1134.75,1174.8852957504378,1210.1593001938315,-75.40930019383154
TR-047146,2025-10-26,Raleigh,Tulsa,Flatbed,1155.4,2539.5,2556.760968461638,2564.007935671191,-24.507935671190808
TR-047147,2025-10-26,Atlanta,Fort Wayne,Dry Van,559.8,1265.17,1239.5822763621363,1439.3501988537073,-174.18019885370722
TR-047149,2025-10-26,Syracuse,Toledo,Dry Van,450.5,936.09,990.0040364561842,1019.5604551683248,-83.47045516832475
TR-047148,2025-10-26,Philadelphia,Little Rock,Dry Van,1299.9,2443.52,2553.4939653517,2543.096738649583,-99.57673864958315
TR-047167,2025-10-26,Washington,Richmond,Dry Van,85.2,229.4,424.98031932183835,215.30504398322626,14.09495601677375
TR-047141,2025-10-26,Boston,Montgomery,Flatbed,1253.5,2746.68,2761.4552746519525,2863.0585238999106,-116.37852389991076
TR-047157,2025-10-26,Corpus Christi,Columbia,Reefer,1022.1,2318.07,2376.4909037695397,2412.8744204831933,-94.8044204831931
TR-047131,2025-10-26,Jacksonville,Corpus Christi,Dry Van,873.9,1809.27,1811.2154403590512,1915.608156297752,-106.338156297752
TR-047165,2025-10-26,Fort Wayne,Shreveport,Reefer,853.9,1994.42,1925.0216442494361,2267.776679506837,-273.3566795068368
TR-047151,2025-10-26,Syracuse,Bakersfield,Dry Van,2618.1,4915.66,4892.14524039839,5147.489316972326,-231.82931697232652
TR-047152,2025-10-26,Providence,Hartford,Dry Van,294.7,690.82,701.9173076858162,704.3774283063968,-13.557428306396787
TR-047153,2025-10-26,Boston,Dallas,Dry Van,1699.5,3352.24,3376.7025335299504,3206.0709854608012,146.16901453919854
TR-047154,2025-10-26,Mobile,Bakersfield,Reefer,1949.9,4219.08,4048.42642791617,4104.888787062414,114.19121293758599
TR-047155,2025-10-26,Philadelphia,Columbia,Dry Van,766.1,1518.42,1603.5939786228905,1520.8388147671049,-2.4188147671047773
TR-047156,2025-10-26,Houston,Charleston,Dry Van,1063.3,2197.26,2176.5264641045273,2222.8042451651954,-25.544245165195207
TR-047158,2025-10-26,Boston,Louisville,Flatbed,1120.6,2344.86,2467.237853990096,2384.573387863528,-39.713387863527714
TR-047159,2025-10-26,Oklahoma City,El Paso,Flatbed,827.8,1832.09,1815.4703431153216,1871.5849969318845,-39.49499693188454
TR-047161,2025-10-26,Columbia,Amarillo,Dry Van,1447.0,2966.79,3022.4760991928524,1361.4924384111553,1605.2975615888447
TR-047162,2025-10-26,Boston,Syracuse,Dry Van,567.5,1199.79,1228.810161936819,1228.5319594026626,-28.741959402662587
TR-047163,2025-10-26,Philadelphia,Atlanta,Dry Van,946.9,1790.95,1909.844096110126,1939.4014399484258,-148.4514399484258
TR-047150,2025-10-26,Albany,Albuquerque,Reefer,2451.0,4903.27,4909.57370334332,5132.94364852284,-229.67364852283936
TR-047164,2025-10-26,Boston,San Antonio,Dry Van,2126.6,4273.4,4105.219975038079,4405.537478504661,-132.13747850466098
TR-047160,2025-10-26,St. Louis,New York,Flatbed,1040.5,2110.46,2249.6487353049956,2453.6123367875553,-343.1523367875552
TR-047187,2025-10-26,Hartford,Buffalo,Flatbed,459.7,1105.06,1054.506493253261,1106.6640238276716,-1.6040238276716536
TR-047166,2025-10-26,Oklahoma City,Salt Lake City,Reefer,1007.7,2375.65,2237.519740221079,2280.9167808904917,94.73321910950835
TR-047191,2025-10-26,Amarillo,Milwaukee,Dry Van,1171.6,2366.62,2380.53257824683,2420.345159328645,-53.72515932864508
TR-047170,2025-10-26,New York,Memphis,Dry Van,1071.8,2146.33,2246.562138039578,2274.9513454066782,-128.6213454066783
TR-047171,2025-10-26,Hartford,Richmond,Dry Van,316.4,754.81,790.3534531183122,730.9777795362677,23.832220463732256
TR-047172,2025-10-26,Grand Rapids,Fort Wayne,Dry Van,202.3,490.24,556.1063363757239,516.7472842675792,-26.507284267579166
TR-047173,2025-10-26,El Paso,Albany,Flatbed,2580.8,5270.27,5076.858982831427,6713.000648938033,-1442.7306489380326
TR-047174,2025-10-26,Grand Rapids,Chattanooga,Dry Van,660.3,1464.49,1423.374662829121,1415.1111499845113,49.37885001548875
TR-047175,2025-10-26,Boston,Dayton,Dry Van,1012.0,2065.37,2121.2286884223377,2113.5964631942434,-48.22646319424348
TR-047176,2025-10-26,Montgomery,Fort Wayne,Flatbed,797.4,1798.36,1807.689286324567,1898.4224727274566,-100.06247272745668
TR-047168,2025-10-26,Buffalo,Montgomery,Dry Van,975.7,1825.29,1998.498959782803,1996.6585877790635,-171.36858777906355
TR-047177,2025-10-26,Houston,Shreveport,Dry Van,238.2,628.05,617.6001826104725,638.3099207781656,-10.259920778165679
TR-047179,2025-10-26,Tucson,Reno,Reefer,791.0,1831.61,1837.3598304871184,1901.263629471473,-69.6536294714731
TR-047180,2025-10-26,Cincinnati,San Antonio,Flatbed,1026.1,2346.99,2289.2018903951066,2418.4499125063385,-71.4599125063387
TR-047182,2025-10-26,Richmond,New York,Reefer,260.2,658.0,675.7142055237514,704.8845758499036,-46.88457584990363
TR-047183,2025-10-26,Syracuse,Bakersfield,Dry Van,2607.7,4472.38,4668.837924439535,4209.4943578413395,262.88564215866063
TR-047169,2025-10-26,Fort Wayne,Greensboro,Flatbed,456.1,1150.95,1113.7829767116966,1140.909050597263,10.040949402736942
TR-047185,2025-10-26,New York,Raleigh,Dry Van,459.3,1003.07,1025.0336565746106,983.8757681875344,19.19423181246566
TR-047186,2025-10-26,Kansas City,Hartford,Flatbed,1203.8,2525.13,2597.745273147896,2698.2476960517038,-173.11769605170366
TR-047188,2025-10-26,Richmond,Albany,Flatbed,612.1,1316.35,1375.6632170483522,1328.6926039593238,-12.342603959323924
TR-047184,2025-10-26,Atlanta,Philadelphia,Reefer,942.9,2212.41,2197.7221734400405,2238.8325703781347,-26.42257037813488
TR-047190,2025-10-26,Raleigh,Hartford,Dry Van,480.8,1069.29,1078.4643102542102,1084.022551157684,-14.732551157683929
TR-047189,2025-10-26,Phoenix,Raleigh,Flatbed,2603.8,5248.45,5236.108658972951,3526.469134410568,1721.9808655894317
TR-047192,2025-10-26,Atlanta,San Antonio,Dry Van,930.1,1946.38,1982.7830256536186,2078.4761916288103,-132.09619162881017
TR-047194,2025-10-26,Albany,Madison,Dry Van,1151.0,2284.63,2395.4657974229567,2387.282783698332,-102.65278369833186
TR-047195,2025-10-26,Grand Rapids,Greensboro,Dry Van,663.2,1422.5,1422.0703012991494,1466.5368444906226,-44.03684449062257
TR-047196,2025-10-26,Albany,Atlanta,Flatbed,1190.9,2401.67,2546.7308616225896,2588.9442250711663,-187.27422507116626
TR-047197,2025-10-26,Columbia,Greensboro,Dry Van,124.9,327.17,424.9470415681269,342.7630654766561,-15.59306547665608
TR-047198,2025-10-26,Jacksonville,Dayton,Dry Van,655.1,1329.96,1373.8240877710787,1424.5602643736033,-94.6002643736033
TR-047193,2025-10-26,Amarillo,Montgomery,Reefer,1232.7,2925.5,2772.695227110574,2991.2946450257646,-65.79464502576457
TR-047200,2025-10-26,Salt Lake City,Chattanooga,Flatbed,1693.1,3684.06,3646.0727855869136,2593.0555277367544,1091.0044722632456
TR-047201,2025-10-26,Philadelphia,Charleston,Reefer,626.5,1470.86,1459.9789436937135,1540.069199290316,-69.20919929031606
TR-047202,2025-10-26,Hartford,Baton Rouge,Dry Van,1569.2,2831.48,3092.6542629253836,2794.5419439816555,36.93805601834447
TR-047203,2025-10-26,Reno,Jacksonville,Dry Van,2255.2,4296.46,4339.4475107547305,4515.3522899405325,-218.89228994053246
TR-047132,2025-10-26,Fresno,Atlanta,Flatbed,2264.7,4673.35,4592.712125741008,3346.7327531318897,1326.6172468681107
TR-047204,2025-10-26,El Paso,Birmingham,Flatbed,1653.3,3567.75,3559.41306868387,2573.2403770680917,994.5096229319083
TR-047199,2025-10-26,Little Rock,Chattanooga,Reefer,352.7,1020.81,948.7145714474195,1014.8256527532606,5.9843472467393894
TR-047205,2025-10-27,Cincinnati,San Antonio,Dry Van,991.5,2119.21,2091.0582020943216,2171.834088260803,-52.62408826080309
TR-047206,2025-10-27,Tulsa,Lexington,Flatbed,714.6,1584.08,1567.1882132008968,1794.8218413357297,-210.74184133572976
TR-047207,2025-10-27,El Paso,Birmingham,Dry Van,1580.8,3084.43,3168.5940725801684,3235.7000196036847,-151.2700196036849
TR-047209,2025-10-27,Atlanta,Tulsa,Reefer,592.1,1576.31,1448.0780621509812,1584.9994984818045,-8.689498481804549
TR-047219,2025-10-27,Nashville,Atlanta,Flatbed,145.2,420.2,511.04144436378147,451.8048226867161,-31.60482268671609
TR-047210,2025-10-27,Las Vegas,Chattanooga,Dry Van,1873.0,3628.01,3740.794668565069,3779.87407276365,-151.8640727636498
TR-047211,2025-10-27,Cincinnati,Amarillo,Dry Van,1179.1,2322.3,2401.597563195767,2431.82928728328,-109.5292872832797
TR-047214,2025-10-27,Mobile,Madison,Flatbed,799.2,1807.01,1788.5189947626325,1913.3813997066404,-106.37139970664043
TR-047213,2025-10-27,Albuquerque,New York,Dry Van,2265.4,4056.14,4209.968156198409,4053.173136403953,2.9668635960470056
TR-047215,2025-10-27,Reno,Shreveport,Flatbed,1789.6,3782.13,3768.93742985351,2503.710733306614,1278.419266693386
TR-047216,2025-10-27,Albany,Toledo,Flatbed,809.3,1723.55,1746.3507760243328,1758.9756740306113,-35.42567403061139
TR-047217,2025-10-27,Reno,Toledo,Reefer,2065.1,3953.78,4269.077137503736,4614.37275662242,-660.5927566224195
TR-047278,2025-10-27,Atlanta,Bakersfield,Reefer,1987.7,4113.53,4101.187121196432,4125.922811038797,-12.392811038796935
TR-047218,2025-10-27,Madison,Columbia,Flatbed,712.2,1711.52,1580.3096683149938,1801.8701915804986,-90.35019158049863
TR-047212,2025-10-27,San Antonio,Los Angeles,Dry Van,1285.2,2454.04,2539.508169457225,2645.9029501629925,-191.86295016299255
TR-047220,2025-10-27,Toledo,Green Bay,Dry Van,275.6,610.07,630.6544186463993,690.1972854640632,-80.1272854640631
TR-047233,2025-10-27,Nashville,Milwaukee,Dry Van,367.4,812.38,854.8461383864164,875.8110928633441,-63.43109286334413
TR-047222,2025-10-27,Richmond,Mobile,Reefer,903.0,2055.67,2001.396101756144,2094.1304463587862,-38.46044635878616
TR-047238,2025-10-27,Corpus Christi,Lubbock,Dry Van,314.3,777.61,731.1982097008151,758.9387491895546,18.671250810445372
TR-047224,2025-10-27,Fort Wayne,El Paso,Dry Van,1729.8,3190.69,3317.7564137354257,4307.158546880211,-1116.4685468802113
TR-047225,2025-10-27,Syracuse,New Orleans,Dry Van,1296.4,2582.43,2617.757481837061,2622.663815383773,-40.23381538377316
TR-047226,2025-10-27,Charleston,Reno,Dry Van,2542.2,4550.45,4624.919370439314,6314.358951985493,-1763.9089519854933
TR-047227,2025-10-27,Grand Rapids,Louisville,Dry Van,514.6,1076.88,1110.4076387631715,1128.1778224607979,-51.29782246079776
TR-047228,2025-10-27,Harrisburg,Buffalo,Dry Van,166.4,422.77,545.3703545359781,427.15109147557763,-4.381091475577648
TR-047229,2025-10-27,San Antonio,Chattanooga,Flatbed,900.0,2037.77,1983.505014354798,2097.9174928857806,-60.14749288578059
TR-047223,2025-10-27,Lexington,Memphis,Flatbed,323.2,841.61,858.0471036545948,904.6080909749406,-62.998090974940624
TR-047230,2025-10-27,Greensboro,Washington,Reefer,455.2,1126.61,1096.1839457492595,1168.7733449441007,-42.1633449441008
TR-047232,2025-10-27,Houston,Montgomery,Dry Van,620.0,1427.86,1407.2982996314795,1437.1366567687437,-9.276656768743806
TR-047234,2025-10-27,Milwaukee,Grand Rapids,Dry Van,336.8,788.83,859.135245207912,786.9647924625815,1.8652075374185415
TR-047235,2025-10-27,Bakersfield,Houston,Dry Van,1529.9,3078.27,3109.4207764867333,3083.661415690376,-5.391415690376107
TR-047236,2025-10-27,Hartford,New York,Reefer,117.3,344.85,465.5954367339516,362.11939376495144,-17.269393764951417
TR-047237,2025-10-27,Oklahoma City,Buffalo,Dry Van,1515.8,2930.32,3110.7260618571154,3583.570630278598,-653.2506302785978
TR-047231,2025-10-27,Shreveport,Lexington,Dry Van,612.6,1358.41,1364.0474474242203,1379.8715743883158,-21.46157438831574
TR-047221,2025-10-27,Indianapolis,Baltimore,Reefer,1034.6,2265.35,2303.11073269326,2335.523347861504,-70.17334786150423
TR-047239,2025-10-27,Raleigh,Milwaukee,Dry Van,764.4,1493.29,1606.1930796487504,1549.2922029967922,-56.00220299679222
TR-047252,2025-10-27,Columbia,Philadelphia,Dry Van,763.4,1487.21,1615.9376069165073,1509.7082342912606,-22.498234291260587
TR-047241,2025-10-27,Grand Rapids,Boston,Flatbed,1058.9,2144.64,2330.097435609228,2323.03708934943,-178.3970893494302
TR-047243,2025-10-27,Tulsa,Richmond,Reefer,1252.9,2709.66,2741.65732043132,2766.9146848568234,-57.25468485682359
TR-047245,2025-10-27,Nashville,Cincinnati,Reefer,180.5,570.97,620.178149034941,658.1049584164003,-87.13495841640031
TR-047246,2025-10-27,Lexington,Kansas City,Dry Van,438.9,956.7,1236.8366370937847,1403.0657562727993,-446.3657562727992
TR-047247,2025-10-27,Buffalo,Tampa,Dry Van,1186.4,2367.47,2518.6330495441844,2442.111939451265,-74.64193945126499
TR-047248,2025-10-27,Toledo,Boston,Flatbed,929.3,1881.5,2070.123797145182,2067.7634656443056,-186.2634656443056
TR-047249,2025-10-27,Dayton,Memphis,Reefer,446.3,1101.36,1088.7551551263678,1158.155892167346,-56.79589216734621
TR-047244,2025-10-27,Syracuse,Mobile,Dry Van,1138.2,2232.87,2417.99912285234,2391.2747756123576,-158.40477561235775
TR-047251,2025-10-27,Phoenix,Baton Rouge,Dry Van,1598.9,3285.09,3273.5001336640835,3440.0212853304,-154.9312853304
TR-047256,2025-10-27,Baton Rouge,Charleston,Reefer,927.8,2200.08,2175.2859247627403,2325.7037311967365,-125.62373119673657
TR-047250,2025-10-27,Richmond,Lubbock,Dry Van,1655.3,3281.87,3292.4465756667514,3293.0002159800283,-11.130215980028424
TR-047255,2025-10-27,Boston,Montgomery,Reefer,1275.0,2865.84,2860.776300702737,3040.375272223649,-174.53527222364892
TR-047242,2025-10-27,Richmond,Charleston,Dry Van,392.7,892.17,893.0927742364545,860.2321671719276,31.937832828072374
TR-047253,2025-10-27,Lubbock,El Paso,Reefer,788.0,1979.85,1862.6543036901555,2039.7123579915594,-59.86235799155952
TR-047277,2025-10-27,Lubbock,Oklahoma City,Dry Van,219.4,614.66,617.3689315024972,609.3027344484232,5.357265551576802
TR-047254,2025-10-27,Albany,Jacksonville,Dry Van,1317.4,2463.55,2565.4203044767382,2571.0308895132375,-107.48088951323734
TR-047258,2025-10-27,Phoenix,Tucson,Dry Van,276.9,713.13,686.3537220421667,723.207564243442,-10.077564243441998
TR-047257,2025-10-27,Lubbock,Albany,Dry Van,2144.5,4098.55,4111.663982914043,4510.031165156502,-411.48116515650145
TR-047274,2025-10-27,Mobile,Buffalo,Dry Van,1039.1,2037.11,2091.5872750650656,2100.4638681772662,-63.35386817726635
TR-047259,2025-10-27,Charleston,Mobile,Reefer,615.6,1493.65,1498.0017792917647,1522.4110360085535,-28.761036008553447
TR-047261,2025-10-27,Tucson,Baltimore,Reefer,2616.0,5450.63,5298.4258327411435,5703.814877536249,-253.18487753624868
TR-047262,2025-10-27,Tucson,Memphis,Flatbed,1636.0,3452.83,3516.5854976291757,2417.7833891545097,1035.0466108454902
TR-047263,2025-10-27,Toledo,Shreveport,Dry Van,922.8,1992.41,1901.9924232624776,2032.6350704501194,-40.22507045011935
TR-047264,2025-10-27,Bakersfield,Tucson,Dry Van,319.7,781.27,796.6942046021813,786.1763055442487,-4.906305544248767
TR-047265,2025-10-27,Corpus Christi,Amarillo,Dry Van,710.8,1559.38,1476.8388144684359,1684.0974931010865,-124.71749310108635
TR-047266,2025-10-27,Hartford,Baton Rouge,Dry Van,1535.2,3012.34,3176.0806371457065,3128.6178116456404,-116.27781164564021
TR-047267,2025-10-27,Grand Rapids,Mobile,Dry Van,969.4,2001.79,2001.0063748512493,2068.5674930400105,-66.77749304001054
TR-047208,2025-10-27,Albuquerque,Green Bay,Dry Van,1555.6,3030.94,3202.0685803838405,3693.063590212779,-662.1235902127792
TR-047268,2025-10-27,Amarillo,Albany,Dry Van,2213.4,4180.37,4277.374914875672,5575.502112380697,-1395.1321123806974
TR-047271,2025-10-27,Phoenix,Buffalo,Flatbed,2621.1,5029.22,5096.263347475587,6782.638198324234,-1753.4181983242333
TR-047272,2025-10-27,Cincinnati,Atlanta,Dry Van,193.6,485.95,596.1037062349683,498.8913374898304,-12.941337489830403
TR-047273,2025-10-27,Oklahoma City,Baton Rouge,Dry Van,463.4,1165.7,1088.7925699475602,1092.0975829108863,73.60241708911371
TR-047275,2025-10-27,Columbia,San Francisco,Reefer,2520.1,5264.57,5057.408662521746,5538.385247570661,-273.8152475706611
TR-047276,2025-10-27,San Antonio,Mobile,Reefer,768.7,1992.37,1800.961626599732,2007.1249422769902,-14.754942276990278
TR-047240,2025-10-27,Houston,Richmond,Reefer,1341.3,2918.22,2907.2427078082205,3033.326263113134,-115.10626311313399
TR-047260,2025-10-27,Phoenix,Green Bay,Flatbed,2191.0,4291.12,4375.676982415755,7132.808551950674,-2841.688551950674
TR-047270,2025-10-27,Fort Wayne,Greensboro,Dry Van,477.1,1119.83,1055.3564750955227,1074.0820682567505,45.74793174324941
TR-047269,2025-10-27,Madison,Cincinnati,Flatbed,430.4,1008.7,1049.7783993110509,1063.8972357583784,-55.19723575837838
TR-047330,2025-10-27,Baton Rouge,Tulsa,Dry Van,288.3,754.18,781.822205477238,762.3471262536103,-8.167126253610377
TR-047334,2025-10-27,Green Bay,New York,Flatbed,886.2,1963.72,1964.212937877902,2011.2464533957466,-47.52645339574656
TR-047314,2025-10-27,Birmingham,Buffalo,Reefer,835.3,2008.6,1937.4420068790373,2055.0397830659463,-46.43978306594636
TR-047282,2025-10-27,Milwaukee,Madison,Dry Van,207.2,517.3,553.2064072277249,537.3084991075945,-20.008499107594503
TR-047283,2025-10-27,Chattanooga,Fresno,Dry Van,2175.4,3901.87,4036.9501909852816,3551.184257294562,350.68574270543786
TR-047284,2025-10-27,Lexington,Memphis,Flatbed,310.9,783.99,824.4972547852601,829.6944090571036,-45.70440905710359
TR-047285,2025-10-27,Birmingham,Washington,Dry Van,772.6,1658.47,1662.485787872,1959.4422670975582,-300.9722670975582
TR-047286,2025-10-27,Albuquerque,Grand Rapids,Dry Van,1588.3,2984.09,3123.528086831921,1678.7141724907465,1305.3758275092537
TR-047295,2025-10-27,Greensboro,Hartford,Dry Van,750.2,1535.64,1641.9577909389877,1656.6412204485955,-121.0012204485954
TR-047287,2025-10-27,New York,Philadelphia,Dry Van,103.8,292.09,442.509714408666,265.7229292983809,26.36707070161907
TR-047288,2025-10-27,Detroit,Baton Rouge,Dry Van,1211.3,2375.88,2544.2769707641705,2571.0035827833585,-195.12358278335842
TR-047289,2025-10-27,Grand Rapids,San Francisco,Flatbed,2256.6,4115.51,4428.362002008395,5015.069098905902,-899.5590989059019
TR-047290,2025-10-27,New Orleans,New York,Dry Van,1334.2,2571.32,2677.8431076632633,2656.26246831947,-84.94246831946975
TR-047291,2025-10-27,Corpus Christi,Shreveport,Flatbed,425.5,1138.74,1075.8853544194967,1113.712780675252,25.027219324748103
TR-047292,2025-10-27,Albuquerque,Cincinnati,Flatbed,1477.0,2899.76,3141.1775910774395,2678.6308531264995,221.12914687350076
TR-047293,2025-10-27,Reno,Albany,Reefer,2801.9,5327.47,5536.133536010659,4797.3154277751355,530.1545722248648
TR-047352,2025-10-27,Richmond,Baton Rouge,Dry Van,1262.8,2506.68,2602.88380508894,2529.598029066213,-22.918029066212966
TR-047281,2025-10-27,Lexington,Buffalo,Dry Van,570.4,1179.2,1262.0062777693163,1253.8083427610159,-74.60834276101582
TR-047297,2025-10-27,Nashville,El Paso,Reefer,1467.2,3171.33,3179.833902954781,3194.3427895828804,-23.012789582880487
TR-047306,2025-10-27,New York,Chattanooga,Dry Van,930.0,1837.59,1927.191923334433,1951.6549161215273,-114.0649161215274
TR-047299,2025-10-27,Boston,Bakersfield,Reefer,2979.1,19110.3,5888.568503513661,6412.804919704454,12697.495080295546
TR-047304,2025-10-27,Mobile,Bakersfield,Reefer,1953.2,4210.91,4165.044269059373,4221.193762540774,-10.28376254077375
TR-047300,2025-10-27,San Antonio,Baton Rouge,Dry Van,411.7,1042.31,995.8775010240765,1046.4958158805618,-4.185815880561904
TR-047279,2025-10-27,Reno,Montgomery,Reefer,2196.7,4347.35,4628.670870534266,4513.7301641075455,-166.38016410754517
TR-047302,2025-10-27,Syracuse,San Antonio,Flatbed,1715.6,3304.3,3553.625625666131,21722.32782336812,-18418.02782336812
TR-047303,2025-10-27,Phoenix,Philadelphia,Dry Van,2936.3,5149.54,5211.327594737962,7229.782145506262,-2080.242145506262
TR-047305,2025-10-27,Philadelphia,Albuquerque,Dry Van,2365.4,4473.29,4513.067635297329,5942.115872071774,-1468.825872071774
TR-047313,2025-10-27,Fort Wayne,Albany,Dry Van,879.9,1728.39,1854.391545014169,1988.8428486983416,-260.45284869834154
TR-047307,2025-10-27,Fort Wayne,Oklahoma City,Dry Van,1167.3,2456.79,2464.1448158903927,2503.7151028474022,-46.925102847402286
TR-047308,2025-10-27,Toledo,Oklahoma City,Reefer,1257.1,2818.51,2855.8500995307722,3271.634358402271,-453.1243584022709
TR-047309,2025-10-27,El Paso,Charleston,Flatbed,2019.7,3911.92,4147.243588443332,4757.332349446842,-845.4123494468422
TR-047310,2025-10-27,Washington,El Paso,Flatbed,2139.9,4311.77,4261.590020681263,5456.286159852,-1144.5161598519999
TR-047311,2025-10-27,Hartford,Greensboro,Flatbed,728.4,1608.17,1687.4095172596346,1772.566581190747,-164.39658119074693
TR-047312,2025-10-27,Bakersfield,Philadelphia,Reefer,2786.7,5637.98,4986.61111897802,5589.704732825154,48.275267174845794
TR-047298,2025-10-27,Philadelphia,Columbia,Flatbed,776.1,1657.15,1709.5405677434355,1734.359400687203,-77.20940068720301
TR-047294,2025-10-27,Savannah,Syracuse,Flatbed,807.2,1662.74,1761.139589629695,1808.9127982544221,-146.1727982544221
TR-047296,2025-10-27,San Antonio,Phoenix,Flatbed,1225.5,2740.37,2693.4707766870024,2793.2592803050475,-52.88928030504758
TR-047301,2025-10-27,Fort Wayne,Los Angeles,Flatbed,2312.6,4466.18,4591.882460060854,6546.879993734654,-2080.6999937346536
TR-047351,2025-10-27,Albany,Columbia,Dry Van,1067.6,1953.54,2169.282384413759,2126.507857246952,-172.967857246952
TR-047333,2025-10-27,Little Rock,Shreveport,Dry Van,169.0,467.71,504.20631679264443,477.3249681229882,-9.614968122988216
TR-047318,2025-10-27,Los Angeles,Baton Rouge,Dry Van,1693.3,3084.87,3263.3598457822227,3722.0902436605243,-637.2202436605244
TR-047319,2025-10-27,Little Rock,Hartford,Flatbed,1356.1,2904.7,3069.9651185968714,3137.4007687516373,-232.7007687516375
TR-047320,2025-10-27,Milwaukee,Buffalo,Dry Van,658.3,1355.05,1401.5426223257468,1434.7055412372276,-79.65554123722768
TR-047321,2025-10-27,Lexington,Charleston,Dry Van,417.0,968.23,1020.933925290869,1104.9809420971928,-136.75094209719282
TR-047322,2025-10-27,Toledo,Oklahoma City,Dry Van,1258.0,2451.68,2511.4405268144696,2723.5949887366305,-271.9149887366307
TR-047323,2025-10-27,Harrisburg,Charleston,Dry Van,485.4,1040.5,1083.3080029361556,1035.6511248703007,4.848875129699309
TR-047324,2025-10-27,Hartford,Toledo,Reefer,784.5,1729.69,1770.1339275907912,1863.7794053978314,-134.08940539783134
TR-047325,2025-10-27,Columbia,Austin,Dry Van,1209.6,2546.21,2518.682326098082,2569.1841187098435,-22.974118709843424
TR-047326,2025-10-27,Fort Wayne,Syracuse,Dry Van,544.3,1149.91,1234.1289210836173,1222.8324601422676,-72.92246014226748
TR-047327,2025-10-27,Richmond,Boston,Dry Van,493.2,1124.24,1131.2938899222577,1116.4177059194915,7.822294080508527
TR-047328,2025-10-27,Montgomery,Baton Rouge,Dry Van,457.1,1078.91,1079.666406955676,1083.982753611497,-5.072753611496864
TR-047329,2025-10-27,Salt Lake City,Fresno,Flatbed,470.1,1082.86,1097.860911196349,1133.1234379657785,-50.26343796577862
TR-047332,2025-10-27,San Antonio,Phoenix,Reefer,1219.1,2947.21,2766.4397892695606,2891.6391659297597,55.57083407024038
TR-047315,2025-10-27,Green Bay,Memphis,Dry Van,719.1,1564.16,1475.8303357301727,1614.4651499606769,-50.30514996067677
TR-047335,2025-10-27,Greensboro,Fresno,Dry Van,2440.9,4254.89,4420.170421504522,6533.612787141599,-2278.722787141599
TR-047316,2025-10-27,Fort Wayne,Richmond,Dry Van,614.9,1320.45,1339.1603932907874,1520.8729758954498,-200.42297589544978
TR-047331,2025-10-27,Chattanooga,Tampa,Dry Van,586.4,1260.1,1294.5743468083922,1336.6627553700077,-76.56275537000784
TR-047280,2025-10-27,Chattanooga,Philadelphia,Dry Van,957.4,1962.23,1996.9510187808214,2031.1984834966647,-68.9684834966647
TR-047336,2025-10-27,Houston,Greensboro,Flatbed,926.2,2173.71,2080.299849680859,2272.4667510867766,-98.7567510867766
TR-047338,2025-10-27,Charleston,Tulsa,Dry Van,1032.8,2248.82,2176.3696627440418,2484.4266889385967,-235.60668893859656
TR-047339,2025-10-27,Richmond,Montgomery,Reefer,820.9,1837.42,1837.7867238532128,1914.5128280416682,-77.0928280416681
TR-047340,2025-10-27,Oklahoma City,Cincinnati,Dry Van,922.8,1909.42,1864.7169215544359,1987.6257913939337,-78.20579139393362
TR-047341,2025-10-27,Houston,Lubbock,Dry Van,382.9,969.54,914.9376552230328,950.4649151317797,19.0750848682203
TR-047342,2025-10-27,Birmingham,Tampa,Flatbed,437.1,1081.86,1046.3393933825814,1126.7112848165702,-44.85128481657034
TR-047343,2025-10-27,Little Rock,Houston,Dry Van,355.7,880.2,874.5045453168648,838.7104065080359,41.489593491964115
TR-047337,2025-10-27,Albany,Phoenix,Flatbed,3097.3,5916.65,6026.781020515657,11296.598605984953,-5379.948605984953
TR-047345,2025-10-27,Charleston,Los Angeles,Dry Van,2596.2,4879.54,4787.206985121177,5569.424954827861,-689.8849548278613
TR-047350,2025-10-27,Amarillo,Lexington,Reefer,1320.9,3020.37,2924.882595595779,3229.881478678817,-209.51147867881718
TR-047344,2025-10-27,Nashville,Greensboro,Flatbed,366.4,910.03,901.782158020204,935.0395516561427,-25.009551656142776
TR-047349,2025-10-27,Shreveport,Cincinnati,Dry Van,552.6,1181.66,1213.494281182002,1421.210391223118,-239.5503912231179
TR-047317,2025-10-27,Reno,Madison,Flatbed,1741.4,3409.07,3670.228833070125,6396.03286147867,-2986.96286147867
TR-047347,2025-10-27,Atlanta,Richmond,Dry Van,699.3,1481.77,1456.9436136708587,1478.3212814460724,3.4487185539276197
TR-047346,2025-10-27,Reno,Providence,Dry Van,3173.4,5653.31,5573.158937765781,6664.0044367153905,-1010.6944367153901
TR-047348,2025-10-27,Oklahoma City,San Antonio,Reefer,202.9,600.37,653.8390903988707,647.8673304303792,-47.49733043037918
TR-047353,2025-10-28,Fort Wayne,New York,Flatbed,715.7,1575.97,1580.8548147938845,1729.2245238965866,-153.25452389658653
TR-047365,2025-10-28,Corpus Christi,Little Rock,Reefer,529.9,1391.52,1364.1191825841406,1424.5254254089482,-33.00542540894821
TR-047364,2025-10-28,Birmingham,Baton Rouge,Flatbed,487.6,1285.55,1234.8960149872594,1315.1016059451094,-29.551605945109486
TR-047363,2025-10-28,Oklahoma City,San Antonio,Flatbed,225.6,618.21,620.2725879088564,645.5700838540461,-27.360083854046024
TR-047362,2025-10-28,Greensboro,Shreveport,Dry Van,705.6,1468.62,1465.4967020262748,1483.6026671935515,-14.982667193551606
TR-047361,2025-10-28,Savannah,Baton Rouge,Dry Van,770.4,1718.9,1679.4638118811404,1768.6937322181366,-49.79373221813648
TR-047360,2025-10-28,Baltimore,Corpus Christi,Dry Van,1743.9,3458.39,3466.0179458137873,3289.1732775056144,169.21672249438552
TR-047358,2025-10-28,Columbia,Fresno,Flatbed,2384.7,5009.28,4918.573095464258,6394.13865056185,-1384.8586505618505
TR-047356,2025-10-28,Dayton,Milwaukee,Dry Van,198.6,504.28,520.3284742772896,492.38332332491797,11.896676675082006
TR-047355,2025-10-28,Mobile,Austin,Reefer,831.6,2128.96,1955.2139131336546,2247.884420134235,-118.92442013423488
TR-047354,2025-10-28,New York,Syracuse,Dry Van,324.2,696.47,726.5624164717246,733.6962691842758,-37.22626918427579
TR-047368,2025-10-28,Grand Rapids,Indianapolis,Flatbed,442.0,1044.28,1036.1922593248414,1082.0372584273339,-37.75725842733391
TR-047359,2025-10-28,Corpus Christi,Charleston,Reefer,1233.6,2709.64,2663.5327474492246,2857.1697288315154,-147.5297288315155
TR-047357,2025-10-28,Phoenix,Nashville,Dry Van,1954.9,3847.37,3902.5887847680788,3628.683925167235,218.68607483276492
TR-047375,2025-10-28,Oklahoma City,Indianapolis,Reefer,863.3,2035.9,1950.0636419661018,2281.400199014035,-245.50019901403493
TR-047369,2025-10-28,Toledo,Tulsa,Dry Van,975.4,2093.14,2066.1133073471337,2113.653344450576,-20.513344450575914
TR-047370,2025-10-28,Shreveport,Memphis,Reefer,314.8,888.73,896.0430123610204,962.656484072574,-73.926484072574
TR-047371,2025-10-28,Las Vegas,Greensboro,Dry Van,2183.5,3924.86,4033.3873263802498,4178.9010869311005,-254.04108693110038
TR-047372,2025-10-28,Milwaukee,Providence,Reefer,1198.9,2569.09,2605.81355908442,2668.9516842598564,-99.86168425985625
TR-047373,2025-10-28,Bakersfield,Amarillo,Reefer,848.6,1998.58,1980.8996579294283,2115.4934727696464,-116.91347276964643
TR-047374,2025-10-28,Memphis,Savannah,Dry Van,533.8,1234.58,1191.2800021309743,1275.0949425310444,-40.514942531044426
TR-047376,2025-10-28,Tucson,Birmingham,Dry Van,1886.6,3597.23,3714.1479688913823,1287.2808927906813,2309.9491072093188
TR-047377,2025-10-28,Austin,Phoenix,Dry Van,1139.4,2321.27,2327.503578307556,2386.8182784887736,-65.54827848877358
TR-047378,2025-10-28,Cincinnati,Salt Lake City,Dry Van,1672.1,3163.93,3256.0382889120856,4831.700437631818,-1667.7704376318184
TR-047379,2025-10-28,Reno,Phoenix,Flatbed,884.5,1939.15,1944.3700104564703,1924.3081535512724,14.841846448727665
TR-047380,2025-10-28,Louisville,Fort Wayne,Dry Van,361.0,856.65,893.2860978629342,870.0399884354078,-13.389988435407872
TR-047381,2025-10-28,Montgomery,Bakersfield,Reefer,2035.1,4463.62,4384.730924578342,4533.57913023305,-69.95913023305002
TR-047387,2025-10-28,Baltimore,Syracuse,Flatbed,458.9,1042.46,1091.662227413785,1118.3915076785777,-75.93150767857765
TR-047417,2025-10-28,Albany,Cincinnati,Dry Van,1149.8,2284.94,2410.519600271466,2405.97628281175,-121.03628281174997
TR-047383,2025-10-28,Louisville,Baton Rouge,Dry Van,685.8,1498.89,1437.7295450954211,1544.6356279520098,-45.74562795200973
TR-047367,2025-10-28,Montgomery,Austin,Dry Van,967.4,2095.3,2057.9976670481333,2167.858180034559,-72.55818003455897
TR-047409,2025-10-28,Milwaukee,Charleston,Dry Van,723.9,1605.8,1534.8298157835468,1651.6130247445717,-45.81302474457175
TR-047366,2025-10-28,Oklahoma City,St. Louis,Flatbed,818.8,1832.71,1765.9975512362234,1964.0682775251432,-131.3582775251432
TR-047382,2025-10-28,Chattanooga,Phoenix,Flatbed,2040.7,4338.95,4266.595485704772,6374.674197672566,-2035.7241976725663
TR-047394,2025-10-28,Columbia,Reno,Flatbed,2306.4,4749.79,4602.012465631048,7532.357219729179,-2782.5672197291788
TR-047399,2025-10-28,Syracuse,Nashville,Reefer,909.5,2112.89,2126.566223733713,2253.3029153897032,-140.41291538970336
TR-047398,2025-10-28,Mobile,Philadelphia,Reefer,1151.6,2465.88,2621.3757729994554,2683.895858215517,-218.0158582155168
TR-047397,2025-10-28,Oklahoma City,Austin,Dry Van,248.3,656.46,640.9230995829093,679.409934612759,-22.949934612758966
TR-047396,2025-10-28,Amarillo,Columbia,Flatbed,1413.1,3189.23,3106.744600102821,3294.4427065412683,-105.21270654126829
TR-047395,2025-10-28,Montgomery,El Paso,Dry Van,1652.5,3187.5,3307.6022068179777,6788.996969240074,-3601.4969692400737
TR-047391,2025-10-28,Buffalo,Boston,Reefer,598.2,1405.42,1464.6539056261981,1490.9091557140277,-85.48915571402767
TR-047393,2025-10-28,Reno,San Francisco,Dry Van,428.0,941.6,917.1325613175391,955.7254723110944,-14.125472311094427
TR-047392,2025-10-28,Los Angeles,Fresno,Reefer,435.0,1120.77,1123.9315923603306,1138.7044038977679,-17.93440389776788
TR-047390,2025-10-28,Philadelphia,Salt Lake City,Dry Van,2531.1,4745.33,4618.273892461227,6302.489016376646,-1557.159016376646
TR-047389,2025-10-28,Atlanta,Richmond,Dry Van,679.8,1425.24,1416.6119110398952,1385.3812040472283,39.85879595277174
TR-047401,2025-10-28,New Orleans,Nashville,Reefer,356.8,1019.77,993.12464949127,1027.6572950550276,-7.887295055027607
TR-047388,2025-10-28,San Francisco,Madison,Dry Van,2095.1,3678.26,3921.841906357271,3418.242826614611,260.017173385389
TR-047384,2025-10-28,Richmond,Cincinnati,Reefer,634.2,1571.22,1545.6774225137485,1586.399949815248,-15.179949815247937
TR-047400,2025-10-28,Savannah,Milwaukee,Dry Van,637.7,1354.66,1381.275344407737,1440.3240195839699,-85.66401958396978
TR-047403,2025-10-28,Washington,Fresno,Flatbed,2829.3,5681.27,5666.040383337425,6358.209254638726,-676.9392546387253
TR-047404,2025-10-28,Toledo,Fresno,Reefer,2355.5,4655.6,4682.315981639057,5378.902300559534,-723.3023005595333
TR-047405,2025-10-28,Baton Rouge,Memphis,Dry Van,468.7,1077.64,1116.845228172725,1114.8529379822562,-37.21293798225611
TR-047406,2025-10-28,Baton Rouge,El Paso,Dry Van,1249.0,2642.51,2636.3392754589463,2719.623881555973,-77.11388155597297
TR-047407,2025-10-28,Albuquerque,Lexington,Dry Van,1611.3,3069.81,3162.2561447474336,2834.2481598269396,235.56184017306032
TR-047408,2025-10-28,Amarillo,New York,Dry Van,2026.7,3993.34,4007.9445625602348,3726.9097232714726,266.4302767285276
TR-047410,2025-10-28,Corpus Christi,Bakersfield,Dry Van,1500.2,3021.1,3108.3039118237184,4556.986017153144,-1535.8860171531437
TR-047411,2025-10-28,Bakersfield,Lubbock,Flatbed,1197.4,2578.04,2578.4232459310397,2709.6019953629907,-131.56199536299073
TR-047412,2025-10-28,Syracuse,Austin,Dry Van,1852.0,3556.61,3818.937720734373,4308.015359931721,-751.4053599317208
TR-047413,2025-10-28,Richmond,Fort Wayne,Dry Van,596.6,1183.25,1281.002356413967,1248.0904957609082,-64.8404957609082
TR-047414,2025-10-28,Albuquerque,Amarillo,Reefer,428.5,1176.14,1082.6736400984062,1167.7652826806966,8.3747173193035
TR-047385,2025-10-28,Los Angeles,Jacksonville,Dry Van,2338.2,4355.11,4510.187481128902,4231.9529332084485,123.15706679155119
TR-047415,2025-10-28,Syracuse,Bakersfield,Flatbed,2587.3,5096.63,5131.563927125362,5359.313583468198,-262.68358346819787
TR-047386,2025-10-28,Montgomery,Philadelphia,Flatbed,1049.3,2270.1,2333.0442687435666,2338.4181219542224,-68.31812195422253
TR-047402,2025-10-28,Detroit,San Antonio,Dry Van,1442.5,2754.21,3030.3277783575804,3404.109704869961,-649.8997048699612
TR-047416,2025-10-28,Fort Wayne,Philadelphia,Dry Van,769.0,1591.65,1637.5099920004614,1834.803520093484,-243.15352009348385
TR-047454,2025-10-28,Salt Lake City,Richmond,Dry Van,2376.2,4413.94,4416.83867774064,5458.817931726302,-1044.8779317263024
TR-047418,2025-10-28,Columbia,Phoenix,Dry Van,2187.1,4063.92,4141.261179944708,5268.296321087079,-1204.3763210870793
TR-047420,2025-10-28,Mobile,Salt Lake City,Dry Van,1650.6,3212.28,3219.9091217034565,4911.41077293589,-1699.13077293589
TR-047450,2025-10-28,San Antonio,Atlanta,Reefer,920.4,2197.71,2114.0485690497967,2520.0494852051083,-322.3394852051083
TR-047421,2025-10-28,Lexington,Bakersfield,Dry Van,2190.8,4325.34,4230.470139947456,5652.260381372248,-1326.920381372248
TR-047423,2025-10-28,Savannah,Little Rock,Flatbed,658.0,1600.71,1552.7539299867287,1676.5498232682473,-75.8398232682473
TR-047424,2025-10-28,Tucson,Albany,Reefer,2896.1,5972.82,5771.990025446786,5179.865302466571,792.9546975334288
TR-047425,2025-10-28,Los Angeles,Charleston,Dry Van,2544.0,4709.46,4845.369393596672,4435.976305063906,273.48369493609425
TR-047426,2025-10-28,Salt Lake City,Milwaukee,Flatbed,1639.3,3365.06,3431.4969835986462,2431.2446753140493,933.8153246859506
TR-047427,2025-10-28,Montgomery,Hartford,Reefer,1148.9,2540.54,2695.0773999201765,2646.718601084021,-106.17860108402101
TR-047429,2025-10-28,Birmingham,Memphis,Dry Van,272.6,692.88,703.363902740886,716.3051033912824,-23.42510339128239
TR-047430,2025-10-28,Indianapolis,Raleigh,Reefer,783.7,1841.61,1801.9591958372707,1964.7475328482433,-123.13753284824338
TR-047431,2025-10-28,Hartford,Grand Rapids,Dry Van,926.5,1806.26,1818.671023501562,1866.2693017981508,-60.00930179815077
TR-047432,2025-10-28,Phoenix,Chattanooga,Flatbed,1978.6,4295.45,4102.2981159747,5033.769944702205,-738.3199447022052
TR-047433,2025-10-28,St. Louis,Baton Rouge,Reefer,664.6,1613.18,1547.7437279164078,1682.8918815279917,-69.71188152799164
TR-047434,2025-10-28,Greensboro,Corpus Christi,Dry Van,1096.5,2271.94,2341.602199586421,2347.562090415905,-75.62209041590495
TR-047428,2025-10-28,Richmond,Greensboro,Dry Van,419.1,993.52,985.7426870936788,981.5753726535598,11.944627346440143
TR-047445,2025-10-28,Harrisburg,Greensboro,Dry Van,443.2,985.67,944.1648382931401,956.4430142203869,29.226985779613074
TR-047436,2025-10-28,Raleigh,Dayton,Flatbed,650.4,1447.73,1436.4122754395717,1508.9670797359997,-61.237079735999714
TR-047449,2025-10-28,Dayton,New York,Dry Van,737.2,1474.64,1546.5851810134786,1494.5126141700011,-19.872614170001043
TR-047447,2025-10-28,Lubbock,Baltimore,Dry Van,1882.9,3575.15,3722.2011182489173,4800.964397526727,-1225.8143975267271
TR-047446,2025-10-28,Syracuse,Columbia,Dry Van,735.8,1465.33,1564.121832646873,1501.447408138279,-36.11740813827896
TR-047444,2025-10-28,Boston,Reno,Dry Van,3024.7,5224.85,5382.05920948746,5021.667608228972,203.18239177102805
TR-047442,2025-10-28,Montgomery,Kansas City,Reefer,738.3,1760.31,1717.1897803641073,1866.1854154887926,-105.87541548879267
TR-047441,2025-10-28,Greensboro,Amarillo,Flatbed,1458.4,3125.81,3175.6500837956573,1874.5684668691958,1251.241533130804
TR-047440,2025-10-28,Fort Wayne,Corpus Christi,Dry Van,1242.8,2579.09,2585.0757341876415,2733.0983344515175,-154.00833445151738
TR-047439,2025-10-28,Lubbock,Madison,Reefer,1186.8,2686.94,2679.9379686807783,2784.8847684637626,-97.94476846376256
TR-047438,2025-10-28,Albany,Houston,Flatbed,1867.0,3974.95,4016.572801773863,4012.30115910255,-37.351159102550355
TR-047437,2025-10-28,Nashville,Dallas,Reefer,527.7,1373.08,1332.2417724772179,1447.4808559562696,-74.40085595626965
TR-047448,2025-10-28,Corpus Christi,Richmond,Dry Van,1495.0,3023.55,3064.458846705784,3280.220147356216,-256.6701473562157
TR-047422,2025-10-28,Atlanta,Little Rock,Flatbed,404.4,1022.33,1020.8337803728145,1088.0284141050179,-65.69841410501783
TR-047435,2025-10-28,Baton Rouge,Charleston,Dry Van,928.7,2060.68,1968.9504439591012,2068.426681591312,-7.746681591312154
TR-047451,2025-10-28,Raleigh,Grand Rapids,Dry Van,850.0,1698.45,1747.9434065962773,1729.510663679351,-31.06066367935091
TR-047443,2025-10-28,Dallas,Buffalo,Flatbed,1287.2,2912.71,2769.66246165491,2917.8010025866197,-5.091002586619652
TR-047453,2025-10-28,Reno,Fort Wayne,Dry Van,2091.9,3650.16,3943.093434121395,4427.293932605364,-777.133932605364
TR-047469,2025-10-28,Houston,Montgomery,Dry Van,624.4,1458.78,1405.8752955200239,1450.525351498548,8.254648501452039
TR-047468,2025-10-28,Kansas City,Jacksonville,Dry Van,746.6,1641.29,1618.5482970393934,1750.0289579481657,-108.73895794816576
TR-047455,2025-10-28,Montgomery,Austin,Dry Van,932.1,1871.9,1916.615466721485,2016.2839168622543,-144.38391686225418
TR-047456,2025-10-28,El Paso,Grand Rapids,Flatbed,1708.0,3295.02,3594.039544789355,3462.2692802917777,-167.24928029177772
TR-047457,2025-10-28,Cincinnati,Hartford,Reefer,958.0,2174.2,2230.4033128379265,2531.755401469749,-357.5554014697491
TR-047458,2025-10-28,Los Angeles,Lexington,Dry Van,2267.2,4308.62,4480.071464270974,4171.608065926147,137.0119340738529
TR-047459,2025-10-28,Mobile,Lexington,Reefer,490.2,1258.82,1239.1855106692917,1321.4013328976912,-62.581332897691254
TR-047460,2025-10-28,Fort Wayne,Atlanta,Dry Van,549.0,1200.85,1240.0478615090763,1233.093014415321,-32.24301441532111
TR-047462,2025-10-28,Mobile,Reno,Flatbed,2069.7,3936.26,4208.610097855996,5164.000696513784,-1227.7406965137834
TR-047463,2025-10-28,Bakersfield,Little Rock,Reefer,1640.8,3628.24,3612.631785993046,3638.970475142108,-10.73047514210839
TR-047464,2025-10-28,Harrisburg,Phoenix,Flatbed,2642.2,5167.12,5254.815909220348,6654.057371648424,-1486.9373716484242
TR-047465,2025-10-28,Fort Wayne,Hartford,Dry Van,807.5,1696.9,1752.0710012871075,1777.9330089487414,-81.03300894874133
TR-047466,2025-10-28,Nashville,Fort Wayne,Dry Van,541.3,1179.5,1239.9284493432021,1264.4558504252939,-84.95585042529387
TR-047467,2025-10-28,Green Bay,St. Louis,Dry Van,507.6,1083.36,1122.3814779349418,1049.5430297790947,33.816970220905205
TR-047470,2025-10-28,Lexington,Detroit,Reefer,534.0,1330.5,1347.8468080294965,1366.3185307118756,-35.81853071187561
TR-047461,2025-10-28,Toledo,Providence,Reefer,987.4,2207.48,2313.5478352841565,2253.428851088818,-45.948851088818174
TR-047471,2025-10-28,Oklahoma City,Baltimore,Flatbed,1766.6,3611.22,3686.7984729785744,4477.074182127824,-865.8541821278245
TR-047419,2025-10-28,Cincinnati,Toledo,Reefer,421.9,1091.27,1119.134723890199,1157.734867269236,-66.46486726923604
TR-047452,2025-10-28,Milwaukee,Mobile,Reefer,623.3,1540.06,1451.8039546909577,1520.7896346579848,19.27036534201511
TR-047483,2025-10-28,Louisville,Hartford,Dry Van,975.2,1976.8,2022.5025909490344,2023.4641982688624,-46.66419826886249
TR-047482,2025-10-28,Syracuse,Montgomery,Dry Van,1040.7,2125.82,2208.6273706057245,2217.07578034489,-91.2557803448899
TR-047481,2025-10-28,Philadelphia,New York,Dry Van,108.5,283.17,411.728255743692,288.8863400638194,-5.716340063819359
TR-047479,2025-10-28,Montgomery,Phoenix,Dry Van,2101.8,4115.49,3993.205905732394,3822.966944497581,292.52305550241863
TR-047478,2025-10-28,Milwaukee,Albuquerque,Flatbed,1408.6,2860.24,3075.9976397890327,3354.972738883698,-494.7327388836984
TR-047480,2025-10-28,Bakersfield,Dallas,Dry Van,1473.1,2873.82,2954.8775956837317,2409.953977897498,463.86602210250203
TR-047476,2025-10-28,Atlanta,Jacksonville,Reefer,282.3,751.16,749.1128570293952,803.5480383023308,-52.38803830233087
TR-047475,2025-10-28,El Paso,Phoenix,Reefer,548.7,1307.46,1368.3942112389639,1311.6958037606873,-4.235803760687304
TR-047474,2025-10-28,Philadelphia,Columbia,Flatbed,774.0,1745.58,1704.0137303728766,1791.0874776544592,-45.50747765445931
TR-047473,2025-10-28,Charleston,Bakersfield,Dry Van,2465.2,4372.61,4495.753326939098,4161.334786453715,211.27521354628425
TR-047472,2025-10-28,Houston,Tulsa,Dry Van,235.1,595.09,626.2106145651874,612.3055293326362,-17.21552933263615
TR-047477,2025-10-28,Las Vegas,Phoenix,Dry Van,383.6,916.19,919.7603754790871,904.7731198562186,11.416880143781441
TR-047486,2025-10-29,Milwaukee,St. Louis,Reefer,152.1,484.6,545.2801124783066,497.00305456759037,-12.403054567590345
TR-047491,2025-10-29,Richmond,Lexington,Reefer,556.8,1363.85,1387.445380707778,1406.0975085912614,-42.24750859126152
TR-047487,2025-10-29,Cincinnati,Montgomery,Dry Van,490.5,1121.9,1131.5391936972053,1080.3304894609948,41.56951053900525
TR-047488,2025-10-29,Milwaukee,Hartford,Reefer,1014.5,2270.61,2259.3534995889277,2278.6167211406837,-8.006721140683567
TR-047485,2025-10-29,Oklahoma City,El Paso,Dry Van,823.5,1870.23,1759.4516204129745,1840.8112569350287,29.418743064971295
TR-047489,2025-10-29,Albany,Tampa,Dry Van,1602.4,2892.34,3171.4590850730056,3224.961321941417,-332.6213219414167
TR-047490,2025-10-29,Buffalo,Baton Rouge,Flatbed,1283.9,2747.48,2675.5408907705523,2923.1976780941163,-175.7176780941163
TR-047492,2025-10-29,Los Angeles,Shreveport,Dry Van,1737.9,3559.43,3534.5481569357526,3391.9930175966797,167.43698240332014
TR-047498,2025-10-29,Reno,El Paso,Dry Van,731.6,1606.79,1621.1385915305318,1628.0105141258357,-21.220514125835734
TR-047494,2025-10-29,Washington,Syracuse,Dry Van,327.0,731.72,802.7480937898388,754.4949258738044,-22.774925873804364
TR-047495,2025-10-29,Lexington,Memphis,Flatbed,341.3,888.94,916.8885301090254,936.799853523511,-47.85985352351099
TR-047496,2025-10-29,Tucson,Milwaukee,Dry Van,1743.6,3390.51,3518.9429369974814,3313.8621831010573,76.64781689894289
TR-047497,2025-10-29,Chattanooga,Birmingham,Flatbed,169.4,500.4,552.9789939529273,540.356544816054,-39.95654481605402
TR-047499,2025-10-29,Salt Lake City,Birmingham,Dry Van,1796.7,3778.61,3619.928944122929,3121.932218672006,656.6777813279941
TR-047484,2025-10-29,Oklahoma City,Buffalo,Reefer,1518.9,3370.38,3366.7909666155583,2430.6566309596815,939.7233690403186
TR-047501,2025-10-29,Philadelphia,Fort Wayne,Reefer,790.2,1783.42,1798.3884358698715,1797.0568664647776,-13.63686646477754
TR-047493,2025-10-29,Fresno,Amarillo,Dry Van,1066.8,2250.61,2223.290269194852,2298.1409166766284,-47.530916676628294
TR-047565,2025-10-29,Providence,Columbia,Dry Van,910.8,1859.53,1894.7557920050265,1928.2892760638413,-68.7592760638413
TR-047509,2025-10-29,St. Louis,Milwaukee,Dry Van,160.3,446.16,484.0862450926852,430.64994010073787,15.51005989926216
TR-047503,2025-10-29,Las Vegas,Kansas City,Reefer,1674.0,3685.43,3639.9117405782285,2744.3377201543176,941.0922798456822
TR-047523,2025-10-29,Memphis,Montgomery,Reefer,433.5,1174.09,1098.8651736562442,1221.1068126158668,-47.01681261586691
TR-047506,2025-10-29,Philadelphia,Memphis,Dry Van,1112.3,2312.14,2384.8907359315795,2360.857172946025,-48.71717294602513
TR-047507,2025-10-29,Charleston,Bakersfield,Reefer,2454.6,5152.2,4978.520785230268,4336.0731586157235,816.1268413842763
TR-047508,2025-10-29,Tulsa,Baton Rouge,Dry Van,290.9,766.56,796.7086238744589,768.4622978322658,-1.9022978322658446
TR-047510,2025-10-29,Oklahoma City,Jacksonville,Flatbed,959.7,2272.15,2205.3964763875338,2376.4210622530654,-104.27106225306534
TR-047511,2025-10-29,El Paso,St. Louis,Dry Van,1398.3,2651.73,2849.3401905155097,2791.9063305989416,-140.1763305989416
TR-047512,2025-10-29,Tucson,Jacksonville,Dry Van,2002.3,3767.08,3916.0564687632013,4026.318086814328,-259.2380868143282
TR-047513,2025-10-29,Greensboro,Los Angeles,Flatbed,2399.3,4946.8,4904.037096739135,6216.196111988116,-1269.396111988116
TR-047514,2025-10-29,Kansas City,Lexington,Dry Van,450.4,994.65,1025.7544888318369,1017.1663562527166,-22.516356252716605
TR-047516,2025-10-29,Albuquerque,Austin,Dry Van,856.3,1957.2,1849.40791821443,1903.700177553726,53.49982244627404
TR-047517,2025-10-29,Lubbock,Shreveport,Dry Van,564.1,1357.67,1339.4910717873447,1407.8577361797768,-50.18773617977672
TR-047518,2025-10-29,Columbia,New York,Reefer,749.1,1760.13,1766.7203619920606,1838.8815182891994,-78.75151828919934
TR-047519,2025-10-29,Montgomery,Raleigh,Dry Van,689.0,1602.83,1484.439771345646,1798.5828810257901,-195.7528810257902
TR-047520,2025-10-29,Tulsa,Nashville,Reefer,484.8,1269.47,1239.541200658294,1307.4126416591964,-37.9426416591964
TR-047521,2025-10-29,Milwaukee,Jacksonville,Dry Van,697.9,1527.82,1451.9770767776204,1504.7008465975307,23.119153402469237
TR-047504,2025-10-29,Bakersfield,Montgomery,Reefer,2063.5,880.04,4320.283911616001,4111.013431519079,-3230.973431519079
TR-047522,2025-10-29,Mobile,Shreveport,Dry Van,286.4,757.91,751.5790568328559,768.0717853129116,-10.161785312911661
TR-047500,2025-10-29,Grand Rapids,San Francisco,Dry Van,2319.7,4190.67,4351.308584808166,4933.365401718029,-742.6954017180287
TR-047502,2025-10-29,Mobile,Nashville,Flatbed,299.5,846.81,849.4438468970877,876.8587044636178,-30.04870446361781
TR-047541,2025-10-29,Raleigh,Baltimore,Flatbed,405.4,1028.05,1017.8064445748107,1009.731722737677,18.31827726232291
TR-047546,2025-10-29,Shreveport,Baltimore,Dry Van,1367.0,2729.05,2795.46328852247,2774.8042439226974,-45.75424392269724
TR-047544,2025-10-29,Salt Lake City,Houston,Dry Van,1291.1,2737.09,2602.7038191431157,2772.218912289706,-35.12891228970602
TR-047527,2025-10-29,New Orleans,Tucson,Dry Van,1469.7,2909.37,2917.7745614944893,3560.023398770528,-650.6533987705279
TR-047528,2025-10-29,Indianapolis,St. Louis,Flatbed,93.0,299.74,494.0590857873058,316.5607955972292,-16.820795597229164
TR-047529,2025-10-29,Bakersfield,El Paso,Dry Van,453.6,996.52,997.2651266510586,1043.5788094792645,-47.05880947926448
TR-047530,2025-10-29,Chattanooga,Shreveport,Dry Van,424.6,1043.66,997.5148579446827,1067.8031093144134,-24.143109314413323
TR-047532,2025-10-29,Shreveport,Providence,Dry Van,1562.2,3087.48,3213.459427914232,3218.6600415289417,-131.18004152894173
TR-047533,2025-10-29,Bakersfield,Amarillo,Reefer,831.6,2012.77,1970.2451657698073,2177.630024247271,-164.8600242472712
TR-047534,2025-10-29,Green Bay,Harrisburg,Flatbed,686.7,1537.05,1572.2096538818116,1646.9869836222113,-109.9369836222113
TR-047531,2025-10-29,Greensboro,Salt Lake City,Dry Van,2037.1,3939.96,4081.3853621888366,5088.8579833052445,-1148.8979833052445
TR-047505,2025-10-29,Phoenix,Little Rock,Reefer,1691.5,3606.92,3686.1808757164104,3704.4324318958766,-97.51243189587649
TR-047536,2025-10-29,Savannah,Kansas City,Dry Van,734.7,1532.23,1572.7369842061453,1601.7203496926998,-69.49034969269974
TR-047537,2025-10-29,Los Angeles,Richmond,Dry Van,2782.4,15003.55,5047.817773798179,5957.427885183049,9046.12211481695
TR-047538,2025-10-29,Tucson,Albany,Dry Van,2847.6,5253.36,5370.813988520527,6788.046705178563,-1534.686705178563
TR-047539,2025-10-29,St. Louis,New York,Dry Van,1041.1,472.91,2127.9202537679816,2446.8551091851214,-1973.9451091851213
TR-047540,2025-10-29,Green Bay,Cincinnati,Dry Van,596.3,1301.4,1329.804597282817,1360.6885826580683,-59.28858265806821
TR-047535,2025-10-29,Shreveport,Philadelphia,Dry Van,1357.2,2731.05,2895.91470827784,2735.0120264614015,-3.962026461401365
TR-047542,2025-10-29,Washington,Shreveport,Dry Van,1129.3,2245.8,2296.53443871369,2311.3445720898785,-65.54457208987833
TR-047526,2025-10-29,Columbia,Madison,Dry Van,692.5,1434.93,1458.780204931883,1468.0520566103676,-33.12205661036751
TR-047525,2025-10-29,San Francisco,Lexington,Dry Van,2321.5,4199.93,4384.065282495303,4602.189028440689,-402.2590284406888
TR-047543,2025-10-29,Richmond,San Antonio,Dry Van,1579.2,3160.91,3239.874768691391,3256.6059748587254,-95.69597485872555
TR-047563,2025-10-29,Lexington,Phoenix,Reefer,2159.5,4417.81,4396.357144267798,4442.845955049565,-25.03595504956502
TR-047547,2025-10-29,Shreveport,Harrisburg,Dry Van,1091.3,2164.35,2270.668163488336,2282.4512279115747,-118.10122791157482
TR-047548,2025-10-29,Toledo,Charleston,Dry Van,716.4,1457.56,1469.4290609506897,1538.832880612032,-81.27288061203217
TR-047549,2025-10-29,Syracuse,Oklahoma City,Reefer,1650.7,3814.07,3634.9735677749686,3763.9499942445823,50.12000575541788
TR-047550,2025-10-29,Chattanooga,Dayton,Dry Van,406.9,934.1,891.3160645647581,921.1183605888588,12.98163941114126
TR-047551,2025-10-29,Atlanta,Kansas City,Dry Van,491.2,1173.54,1179.4290295449066,1141.003989120632,32.53601087936795
TR-047552,2025-10-29,San Francisco,Birmingham,Flatbed,2283.8,4781.72,4713.658700405162,4473.82223836219,307.8977616378106
TR-047554,2025-10-29,El Paso,Milwaukee,Reefer,1471.7,3164.95,3067.502904939794,12099.51665118534,-8934.566651185341
TR-047555,2025-10-29,Baltimore,Albany,Dry Van,513.7,1121.82,1169.734486150807,1144.7964452719955,-22.976445271995544
TR-047556,2025-10-29,Tucson,Lubbock,Dry Van,937.4,2021.99,1968.2927397656194,2033.9725514503434,-11.982551450343408
TR-047557,2025-10-29,Indianapolis,Tampa,Dry Van,844.9,1802.15,1812.431566272533,1828.6056540582824,-26.455654058282335
TR-047558,2025-10-29,Cincinnati,San Antonio,Dry Van,1054.5,2256.25,2174.129019639065,2273.0517225988974,-16.801722598897413
TR-047559,2025-10-29,Tucson,Phoenix,Reefer,276.0,751.56,770.2231079355504,799.8218792388667,-48.261879238866754
TR-047560,2025-10-29,Atlanta,Phoenix,Reefer,2107.5,4370.07,4360.978019558301,4981.44315538222,-611.3731553822199
TR-047561,2025-10-29,Tulsa,Lexington,Dry Van,737.8,1661.68,1610.4948179301373,1711.4352052193015,-49.75520521930139
TR-047562,2025-10-29,Kansas City,Hartford,Dry Van,1173.4,2324.37,2367.738778418646,2364.790827382148,-40.42082738214822
TR-047524,2025-10-29,Richmond,Louisville,Flatbed,675.2,1547.03,1572.9068776087133,1591.2933137546618,-44.263313754661795
TR-047545,2025-10-29,Salt Lake City,Montgomery,Flatbed,1881.2,4073.56,4013.6687031869424,3895.9623438688245,177.59765613117543
TR-047553,2025-10-29,Savannah,New Orleans,Dry Van,672.2,1576.9,1496.100064432518,1593.5428630183046,-16.642863018304524
TR-047564,2025-10-29,Nashville,Baltimore,Reefer,1023.1,2238.49,2302.23683001105,2385.4377376512307,-146.9477376512309
TR-047515,2025-10-29,Kansas City,Tampa,Flatbed,944.0,2144.48,2167.1256292161183,2221.6001440243153,-77.12014402431532
TR-047566,2025-10-29,Tulsa,Greensboro,Reefer,841.8,2168.55,1940.5754934621577,2464.447325581376,-295.89732558137575
TR-047568,2025-10-29,Austin,San Antonio,Flatbed,105.9,327.27,491.1744863477552,336.8208671220089,-9.550867122008924
TR-047569,2025-10-29,Raleigh,Montgomery,Flatbed,693.1,1633.65,1584.2072190431418,1708.4280246525962,-74.77802465259606
TR-047570,2025-10-29,Fresno,Phoenix,Dry Van,467.2,1086.62,1079.2990396767848,1083.306995472789,3.3130045272109783
TR-047571,2025-10-29,Lexington,Nashville,Flatbed,263.2,748.27,741.8768300320341,742.167508322291,6.10249167770894
TR-047573,2025-10-29,Oklahoma City,Kansas City,Dry Van,805.6,1783.98,1696.637711346019,1812.8385741050704,-28.858574105070375
TR-047574,2025-10-29,Kansas City,Toledo,Flatbed,467.7,1187.99,1149.4425233681138,1196.2491894836419,-8.259189483641876
TR-047575,2025-10-29,Memphis,Richmond,Dry Van,842.9,1710.9,1749.9902553214151,1777.018515296946,-66.11851529694582
TR-047576,2025-10-29,Chattanooga,New York,Dry Van,944.2,1943.9,1962.648180113963,1960.95488693957,-17.054886939569997
TR-047577,2025-10-29,Oklahoma City,Corpus Christi,Reefer,337.2,966.33,975.1440117357545,1008.902560280935,-42.57256028093491
TR-047578,2025-10-29,Oklahoma City,Baton Rouge,Dry Van,431.4,1018.54,1014.9591127739188,1010.5466614209183,7.993338579081637
TR-047579,2025-10-29,Bakersfield,Phoenix,Flatbed,387.8,980.92,1020.2246691621524,1007.9430849492018,-27.023084949201802
TR-047580,2025-10-29,Shreveport,Philadelphia,Dry Van,1374.0,2600.37,2792.2103427409816,2758.0513187870865,-157.68131878708664
TR-047581,2025-10-29,Philadelphia,Albuquerque,Reefer,2337.1,4798.37,4742.842119846979,5556.35336084554,-757.9833608455401
TR-047582,2025-10-29,Albany,Hartford,Dry Van,371.2,820.66,862.5672745113388,854.5713117456218,-33.91131174562179
TR-047583,2025-10-29,Reno,Milwaukee,Flatbed,1852.6,3789.3,3891.076300608923,3875.579470428598,-86.27947042859796
TR-047584,2025-10-29,Birmingham,Jacksonville,Dry Van,214.0,558.82,576.6087428093924,551.1410127388483,7.678987261151747
TR-047586,2025-10-29,Houston,Grand Rapids,Dry Van,1140.7,2215.0,2347.7809446877786,2404.2058806876407,-189.20588068764073
TR-047605,2025-10-29,Raleigh,Fresno,Dry Van,2815.5,5026.75,5110.857969614507,4820.074414860941,206.67558513905897
TR-047606,2025-10-29,Salt Lake City,Little Rock,Reefer,1395.2,3122.21,3081.8021037375565,3085.6076509661175,36.60234903388255
TR-047572,2025-10-29,Tulsa,Indianapolis,Dry Van,594.9,1375.77,1261.1813221972134,1329.0320274269454,46.73797257305455
TR-047597,2025-10-29,Tulsa,Toledo,Dry Van,979.8,2108.62,2086.446280910277,2138.0393540895293,-29.419354089529406
TR-047640,2025-10-29,Toledo,Savannah,Dry Van,697.8,1393.76,1468.5280471849337,1459.8276976406205,-66.06769764062051
TR-047590,2025-10-29,Tucson,Hartford,Dry Van,2719.2,4873.36,4938.670688190588,5375.870811085763,-502.51081108576363
TR-047596,2025-10-29,Oklahoma City,Amarillo,Reefer,416.2,1161.51,1138.4419464919938,1245.1576463191143,-83.6476463191143
TR-047591,2025-10-29,Montgomery,Richmond,Dry Van,832.3,1774.21,1772.4060391433436,1779.8840560328179,-5.674056032817816
TR-047592,2025-10-29,Richmond,Hartford,Dry Van,325.4,754.97,838.1511428486938,761.8626097204218,-6.892609720421774
TR-047593,2025-10-29,Bakersfield,Austin,Reefer,1197.4,2991.48,2705.792013964207,2929.55531695257,61.92468304742988
TR-047589,2025-10-29,Syracuse,Charleston,Reefer,746.7,1834.12,1758.3658719945024,1862.5690615420503,-28.44906154205046
TR-047594,2025-10-29,Memphis,Fort Wayne,Dry Van,518.3,1191.82,1239.8492068448854,1194.4084617704239,-2.588461770423919
TR-047595,2025-10-29,Oklahoma City,Tulsa,Reefer,308.4,927.59,877.175160134256,937.8738648678362,-10.2838648678362
TR-047601,2025-10-29,Cincinnati,Corpus Christi,Dry Van,940.9,1948.36,2006.2185043047903,1980.9223531232778,-32.562353123277944
TR-047598,2025-10-29,Baton Rouge,Chattanooga,Reefer,535.7,1375.06,1349.7768706928998,1470.164099068173,-95.10409906817313
TR-047599,2025-10-29,Mobile,Baltimore,Reefer,1151.6,2611.37,2734.131309036713,2668.493548451129,-57.123548451128954
TR-047600,2025-10-29,Syracuse,Memphis,Dry Van,1006.7,1993.97,2146.043996334736,2142.4683869460205,-148.49838694602045
TR-047602,2025-10-29,San Antonio,Columbia,Flatbed,1145.7,2421.4,2528.9969256470454,2681.842321983815,-260.44232198381496
TR-047603,2025-10-29,Baltimore,Richmond,Flatbed,270.6,699.65,741.7386989504275,726.7523364658207,-27.102336465820713
TR-047588,2025-10-29,Tulsa,Montgomery,Dry Van,631.7,1390.99,1379.0490560900516,1497.219010334208,-106.22901033420794
TR-047604,2025-10-29,Tucson,Green Bay,Flatbed,1922.3,3920.05,4132.025010009284,4016.6459989309783,-96.59599893097811
TR-047587,2025-10-29,Corpus Christi,Las Vegas,Flatbed,1383.3,11596.28,3013.792680202331,3031.839193268974,8564.440806731027
TR-047639,2025-10-29,San Antonio,Indianapolis,Dry Van,961.3,2068.13,2013.4584524848524,2064.887725388163,3.2422746118372743
TR-047585,2025-10-29,St. Louis,El Paso,Dry Van,1394.4,2854.93,2900.686194473093,2793.791087427522,61.13891257247769
TR-047630,2025-10-29,Kansas City,Albuquerque,Reefer,1248.2,2907.44,2870.0728241829056,2875.7107995257265,31.72920047427351
TR-047610,2025-10-29,Charleston,Houston,Flatbed,1080.6,2559.98,2457.556027999765,2575.4565675284393,-15.476567528439318
TR-047611,2025-10-29,Memphis,Cincinnati,Reefer,233.7,660.61,672.0071961398301,692.776871181668,-32.16687118166794
TR-047612,2025-10-29,Phoenix,Mobile,Reefer,1911.1,4203.68,4127.494621406578,4753.21118290125,-549.5311829012498
TR-047613,2025-10-29,Dallas,Tulsa,Dry Van,144.8,403.88,496.0126547675884,419.7154397740721,-15.835439774072086
TR-047614,2025-10-29,Dallas,Syracuse,Reefer,1396.3,3243.76,3192.767525999004,3222.0269102748634,21.73308972513678
TR-047615,2025-10-29,Cincinnati,Jacksonville,Dry Van,463.8,1073.46,1085.632359015743,1049.92908581705,23.530914182950028
TR-047617,2025-10-29,Raleigh,Reno,Dry Van,2609.2,4874.2,4922.447600584427,5600.487838579511,-726.2878385795111
TR-047618,2025-10-29,Boston,Shreveport,Reefer,1569.1,3464.06,3429.2683529663013,4555.90650534729,-1091.8465053472896
TR-047619,2025-10-29,Tulsa,Albany,Dry Van,1723.4,3399.68,3467.0254631057455,4164.245170723733,-764.5651707237334
TR-047620,2025-10-29,Nashville,Cincinnati,Flatbed,182.8,539.46,570.1983446134452,600.3494973521022,-60.889497352102126
TR-047621,2025-10-29,Little Rock,Boston,Dry Van,1527.8,3160.75,3149.327134708632,3137.7478001502695,23.00219984973046
TR-047622,2025-10-29,St. Louis,Charleston,Reefer,758.8,1856.54,1790.5926243308973,1921.7081297378793,-65.16812973787933
TR-047623,2025-10-29,San Antonio,Albuquerque,Dry Van,910.4,2012.18,1926.8181203111244,2028.324570541179,-16.144570541178837
TR-047624,2025-10-29,Bakersfield,Lubbock,Dry Van,1225.8,2564.63,2495.9156831774417,2564.6068326783684,0.02316732163171764
TR-047625,2025-10-29,Bakersfield,Fort Wayne,Reefer,2070.0,4277.21,4348.6718830602895,3936.811427545126,340.39857245487383
TR-047608,2025-10-29,Fresno,Jacksonville,Dry Van,2339.5,4614.73,4606.1534342740115,4399.897062626786,214.832937373214
TR-047627,2025-10-29,Phoenix,Oklahoma City,Dry Van,1238.6,2471.08,2488.5087070450886,2559.489213584144,-88.40921358414425
TR-047609,2025-10-29,Salt Lake City,Memphis,Reefer,1557.7,3294.52,3380.1154806490367,4180.774919535961,-886.2549195359611
TR-047626,2025-10-29,Cincinnati,Lexington,Dry Van,138.3,385.1,453.52670478380014,382.5398800881163,2.560119911883703
TR-047616,2025-10-29,Tucson,Lexington,Flatbed,1912.3,4092.42,4097.046034558405,3697.5286917814187,394.89130821858134
TR-047628,2025-10-29,New York,Syracuse,Dry Van,310.5,688.18,739.8997620042969,734.3718902782539,-46.191890278253936
TR-047631,2025-10-29,San Francisco,Hartford,Flatbed,3092.4,5797.06,5937.768575792792,5849.442074028862,-52.38207402886201
TR-047632,2025-10-29,Nashville,Detroit,Dry Van,707.8,1385.22,1460.3414836305267,1497.8973404538788,-112.67734045387874
TR-047633,2025-10-29,Grand Rapids,Phoenix,Dry Van,2260.1,4146.93,4249.223979823037,4932.83249077198,-785.9024907719795
TR-047634,2025-10-29,Shreveport,Green Bay,Dry Van,997.8,2093.42,2152.2027449324924,2212.567300778817,-119.14730077881677
TR-047635,2025-10-29,Buffalo,Tucson,Dry Van,2424.6,4355.51,4497.867718545733,4060.1318314999594,295.37816850004083
TR-047636,2025-10-29,Hartford,Grand Rapids,Dry Van,925.1,1774.25,1863.5298655463152,1898.1411078732378,-123.89110787323784
TR-047637,2025-10-29,Milwaukee,New Orleans,Flatbed,657.5,1606.38,1542.1386315753393,1644.0601932330683,-37.68019323306817
TR-047647,2025-10-29,New York,Toledo,Reefer,668.5,1532.92,1517.0110711517948,1564.7659408960126,-31.845940896012507
TR-047641,2025-10-29,Phoenix,San Antonio,Dry Van,1202.4,2581.13,2552.008048767141,2673.3665550440423,-92.23655504404223
TR-047638,2025-10-29,Lubbock,Birmingham,Dry Van,968.5,2087.61,2072.2234839029543,2171.758699441781,-84.14869944178099
TR-047643,2025-10-29,Providence,El Paso,Dry Van,2671.6,5279.51,5057.957266081483,6939.425547537039,-1659.915547537039
TR-047644,2025-10-29,Fort Wayne,Salt Lake City,Dry Van,1836.2,3453.76,3709.15300293801,4632.112762723405,-1178.3527627234043
TR-047645,2025-10-29,Syracuse,Tucson,Dry Van,2512.9,4502.62,4612.956962147013,4220.65494879957,281.96505120043
TR-047646,2025-10-29,Fresno,New Orleans,Flatbed,1835.1,4087.37,3990.920834970587,3819.8981797251854,267.4718202748145
TR-047567,2025-10-29,Columbia,Lexington,Dry Van,225.5,555.65,626.0003684222718,545.9405118861052,9.709488113894736
TR-047642,2025-10-29,Fort Wayne,Columbia,Flatbed,592.5,1378.94,1365.5511971793462,1594.0188456917717,-215.07884569177168
TR-047629,2025-10-29,Baton Rouge,Boston,Dry Van,1667.7,3398.73,3307.1845877797687,3175.4255471629294,223.30445283707058
TR-047607,2025-10-29,Tucson,Detroit,Flatbed,2132.7,4301.42,4403.217682452927,3776.7855108749504,524.6344891250496
TR-047703,2025-10-30,Hartford,Philadelphia,Flatbed,78.2,246.59,466.9069868947761,263.18527775892466,-16.595277758924652
TR-047655,2025-10-30,Syracuse,Louisville,Dry Van,794.9,1709.94,1727.8405385432034,1727.9193780181392,-17.979378018139187
TR-047654,2025-10-30,Jacksonville,Fort Wayne,Dry Van,765.2,1635.87,1646.5019171609129,1649.0341857919534,-13.164185791953514
TR-047653,2025-10-30,Memphis,Buffalo,Dry Van,868.7,1840.18,1867.0169465706929,1858.2801471740854,-18.10014717408535
TR-047651,2025-10-30,Bakersfield,Kansas City,Dry Van,1738.4,3349.82,3407.330202416494,3314.1982511917627,35.6217488082375
TR-047656,2025-10-30,Syracuse,Little Rock,Reefer,1178.2,2658.31,2639.525008620053,2773.0250316505208,-114.71503165052081
TR-047650,2025-10-30,Corpus Christi,San Antonio,Flatbed,206.5,601.03,641.245842052077,609.2175172039804,-8.187517203980406
TR-047652,2025-10-30,Dallas,Lexington,Reefer,768.6,1898.3,1789.882157566202,1951.4362473940207,-53.13624739402076
TR-047657,2025-10-30,Memphis,Philadelphia,Reefer,1125.7,552.14,2555.4699547477276,2969.0864463414628,-2416.946446341463
TR-047664,2025-10-30,Los Angeles,Philadelphia,Dry Van,3104.8,5530.61,5447.516327283571,7954.27151063752,-2423.66151063752
TR-047659,2025-10-30,Milwaukee,Los Angeles,Dry Van,2087.6,4068.07,4026.261307503699,4684.485493114473,-616.4154931144726
TR-047660,2025-10-30,Richmond,San Antonio,Dry Van,1580.2,3247.49,3207.7030458089885,3255.9550471705516,-8.46504717055177
TR-047661,2025-10-30,Little Rock,Baton Rouge,Dry Van,328.1,864.68,811.7745427697976,837.8208384827943,26.85916151720562
TR-047662,2025-10-30,Phoenix,Oklahoma City,Dry Van,1261.3,8276.0,2629.0445800138177,2757.9543512311816,5518.045648768819
TR-047663,2025-10-30,Amarillo,Nashville,Reefer,1107.4,2573.87,2542.389156700447,2587.560551463848,-13.690551463847896
TR-047666,2025-10-30,Harrisburg,Greensboro,Reefer,446.9,1110.85,1102.4232390492843,1166.9375357529666,-56.08753575296669
TR-047665,2025-10-30,Richmond,New Orleans,Dry Van,1113.4,2292.7,2358.8951647432377,2362.6833073275516,-69.98330732755176
TR-047649,2025-10-30,Bakersfield,Charleston,Dry Van,2500.5,4892.67,4864.513077491043,4672.004017588612,220.66598241138763
TR-047658,2025-10-30,Fort Wayne,Milwaukee,Dry Van,246.5,602.47,613.3364109680033,601.2773578600095,1.1926421399905394
TR-047648,2025-10-30,Corpus Christi,Memphis,Dry Van,724.1,1647.93,1563.628150369792,1730.957462547894,-83.02746254789395
TR-047674,2025-10-30,San Antonio,Houston,Reefer,284.2,822.11,817.36572105509,836.8616240162419,-14.751624016241863
TR-047668,2025-10-30,Charleston,Little Rock,Dry Van,824.9,1856.57,1789.7284317826816,1877.4704802825047,-20.90048028250476
TR-047689,2025-10-30,Memphis,Greensboro,Dry Van,461.9,1102.45,1109.8735734615345,1081.7066380557224,20.743361944277694
TR-047672,2025-10-30,Hartford,Boston,Reefer,183.4,535.76,562.0783756284823,576.7787439849831,-41.018743984983075
TR-047673,2025-10-30,Savannah,Hartford,Dry Van,822.7,1799.38,1769.0708959070294,1829.7362162383256,-30.356216238325487
TR-047675,2025-10-30,Reno,Charleston,Flatbed,2592.4,5216.72,5160.483217553798,4846.6213539563105,370.09864604368977
TR-047676,2025-10-30,Nashville,Bakersfield,Reefer,1935.7,4313.84,4174.420011735255,3323.7928556661914,990.0471443338088
TR-047677,2025-10-30,Greensboro,Indianapolis,Dry Van,447.5,1055.51,1060.8615104277208,1034.869531407971,20.640468592029038
TR-047678,2025-10-30,Fresno,Louisville,Reefer,2151.8,4646.88,4534.092737376552,4813.9401384589755,-167.06013845897542
TR-047735,2025-10-30,Albany,St. Louis,Reefer,1221.1,2664.27,2682.298605602369,2822.264076684294,-157.9940766842942
TR-047679,2025-10-30,Las Vegas,Corpus Christi,Dry Van,1417.6,2993.39,2954.5848758078955,2869.2004921125836,124.18950788741631
TR-047681,2025-10-30,Syracuse,Columbia,Dry Van,778.2,1670.64,1677.7884316321924,1647.4807833865016,23.15921661349853
TR-047682,2025-10-30,Richmond,Oklahoma City,Flatbed,1530.9,3188.2,3285.611967178299,3403.6873730569437,-215.48737305694385
TR-047683,2025-10-30,Cincinnati,Salt Lake City,Dry Van,1696.3,3388.71,3495.397609956495,4249.537103498026,-860.8271034980262
TR-047684,2025-10-30,San Antonio,Bakersfield,Dry Van,1311.1,2595.54,2604.198699753595,2696.4284963999503,-100.88849639995033
TR-047685,2025-10-30,Buffalo,Grand Rapids,Reefer,497.4,1173.21,1195.5098705780313,1208.628548606057,-35.4185486060569
TR-047686,2025-10-30,Jacksonville,San Francisco,Reefer,2523.5,5443.58,5196.9365049551525,4851.833783937751,591.746216062249
TR-047687,2025-10-30,Grand Rapids,Charleston,Dry Van,842.1,1735.58,1758.2961845390575,1938.8609953784842,-203.28099537848425
TR-047688,2025-10-30,San Antonio,Greensboro,Reefer,1184.3,2720.24,2699.1310646378943,2882.949743193841,-162.7097431938414
TR-047680,2025-10-30,Greensboro,San Antonio,Dry Van,1175.7,2374.26,2445.8270308525043,2509.5328040898066,-135.2728040898064
TR-047669,2025-10-30,Tampa,Savannah,Flatbed,551.2,1369.62,1382.0047420692476,1437.6579763098416,-68.03797630984172
TR-047667,2025-10-30,Greensboro,Madison,Dry Van,646.4,1352.21,1365.880294870228,1518.2835778642304,-166.0735778642304
TR-047690,2025-10-30,Atlanta,Mobile,Reefer,288.2,811.26,876.493081606016,880.4735677376885,-69.21356773768855
TR-047708,2025-10-30,Nashville,Greensboro,Reefer,369.6,1000.75,951.528292769478,1060.039277533396,-59.28927753339599
TR-047692,2025-10-30,Kansas City,Washington,Dry Van,900.4,1822.65,1911.7213265761054,1922.6597245559615,-100.00972455596138
TR-047694,2025-10-30,San Francisco,Mobile,Dry Van,2240.8,4492.79,4363.807251955561,4211.324058676386,281.46594132361406
TR-047695,2025-10-30,Tulsa,Cincinnati,Dry Van,619.3,1375.3,1363.760882207132,1351.4747992459108,23.82520075408911
TR-047696,2025-10-30,Indianapolis,Salt Lake City,Dry Van,1582.9,3265.76,3257.57603262786,4679.923425049623,-1414.1634250496227
TR-047697,2025-10-30,Corpus Christi,Tucson,Flatbed,1210.4,2802.67,2735.732802066828,2956.641985942565,-153.97198594256497
TR-047698,2025-10-30,Oklahoma City,St. Louis,Dry Van,789.8,1773.38,1731.5575179899447,1801.4393376618887,-28.05933766188855
TR-047699,2025-10-30,Tulsa,Lubbock,Dry Van,464.1,1114.11,1150.7897180270108,1110.5699316238379,3.5400683761620257
TR-047700,2025-10-30,Shreveport,Corpus Christi,Flatbed,409.2,1134.89,1082.8940164153053,1123.7904303860798,11.099569613920266
TR-047701,2025-10-30,Kansas City,Shreveport,Dry Van,570.8,1262.99,1258.4501233890098,1301.496257383613,-38.50625738361305
TR-047713,2025-10-30,Lexington,Mobile,Dry Van,500.7,1212.03,1168.6808379357471,1156.59638922774,55.433610772259954
TR-047702,2025-10-30,Atlanta,Richmond,Flatbed,670.3,370.24,1515.7498086864475,1580.7326685165688,-1210.4926685165688
TR-047711,2025-10-30,Columbia,Albuquerque,Dry Van,1728.6,3451.23,3477.4411759186723,4410.2229099787155,-958.9929099787155
TR-047704,2025-10-30,New York,Little Rock,Reefer,1307.3,3005.3,2865.7617126449295,3149.2150989745674,-143.91509897456717
TR-047705,2025-10-30,Amarillo,Oklahoma City,Flatbed,418.8,1154.41,1161.1558198764185,1189.8801055928209,-35.4701055928208
TR-047706,2025-10-30,Washington,Greensboro,Dry Van,432.2,1009.87,1036.814552894439,989.3396138312698,20.53038616873016
TR-047707,2025-10-30,Atlanta,Baton Rouge,Dry Van,579.2,1327.71,1257.4660314197297,1336.5273325301105,-8.817332530110434
TR-047709,2025-10-30,Baltimore,Phoenix,Dry Van,2979.0,5532.34,5538.134051058101,6323.370787298064,-791.0307872980638
TR-047710,2025-10-30,Atlanta,Albany,Dry Van,1190.3,2247.46,2443.953576334692,2409.579933627702,-162.1199336277018
TR-047671,2025-10-30,Lexington,Philadelphia,Flatbed,793.5,1756.84,1827.6528417685604,1941.5828402167394,-184.74284021673952
TR-047693,2025-10-30,Hartford,Charleston,Flatbed,672.6,1566.62,1531.6112957645034,1600.7998846108164,-34.17988461081654
TR-047712,2025-10-30,Washington,Memphis,Dry Van,862.6,1851.58,1870.4829784331264,1845.3397594713313,6.240240528668664
TR-047723,2025-10-30,Lexington,Fort Wayne,Dry Van,370.3,864.61,875.4044147341663,894.9088338830643,-30.298833883064276
TR-047714,2025-10-30,Greensboro,Buffalo,Dry Van,542.9,1197.57,1270.193067767348,1285.9622420263966,-88.39224202639662
TR-047716,2025-10-30,Oklahoma City,Richmond,Reefer,1500.1,3469.99,3359.452226176906,5544.079965497343,-2074.0899654973437
TR-047717,2025-10-30,Phoenix,Milwaukee,Reefer,1994.0,4434.45,4237.28581512993,4265.925676121933,168.52432387806675
TR-047718,2025-10-30,Fresno,Albuquerque,Dry Van,699.6,1591.71,1529.4477333602204,1522.7898130451401,68.9201869548599
TR-047719,2025-10-30,Mobile,Shreveport,Reefer,306.2,859.86,847.9380682543706,927.8553615786645,-67.99536157866453
TR-047720,2025-10-30,Lexington,Lubbock,Dry Van,1142.3,2463.27,2409.397553806033,2486.625794753902,-23.355794753902046
TR-047721,2025-10-30,Toledo,Syracuse,Dry Van,465.5,1022.08,1112.6222056204767,1058.2863252743437,-36.20632527434361
TR-047722,2025-10-30,Hartford,Baton Rouge,Dry Van,1524.9,3134.03,3139.0985926817857,2898.8311884071154,235.1988115928848
TR-047724,2025-10-30,Baton Rouge,Richmond,Reefer,1183.7,2620.82,2648.982032586803,2672.2446562876635,-51.42465628766331
TR-047715,2025-10-30,Albany,New York,Reefer,363.5,958.18,967.0982788039471,971.4404706347492,-13.260470634749254
TR-047725,2025-10-30,Lexington,Phoenix,Dry Van,2129.3,4171.25,4174.131760149962,4846.166407259069,-674.9164072590693
TR-047727,2025-10-30,Richmond,Shreveport,Dry Van,1148.3,2551.54,2454.796336162738,2522.6037093065092,28.93629069349072
TR-047728,2025-10-30,New York,El Paso,Dry Van,2456.1,4757.71,4596.857496545369,6316.012772630202,-1558.3027726302016
TR-047729,2025-10-30,Lexington,Columbia,Dry Van,226.1,598.72,674.9577057573292,595.5287648059716,3.1912351940284225
TR-047730,2025-10-30,Hartford,Baton Rouge,Dry Van,1514.9,3021.06,3127.7921815355867,2834.9335605921046,186.1264394078953
TR-047731,2025-10-30,San Francisco,Phoenix,Dry Van,658.0,1477.27,1445.2262282261568,1382.4839273905702,94.78607260942977
TR-047732,2025-10-30,Birmingham,Mobile,Dry Van,201.6,541.2,550.7226896718703,542.0008121266876,-0.8008121266875605
TR-047733,2025-10-30,Baltimore,Harrisburg,Reefer,392.2,987.59,964.0143043789797,1031.922135405683,-44.33213540568306
TR-047691,2025-10-30,Reno,Hartford,Dry Van,2851.8,5264.69,5439.342671931013,4761.285253079823,503.4047469201769
TR-047726,2025-10-30,Albany,Indianapolis,Dry Van,1194.3,2395.25,2490.333351660015,2467.1673535421005,-71.9173535421005
TR-047670,2025-10-30,Columbia,Tulsa,Dry Van,776.6,1781.06,1689.5754796171495,1778.7956480669664,2.264351933033595
TR-047734,2025-10-30,Los Angeles,Mobile,Flatbed,2008.7,4243.72,4181.513811382982,3853.10970677584,390.61029322416016
TR-047823,2025-10-30,Bakersfield,Harrisburg,Reefer,2536.4,5043.29,5092.281642494538,5743.210566580074,-699.9205665800737
TR-047736,2025-10-30,Houston,Reno,Reefer,1689.1,3933.12,3693.9292007646904,4414.05897340379,-480.93897340379044
TR-047738,2025-10-30,El Paso,Green Bay,Dry Van,1633.8,3134.32,3178.2832852645697,2897.9227454250054,236.3972545749948
TR-047739,2025-10-30,Baton Rouge,Green Bay,Dry Van,1149.2,2388.37,2364.627473210342,2443.8899225004157,-55.51992250041576
TR-047741,2025-10-30,Jacksonville,Memphis,Dry Van,446.0,1091.78,1085.6490184320155,1213.0190819911145,-121.23908199111452
TR-047742,2025-10-30,Bakersfield,Toledo,Reefer,2161.5,4815.8,4466.332365201689,5916.196648198168,-1100.396648198168
TR-047743,2025-10-30,Atlanta,Nashville,Reefer,136.8,104.38,521.4032942795113,469.0697777570478,-364.6897777570478
TR-047744,2025-10-30,Hartford,Grand Rapids,Dry Van,915.4,1834.95,1847.7102351143044,1886.9236816501705,-51.97368165017042
TR-047745,2025-10-30,Hartford,Salt Lake City,Dry Van,2619.5,4610.22,4780.771767635023,4222.690733736977,387.5292662630236
TR-047746,2025-10-30,Los Angeles,Columbia,Reefer,2408.8,5077.85,5032.556414645169,6751.9450972411,-1674.0950972410992
TR-047783,2025-10-30,Cincinnati,Amarillo,Dry Van,1225.6,2639.31,2523.3540433998824,2671.45662486969,-32.146624869690186
TR-047747,2025-10-30,Baltimore,Grand Rapids,Dry Van,946.8,1871.61,1957.5978940620298,2151.0673675930484,-279.4573675930485
TR-047749,2025-10-30,Green Bay,Kansas City,Dry Van,467.6,998.55,1060.7160861271793,1030.3458184278395,-31.79581842783955
TR-047750,2025-10-30,Bakersfield,Atlanta,Dry Van,2058.6,4007.09,4069.406503021243,3754.088142634628,253.00185736537196
TR-047751,2025-10-30,Madison,Tucson,Reefer,1752.5,3863.28,3911.024090232922,4738.27071187753,-874.9907118775295
TR-047752,2025-10-30,Lubbock,Tulsa,Reefer,471.5,1317.88,1260.0659249898501,1314.7325341203061,3.147465879693982
TR-047753,2025-10-30,Grand Rapids,Raleigh,Dry Van,878.1,1839.63,1870.1447122044974,1816.914271506188,22.715728493812094
TR-047754,2025-10-30,Boston,Atlanta,Flatbed,1131.3,2338.56,2477.866944499853,2476.4392593011876,-137.87925930118763
TR-047755,2025-10-30,San Antonio,Jacksonville,Reefer,982.4,2331.19,2272.524975184522,2434.5843872264545,-103.39438722645446
TR-047756,2025-10-30,Los Angeles,Savannah,Reefer,2449.0,5356.55,5145.783722966784,6839.007897802265,-1482.4578978022646
TR-047748,2025-10-30,Syracuse,Greensboro,Dry Van,651.2,1281.55,1401.730777340752,1432.4997102892237,-150.94971028922373
TR-047757,2025-10-30,Buffalo,San Francisco,Reefer,2735.6,5369.38,5361.382375063906,5811.275982600673,-441.89598260067305
TR-047740,2025-10-30,Fresno,Mobile,Flatbed,2116.3,4577.61,4434.276199494053,4140.309423574594,437.3005764254058
TR-047759,2025-10-30,Corpus Christi,Oklahoma City,Dry Van,347.5,858.63,844.462794816206,863.2868969333,-4.656896933300004
TR-047767,2025-10-30,Milwaukee,Indianapolis,Reefer,113.4,371.98,502.94879795569204,352.62209436338446,19.357905636615556
TR-047766,2025-10-30,Richmond,El Paso,Dry Van,2190.0,4121.98,4158.709370182324,5779.764308401348,-1657.7843084013484
TR-047765,2025-10-30,Phoenix,Memphis,Dry Van,1900.7,3771.54,3868.038633277779,3818.660908517982,-47.120908517982116
TR-047761,2025-10-30,Bakersfield,Oklahoma City,Reefer,1230.4,2982.91,2794.8340901332285,3016.318923408705,-33.40892340870505
TR-047763,2025-10-30,Chattanooga,Philadelphia,Reefer,986.6,2309.11,2293.052409101397,2256.9041813021868,52.205818697813356
TR-047762,2025-10-30,Philadelphia,Bakersfield,Dry Van,2768.3,5281.62,5289.111616922637,7007.359007981793,-1725.7390079817933
TR-047768,2025-10-30,Kansas City,Philadelphia,Flatbed,1151.3,2543.77,2566.246385369289,2633.4392088740788,-89.66920887407878
TR-047764,2025-10-30,Little Rock,Charleston,Reefer,856.0,2099.94,2035.3242474517847,2147.1016402513897,-47.1616402513896
TR-047769,2025-10-30,Green Bay,Richmond,Dry Van,839.3,1651.48,1764.3125081043634,1731.4633463061166,-79.98334630611657
TR-047777,2025-10-30,Fresno,Albany,Flatbed,3094.9,6393.83,6216.959186415682,7194.549722663133,-800.7197226631333
TR-047771,2025-10-30,Los Angeles,St. Louis,Flatbed,1986.6,4036.76,4236.602128635793,3756.081159793356,280.67884020664405
TR-047772,2025-10-30,Atlanta,Fort Wayne,Reefer,530.2,1362.09,1343.97360146351,1574.3342954406612,-212.2442954406613
TR-047773,2025-10-30,Buffalo,Grand Rapids,Reefer,480.5,1137.26,1146.2493987296366,1216.4793847855294,-79.21938478552943
TR-047774,2025-10-30,Shreveport,Los Angeles,Dry Van,1704.6,3282.64,3377.382979347565,3549.218791885251,-266.5787918852511
TR-047775,2025-10-30,Lexington,Syracuse,Dry Van,692.5,1449.52,1452.4223155498416,1487.2050385179275,-37.685038517927524
TR-047776,2025-10-30,Hartford,Mobile,Dry Van,1196.3,2360.09,2439.6881317931234,2452.6805838884297,-92.59058388842959
TR-047778,2025-10-30,Oklahoma City,Shreveport,Dry Van,457.0,1120.44,1098.3942013391872,1083.5319571182074,36.90804288179265
TR-047760,2025-10-30,Cincinnati,New York,Reefer,858.1,2020.71,1975.3185768141136,2026.2922709659117,-5.582270965911675
TR-047770,2025-10-30,Bakersfield,Los Angeles,Flatbed,397.6,947.08,996.1859773641561,1156.7360628298786,-209.65606282987858
TR-047758,2025-10-30,Little Rock,Harrisburg,Reefer,1012.2,2288.61,2313.7295665446163,2434.297449208151,-145.68744920815107
TR-047780,2025-10-30,Birmingham,Shreveport,Flatbed,396.9,1009.07,998.1998388734082,1085.3458507211706,-76.27585072117051
TR-047779,2025-10-30,Baltimore,Grand Rapids,Flatbed,919.6,1973.74,2058.788442235944,2160.1811434657016,-186.44114346570154
TR-047782,2025-10-30,Bakersfield,Syracuse,Dry Van,2558.4,4697.23,4807.673620505861,6349.809692305555,-1652.579692305555
TR-047786,2025-10-30,Tucson,Jacksonville,Dry Van,2007.6,4067.77,4002.6123277582165,3820.5487699948853,247.22123000511465
TR-047787,2025-10-30,Savannah,Memphis,Reefer,511.7,1296.79,1291.5663701060212,1321.4316974575997,-24.641697457599776
TR-047788,2025-10-30,Hartford,El Paso,Dry Van,2464.2,4760.41,4673.217766904853,6158.974865520022,-1398.564865520022
TR-047789,2025-10-30,Charleston,Memphis,Dry Van,672.1,1544.73,1474.1611746729013,1562.4981360991708,-17.76813609917076
TR-047790,2025-10-30,Baltimore,Toledo,Reefer,786.1,1814.99,1828.3184974868625,1923.4042359745636,-108.41423597456355
TR-047791,2025-10-30,Montgomery,Atlanta,Dry Van,305.8,734.35,741.9654674896742,749.7252176899623,-15.375217689962255
TR-047792,2025-10-30,Tampa,Lexington,Dry Van,717.5,1613.34,1526.9646298062908,1674.3668443124277,-61.026844312427784
TR-047794,2025-10-30,Tampa,Tucson,Dry Van,1881.6,3558.09,3785.8614983183706,4103.00595200534,-544.9159520053399
TR-047785,2025-10-30,Columbia,Louisville,Reefer,363.1,975.31,982.1018900199301,1011.6878447206337,-36.37784472063379
TR-047795,2025-10-30,Hartford,Greensboro,Reefer,741.1,1782.82,1729.4765858576761,1819.6150288018512,-36.79502880185123
TR-047797,2025-10-30,Mobile,Oklahoma City,Dry Van,711.6,1677.55,1535.9500122225759,1770.8078669866977,-93.25786698669776
TR-047798,2025-10-30,Baton Rouge,Richmond,Dry Van,1240.0,2600.14,2590.2994184490194,2638.2359535497594,-38.09595354975954
TR-047799,2025-10-30,Lexington,Shreveport,Dry Van,631.4,1440.59,1400.7816885711095,1534.6544156285047,-94.06441562850478
TR-047800,2025-10-30,El Paso,Raleigh,Flatbed,2145.7,4466.72,4456.366257466211,4142.773594708175,323.9464052918256
TR-047801,2025-10-30,Louisville,Raleigh,Dry Van,675.7,1518.01,1466.6634666597006,1530.7310958208418,-12.72109582084181
TR-047802,2025-10-30,Richmond,Memphis,Dry Van,849.4,1753.32,1796.4129848551813,1741.9096099285528,11.410390071447182
TR-047781,2025-10-30,Lubbock,Phoenix,Dry Van,1122.2,2420.89,2419.675623625134,2481.9634185847817,-61.07341858478185
TR-047821,2025-10-30,Los Angeles,Little Rock,Reefer,1722.4,9939.89,3895.3284194111106,3733.94241811978,6205.947581880219
TR-047796,2025-10-30,Memphis,Atlanta,Flatbed,239.2,227.15,692.6146536910469,721.6310652390001,-494.48106523900015
TR-047784,2025-10-30,Lexington,Montgomery,Flatbed,479.5,1199.51,1183.0278530877772,1269.1380063990252,-69.62800639902525
TR-047793,2025-10-30,Little Rock,Raleigh,Flatbed,970.7,2255.27,2269.2216905407113,2351.09106599783,-95.82106599782992
TR-047804,2025-10-30,Reno,Lexington,Reefer,2139.6,4403.34,4462.988766310716,5546.84656378369,-1143.5065637836897
TR-047803,2025-10-30,Mobile,Cincinnati,Flatbed,459.3,1163.6,1237.6917577497497,1240.1511373571911,-76.55113735719124
TR-047808,2025-10-30,Dayton,Oklahoma City,Reefer,1084.1,2390.13,2443.75682122637,2520.2657089124655,-130.13570891246536
TR-047809,2025-10-30,Cincinnati,Baltimore,Dry Van,908.7,1819.36,1841.0864936135486,2012.1359679310497,-192.77596793104976
TR-047810,2025-10-30,Atlanta,Bakersfield,Dry Van,2041.1,3985.1,4037.1224016491306,5567.061833132695,-1581.9618331326951
TR-047811,2025-10-30,Kansas City,Harrisburg,Dry Van,811.8,1612.1,1699.258676133431,1708.2152155038928,-96.11521550389284
TR-047812,2025-10-30,Jacksonville,Chattanooga,Dry Van,323.5,766.77,813.9918195271671,795.186828320468,-28.41682832046797
TR-047813,2025-10-30,Madison,Grand Rapids,Dry Van,278.0,673.77,662.6780395925146,670.8217925489477,2.948207451052326
TR-047814,2025-10-30,Chattanooga,Syracuse,Reefer,890.4,1927.01,2042.5469147404533,2054.083807439286,-127.07380743928593
TR-047806,2025-10-30,Fort Wayne,Phoenix,Dry Van,2250.4,4158.35,4276.802218068596,4975.669206607768,-817.3192066077672
TR-047815,2025-10-30,Nashville,Birmingham,Reefer,196.7,611.85,620.3802902094919,632.6290822370141,-20.77908223701411
TR-047807,2025-10-30,Lubbock,Fort Wayne,Dry Van,1311.1,2463.2,2601.2555032419173,2662.656114278139,-199.456114278139
TR-047805,2025-10-30,Memphis,Buffalo,Reefer,855.8,2043.4,2040.8626753642566,2108.60814776242,-65.20814776241969
TR-047818,2025-10-30,Phoenix,San Francisco,Dry Van,668.3,1465.84,1467.486760273412,1509.7537966238128,-43.913796623812914
TR-047819,2025-10-30,Oklahoma City,New York,Dry Van,1730.4,3234.9,3456.980334213242,3650.243108526867,-415.3431085268671
TR-047820,2025-10-30,Nashville,Savannah,Flatbed,409.9,1037.63,1068.767664532976,1135.5051366280134,-97.87513662801325
TR-047737,2025-10-30,Columbia,Hartford,Reefer,839.9,1857.61,1898.3972172223746,2086.482713463796,-228.8727134637959
TR-047822,2025-10-30,Oklahoma City,Columbia,Flatbed,1046.0,2533.96,2364.564554000938,2535.1678845698184,-1.2078845698183613
TR-047824,2025-10-30,Columbia,Memphis,Dry Van,451.6,1019.9,986.687791951174,1177.8671806684565,-157.96718066845654
TR-047816,2025-10-30,Houston,Reno,Dry Van,1732.4,3137.04,3484.0837581039996,3480.559285629606,-343.5192856296062
TR-047817,2025-10-30,Oklahoma City,Washington,Reefer,1481.0,3474.52,3292.8764611595197,8737.639359985367,-5263.119359985367
TR-047830,2025-10-31,Lubbock,Charleston,Flatbed,1405.0,2865.04,3043.087700459094,3155.8189969894624,-290.7789969894625
TR-047829,2025-10-31,Fort Wayne,Albany,Flatbed,894.5,1987.95,2065.020129008393,2223.952716997224,-236.00271699722384
TR-047828,2025-10-31,Amarillo,Indianapolis,Dry Van,1088.0,2233.22,2280.585861243598,2360.6100058713123,-127.3900058713125
TR-047999,2025-10-31,Memphis,Reno,Flatbed,1901.3,3987.46,4054.344791058954,5132.344916966621,-1144.884916966621
TR-047826,2025-10-31,Columbia,Toledo,Dry Van,594.5,1312.38,1322.7831075552872,1324.1259829520413,-11.745982952041231
TR-047825,2025-10-31,Jacksonville,San Antonio,Dry Van,992.1,2182.09,2162.776598958324,2238.3347297261284,-56.2447297261283
TR-047831,2025-10-31,Phoenix,Baltimore,Dry Van,2958.8,5261.3,5342.4166357120885,4577.541964179183,683.758035820817
TR-047827,2025-10-31,Syracuse,Richmond,Dry Van,386.6,863.6,923.6086739099208,880.2954242721165,-16.695424272116497
TR-047843,2025-10-31,Atlanta,Amarillo,Reefer,1232.0,3006.47,2691.1026665888894,2951.2201354266476,55.24986457335217
TR-047837,2025-10-31,Houston,Albany,Flatbed,1829.0,3755.65,3969.1953670822754,3975.954442619308,-220.3044426193078
TR-047834,2025-10-31,Savannah,San Francisco,Dry Van,2639.4,5079.05,4941.401550611286,5778.570826953847,-699.5208269538471
TR-047835,2025-10-31,Greensboro,Lexington,Dry Van,185.1,477.89,543.9074238955425,501.75189504832167,-23.861895048321685
TR-047836,2025-10-31,Lubbock,Bakersfield,Dry Van,1220.6,2529.12,2503.7463217288187,2575.7337552468675,-46.61375524686764
TR-047838,2025-10-31,Madison,Austin,Reefer,1188.3,2813.02,2727.432085853863,2842.630022017755,-29.610022017755
TR-047839,2025-10-31,Tucson,Bakersfield,Flatbed,316.5,798.38,831.7098359192744,889.2688826477757,-90.88888264777574
TR-047840,2025-10-31,Corpus Christi,Madison,Dry Van,1139.5,772.61,2413.560104351415,2513.889686443811,-1741.279686443811
TR-047841,2025-10-31,Memphis,Oklahoma City,Dry Van,706.5,1628.64,1494.3974617463618,1618.6417858113746,9.998214188625525
TR-047833,2025-10-31,Cincinnati,Greensboro,Flatbed,281.0,718.63,741.2205205600023,794.8864442921226,-76.25644429212264
TR-047832,2025-10-31,Raleigh,Green Bay,Dry Van,969.9,1956.59,2066.949989084867,2054.9273146387377,-98.33731463873778
TR-047842,2025-10-31,Kansas City,Green Bay,Dry Van,451.6,1037.85,1051.2049449317049,1103.694141742508,-65.8441417425081
TR-047846,2025-10-31,Nashville,Mobile,Dry Van,284.4,734.99,736.0469925411835,738.5857074207692,-3.595707420769145
TR-047864,2025-10-31,Milwaukee,El Paso,Flatbed,1533.1,3135.27,3269.8199148503872,3036.384620259051,98.88537974094879
TR-047847,2025-10-31,Little Rock,Oklahoma City,Dry Van,488.1,1236.93,1171.8569322704484,1169.3574224748738,67.57257752512623
TR-047848,2025-10-31,Greensboro,Salt Lake City,Dry Van,2013.7,3562.85,3881.5864045490125,3292.3938154852085,270.4561845147914
TR-047849,2025-10-31,Atlanta,Madison,Flatbed,614.2,1502.63,1432.529725046326,1551.632552872603,-49.00255287260279
TR-047850,2025-10-31,Montgomery,Los Angeles,Dry Van,2139.5,3933.98,4040.5196125686707,3990.7072854980293,-56.72728549802923
TR-047851,2025-10-31,Shreveport,Cincinnati,Dry Van,538.3,1191.61,1237.1030516223275,1445.735006005783,-254.125006005783
TR-047852,2025-10-31,Boston,Jacksonville,Reefer,1150.4,2620.28,2599.8326216796168,2511.7935156051235,108.4864843948767
TR-047853,2025-10-31,Buffalo,Hartford,Dry Van,451.4,997.09,1007.2687788051198,995.4036477957043,1.6863522042957584
TR-047845,2025-10-31,Syracuse,Savannah,Dry Van,855.0,1648.06,1741.864028339628,1706.0206290583214,-57.9606290583215
TR-047844,2025-10-31,Atlanta,Shreveport,Dry Van,470.7,1162.01,1124.9367422278704,1228.115400435586,-66.10540043558603
TR-047854,2025-10-31,New Orleans,Houston,Flatbed,257.2,739.26,742.7553810371751,764.1971119325818,-24.937111932581843
TR-047857,2025-10-31,Green Bay,Houston,Dry Van,1215.3,2506.8,2475.2009438319105,2550.117901824665,-43.31790182466466
TR-047858,2025-10-31,Syracuse,New York,Dry Van,308.7,703.44,733.5110755507837,703.1020680643235,0.3379319356765791
TR-047859,2025-10-31,Lexington,Providence,Reefer,1035.4,2371.11,2300.8530958481924,2249.36133682089,121.74866317911028
TR-047860,2025-10-31,New York,Milwaukee,Dry Van,904.6,1782.08,1838.062182779375,1844.8261378858936,-62.74613788589363
TR-047861,2025-10-31,Grand Rapids,Richmond,Flatbed,759.7,1711.56,1711.7514769960299,1812.1823763472805,-100.62237634728058
TR-047862,2025-10-31,Hartford,New York,Dry Van,131.1,355.88,426.8013559485412,348.9996526098653,6.880347390134716
TR-047863,2025-10-31,Raleigh,Richmond,Dry Van,242.2,577.77,590.4578167584104,623.6592386632525,-45.88923866325251
TR-047855,2025-10-31,Phoenix,El Paso,Dry Van,546.6,1152.24,1241.410435475412,1232.6439817215235,-80.40398172152345
TR-047856,2025-10-31,Hartford,Madison,Dry Van,1115.4,2145.81,2269.9054538167497,2228.127513188519,-82.31751318851911
TR-047865,2025-10-31,Raleigh,Albuquerque,Dry Van,2085.8,3874.49,4018.752733055191,5484.296560514785,-1609.806560514785
TR-047887,2025-10-31,Montgomery,New Orleans,Dry Van,450.0,1078.09,1034.4603738803507,1082.9582091674822,-4.868209167482291
TR-047867,2025-10-31,Las Vegas,Amarillo,Flatbed,744.3,1646.65,1676.403310718863,1837.1106572514846,-190.46065725148446
TR-047870,2025-10-31,Mobile,Detroit,Dry Van,989.7,2033.55,2152.9281118285694,2165.679104604364,-132.1291046043641
TR-047871,2025-10-31,Nashville,Columbia,Flatbed,329.6,854.46,879.7050624777801,910.847574809918,-56.387574809917965
TR-047872,2025-10-31,Harrisburg,Baton Rouge,Dry Van,1204.2,2493.55,2536.504946545807,2537.116097309991,-43.56609730999071
TR-047873,2025-10-31,Buffalo,Shreveport,Reefer,1181.8,2766.59,2692.659963664967,2877.3652695711685,-110.77526957116834
TR-047874,2025-10-31,Corpus Christi,Fort Wayne,Reefer,1264.6,2787.97,2713.478344490485,2904.408871189342,-116.43887118934208
TR-047875,2025-10-31,Hartford,Greensboro,Dry Van,749.0,1565.76,1617.4451520340817,1593.5707044190071,-27.810704419007152
TR-047876,2025-10-31,Memphis,Philadelphia,Dry Van,1083.1,2282.64,2324.270471468983,2692.30834280183,-409.66834280183
TR-047877,2025-10-31,Mobile,Atlanta,Dry Van,305.4,788.83,754.7492723622515,766.0930681185778,22.736931881422265
TR-047869,2025-10-31,Hartford,Dayton,Flatbed,835.6,1892.15,1799.542967501132,1967.2266410313425,-75.07664103134243
TR-047878,2025-10-31,Los Angeles,Reno,Dry Van,887.6,1716.52,1828.248027760902,1848.5789153957442,-132.05891539574418
TR-047880,2025-10-31,Raleigh,Providence,Dry Van,565.4,1264.64,1284.5803314300554,1245.759283944778,18.880716055222138
TR-047881,2025-10-31,Richmond,Tucson,Reefer,2548.0,5507.65,5187.831697287149,4299.572018339492,1208.0779816605072
TR-047882,2025-10-31,Cincinnati,Phoenix,Dry Van,2093.9,4049.65,4096.283810012531,4716.075487849738,-666.4254878497381
TR-047883,2025-10-31,Reno,Phoenix,Flatbed,853.9,1756.24,1930.9542234828273,1867.917651086479,-111.67765108647905
TR-047884,2025-10-31,Philadelphia,Lexington,Dry Van,764.9,1596.37,1650.411538068393,1654.7753780661008,-58.405378066100866
TR-047885,2025-10-31,Green Bay,Syracuse,Reefer,656.8,1454.79,1523.8015720034205,1569.9226381032288,-115.13263810322883
TR-047886,2025-10-31,Charleston,Columbia,Flatbed,271.0,760.7,745.7753460146339,766.3257140445321,-5.62571404453206
TR-047910,2025-10-31,Mobile,Phoenix,Dry Van,1904.2,3806.72,3853.6773503465647,4942.1724161196125,-1135.4524161196127
TR-047879,2025-10-31,Philadelphia,Albany,Dry Van,413.0,888.23,918.9208725248902,983.5345529351464,-95.30455293514638
TR-047888,2025-10-31,Albuquerque,El Paso,Flatbed,184.1,525.91,574.808742870167,533.8338833321499,-7.923883332149899
TR-047889,2025-10-31,Dayton,Jacksonville,Flatbed,635.4,1536.02,1539.0555392611448,1617.2908228276817,-81.27082282768174
TR-047890,2025-10-31,Lubbock,Oklahoma City,Dry Van,196.3,561.02,618.5806418934253,576.6111212892397,-15.591121289239709
TR-047892,2025-10-31,Montgomery,Lexington,Reefer,477.0,1254.05,1256.1041461926948,1349.5992913049013,-95.54929130490132
TR-047893,2025-10-31,Boston,Bakersfield,Dry Van,3090.5,5877.77,5836.570133456154,7966.181601836034,-2088.4116018360337
TR-047894,2025-10-31,Montgomery,Jacksonville,Dry Van,142.6,406.71,462.13824647683737,394.4725950922855,12.237404907714506
TR-047895,2025-10-31,Albany,Fort Wayne,Flatbed,878.9,1803.86,1930.519029670253,1872.830647584181,-68.97064758418105
TR-047896,2025-10-31,Charleston,Fort Wayne,Flatbed,677.9,1484.36,1524.3048699411102,1560.6836969733592,-76.32369697335935
TR-047897,2025-10-31,Greensboro,Albany,Dry Van,967.2,1920.32,2068.394651954119,2092.610457905365,-172.29045790536497
TR-047898,2025-10-31,Buffalo,Montgomery,Dry Van,965.5,1935.63,2038.8447788429903,2023.8006695862512,-88.17066958625105
TR-047899,2025-10-31,Syracuse,Grand Rapids,Dry Van,559.2,389.18,1285.3781721270923,1276.7640907449925,-887.5840907449924
TR-047891,2025-10-31,Atlanta,Cincinnati,Dry Van,199.4,552.6,596.8419299946409,553.7011067210912,-1.1011067210911278
TR-047900,2025-10-31,Richmond,Green Bay,Reefer,864.1,1936.26,1920.226149929972,1910.5785223712016,25.681477628798348
TR-047902,2025-10-31,Kansas City,Shreveport,Dry Van,566.3,1298.84,1281.3231184328488,1321.5428440380558,-22.7028440380559
TR-047903,2025-10-31,Bakersfield,Houston,Reefer,1517.0,3544.7,3362.749043491647,3507.659630848642,37.040369151357936
TR-047904,2025-10-31,San Antonio,Buffalo,Dry Van,1584.9,3014.39,3131.578395673928,2589.170562347008,425.2194376529919
TR-047905,2025-10-31,Atlanta,Shreveport,Flatbed,443.1,1193.87,1126.0909007210062,1290.7134960436747,-96.8434960436748
TR-047906,2025-10-31,Houston,Los Angeles,Dry Van,1529.9,2972.61,3099.314611077123,3193.9825101418623,-221.37251014186222
TR-047907,2025-10-31,Madison,Louisville,Dry Van,386.0,889.76,884.1752040842487,845.2395490937026,44.520450906297356
TR-047908,2025-10-31,Oklahoma City,Lexington,Reefer,999.7,2196.67,2270.891142892765,2372.8302372740427,-176.16023727404263
TR-047909,2025-10-31,Tucson,Cincinnati,Dry Van,1831.9,3726.44,3711.7867775651566,3690.459283611245,35.9807163887549
TR-047901,2025-10-31,Milwaukee,Kansas City,Dry Van,183.2,498.57,521.3062321631735,500.81493763168953,-2.244937631689538
TR-047866,2025-10-31,Dayton,Grand Rapids,Flatbed,298.3,746.12,808.2991092670738,796.6308852417947,-50.510885241794654
TR-047868,2025-10-31,El Paso,Nashville,Reefer,1547.4,3529.14,3405.7648677286206,3536.433213725724,-7.293213725723945
TR-047957,2025-10-31,Baton Rouge,Hartford,Dry Van,1569.9,3142.24,3200.669575353564,3022.9286880939007,119.31131190609904
TR-047956,2025-10-31,Philadelphia,Jacksonville,Reefer,964.6,2252.0,2274.534944516934,2324.7080475847174,-72.7080475847174
TR-047933,2025-10-31,Los Angeles,Greensboro,Dry Van,2412.3,4779.53,4714.360334018405,4289.547563541781,489.9824364582191
TR-047915,2025-10-31,Reno,Albuquerque,Dry Van,700.0,1520.95,1443.0260628524063,1462.182574256045,58.76742574395507
TR-047916,2025-10-31,Atlanta,Oklahoma City,Dry Van,889.2,1964.56,1868.9364219065878,2217.5398921876563,-252.97989218765633
TR-047917,2025-10-31,Amarillo,Baltimore,Reefer,2147.8,4747.86,4490.488932749285,6783.748040424476,-2035.8880404244765
TR-047918,2025-10-31,Tucson,Amarillo,Dry Van,626.4,1423.65,1437.33424187963,1554.9084889030403,-131.2584889030402
TR-047919,2025-10-31,Detroit,Tucson,Dry Van,2115.8,4047.69,4107.278139962342,3739.938220827915,307.7517791720852
TR-047920,2025-10-31,Grand Rapids,Las Vegas,Dry Van,1986.1,3750.58,3970.1716498811156,4387.4330336778985,-636.8530336778986
TR-047921,2025-10-31,Corpus Christi,Lexington,Dry Van,1005.3,2241.06,2157.8774812678935,2249.4637145368224,-8.403714536822463
TR-047914,2025-10-31,Mobile,Milwaukee,Dry Van,638.3,1428.79,1434.747909765096,1747.3293100293438,-318.5393100293438
TR-047922,2025-10-31,Austin,Albuquerque,Flatbed,831.9,1862.13,1907.3643092393875,1925.2690627528325,-63.13906275283239
TR-047923,2025-10-31,Milwaukee,Shreveport,Flatbed,615.7,1487.72,1435.8459497916404,1534.2191833979462,-46.499183397946126
TR-047925,2025-10-31,Tulsa,New York,Dry Van,1501.7,3013.52,3011.7774399671825,2828.8304175014414,184.6895824985586
TR-047926,2025-10-31,Savannah,New Orleans,Dry Van,705.2,1624.99,1499.653943708117,1598.1590705371946,26.830929462805443
TR-047927,2025-10-31,Greensboro,Jacksonville,Flatbed,367.0,928.29,900.5238053486999,974.5371007335359,-46.247100733535945
TR-047928,2025-10-31,Montgomery,Mobile,Dry Van,177.0,464.45,492.6337861815557,480.97704474888513,-16.527044748885146
TR-047929,2025-10-31,Syracuse,Mobile,Dry Van,1139.1,2419.63,2420.476420273362,2439.3459842214775,-19.715984221477356
TR-047930,2025-10-31,Charleston,Nashville,Dry Van,564.5,1245.87,1305.2468656478816,1442.38347423277,-196.51347423277002
TR-047931,2025-10-31,Fort Wayne,Baton Rouge,Dry Van,1008.1,2083.49,2158.4861291357656,2248.251587313575,-164.7615873135751
TR-047934,2025-10-31,Hartford,Detroit,Flatbed,798.8,1694.68,1766.2666398230795,1825.9759580210925,-131.29595802109247
TR-047932,2025-10-31,San Antonio,Albuquerque,Dry Van,916.6,2105.01,1948.2514576738292,2015.2632320650914,89.7467679349088
TR-047935,2025-10-31,Milwaukee,Toledo,Dry Van,330.2,757.39,762.6825920606559,913.568316046079,-156.17831604607898
TR-047954,2025-10-31,Albuquerque,New Orleans,Dry Van,1173.6,2435.84,2477.295503410685,2554.86009394347,-119.02009394346987
TR-047911,2025-10-31,Charleston,Salt Lake City,Dry Van,2182.6,4081.47,4143.795174732283,5620.079848069894,-1538.6098480698943
TR-047942,2025-10-31,Providence,Columbia,Reefer,939.9,2285.41,2188.936988796595,2305.468388119903,-20.058388119903157
TR-047941,2025-10-31,Memphis,Tulsa,Dry Van,399.1,920.97,920.38601671018,955.0562130785299,-34.08621307852991
TR-047940,2025-10-31,Washington,Memphis,Dry Van,863.3,1865.96,1877.1356428126269,1858.208412115568,7.751587884431956
TR-047936,2025-10-31,San Francisco,Madison,Dry Van,2016.8,4018.5,4050.8246762072017,5664.356206156254,-1645.8562061562543
TR-047938,2025-10-31,Oklahoma City,Baton Rouge,Dry Van,451.9,1148.08,1058.0499707936506,1087.580992637695,60.49900736230484
TR-047937,2025-10-31,Albany,New York,Flatbed,388.8,914.89,915.036953782102,930.8485310652396,-15.95853106523964
TR-047943,2025-10-31,Phoenix,Memphis,Dry Van,1857.4,3381.99,3770.715288507881,3739.761045701511,-357.7710457015114
TR-047945,2025-10-31,Salt Lake City,Charleston,Reefer,2261.2,5091.54,4718.586798354637,4581.192174268966,510.3478257310344
TR-047939,2025-10-31,Phoenix,Hartford,Dry Van,3003.7,5543.53,5351.78116537162,4903.650585534177,639.8794144658232
TR-047949,2025-10-31,Memphis,Nashville,Dry Van,121.8,337.43,436.5453775758308,361.5902906803535,-24.160290680353512
TR-047946,2025-10-31,Grand Rapids,Greensboro,Flatbed,646.1,1509.1,1523.4329206092598,1564.4937269729232,-55.39372697292333
TR-047947,2025-10-31,Mobile,Buffalo,Flatbed,1014.4,2269.05,2203.832642637583,2356.5119858444223,-87.46198584442209
TR-047948,2025-10-31,Phoenix,Buffalo,Dry Van,2641.9,4788.74,4820.950011594785,6545.443395093919,-1756.7033950939194
TR-047950,2025-10-31,Tampa,Phoenix,Dry Van,2075.2,4091.21,4110.16786102205,4563.844885720718,-472.63488572071765
TR-047951,2025-10-31,Lubbock,Mobile,Dry Van,830.8,1803.63,1771.473147903624,1825.212389493886,-21.582389493885785
TR-047952,2025-10-31,Corpus Christi,Kansas City,Dry Van,908.1,1832.95,1872.3749992495166,1967.6407849907666,-134.6907849907666
TR-047953,2025-10-31,Hartford,Fort Wayne,Dry Van,873.0,1872.97,1807.2768765452972,1797.546206498244,75.42379350175611
TR-047944,2025-10-31,New York,New Orleans,Reefer,1350.6,3118.76,3107.142183129738,3259.6110904982706,-140.85109049827042
TR-047924,2025-10-31,Baltimore,Shreveport,Dry Van,1334.7,2781.65,2798.3858279297283,2861.1389748627043,-79.48897486270425
TR-047955,2025-10-31,Charleston,Albuquerque,Dry Van,1953.3,4018.16,3923.2999672972965,5110.61146782915,-1092.4514678291498
TR-047998,2025-10-31,Greensboro,Cincinnati,Flatbed,267.9,713.36,744.2597606512838,756.6896808662318,-43.3296808662318
TR-047959,2025-10-31,Milwaukee,Kansas City,Dry Van,184.3,486.72,515.7891536819086,496.6271606209938,-9.90716062099375
TR-047960,2025-10-31,Raleigh,Lubbock,Dry Van,1574.5,3166.71,3199.3945677671218,3256.6586801180556,-89.94868011805556
TR-047961,2025-10-31,Hartford,Corpus Christi,Dry Van,1788.8,3440.82,3564.509648850539,3326.910999063278,113.90900093672235
TR-047962,2025-10-31,Chattanooga,Nashville,Reefer,70.0,241.41,508.31720095302626,281.2858666231347,-39.875866623134726
TR-047963,2025-10-31,Fort Wayne,El Paso,Reefer,1731.7,3897.49,3822.4803722221086,4781.90152836476,-884.4115283647607
TR-047964,2025-10-31,Charleston,St. Louis,Reefer,750.6,1730.14,1724.7812629609398,1841.7219908809748,-111.58199088097467
TR-047965,2025-10-31,Baton Rouge,Albuquerque,Dry Van,1232.6,2612.25,2572.747807020072,2636.9172175369517,-24.66721753695174
TR-047966,2025-10-31,Buffalo,Mobile,Dry Van,1031.2,2131.84,2170.7016043817257,2144.605014972573,-12.765014972572772
TR-047958,2025-10-31,Columbia,Reno,Dry Van,2314.4,4321.21,4393.482952007439,5462.441224334305,-1141.231224334305
TR-047967,2025-10-31,Savannah,El Paso,Reefer,1868.5,4242.21,4122.4603438700315,3954.7747917658075,287.4352082341925
TR-047969,2025-10-31,Providence,Madison,Flatbed,1320.8,2756.18,2698.58958186127,2745.0736057257363,11.106394274263494
TR-047970,2025-10-31,Austin,Phoenix,Flatbed,1160.2,2578.62,2548.569151288939,2406.0843944019343,172.53560559806556
TR-047971,2025-10-31,Tulsa,Corpus Christi,Reefer,414.4,1140.1,1125.2292810064512,1174.6435968656035,-34.543596865603604
TR-047972,2025-10-31,Albany,Toledo,Reefer,816.3,1856.36,1837.9260830889712,1876.9434497473046,-20.583449747304712
TR-047973,2025-10-31,Richmond,Philadelphia,Reefer,283.3,780.73,755.1772787440643,789.488276893136,-8.758276893135985
TR-047974,2025-10-31,Raleigh,Richmond,Dry Van,238.9,575.35,603.9457480061055,620.9034569303249,-45.55345693032484
TR-047975,2025-10-31,Hartford,Houston,Dry Van,1605.1,3168.5,3287.808136330399,3050.728798910745,117.7712010892551
TR-047976,2025-10-31,New York,New Orleans,Dry Van,1306.0,2373.86,2641.694305050655,2624.772775308824,-250.9127753088237
TR-047968,2025-10-31,El Paso,Charleston,Dry Van,2029.5,4143.03,4109.381127922065,3893.295418285553,249.7345817144469
TR-047977,2025-10-31,Cincinnati,Lexington,Dry Van,132.4,361.79,445.5581878474502,375.80343039425344,-14.013430394253419
TR-047978,2025-10-31,Hartford,Lexington,Flatbed,858.6,1861.13,1885.0819493846607,1936.5282212745403,-75.39822127454022
TR-047979,2025-10-31,Washington,Richmond,Dry Van,80.1,210.91,423.41746240018574,239.47494248386843,-28.564942483868435
TR-047981,2025-10-31,Boston,Shreveport,Dry Van,1588.9,3381.74,3235.032000734589,3015.7732970504876,365.9667029495122
TR-047982,2025-10-31,Mobile,Fresno,Dry Van,2144.0,3993.28,4034.5454190818277,3586.532090591378,406.74790940862204
TR-047983,2025-10-31,Baton Rouge,Mobile,Dry Van,337.5,890.41,881.1864907994732,853.3161256494805,37.09387435051951
TR-047984,2025-10-31,Fresno,Baton Rouge,Reefer,1890.3,4368.15,4135.962939883678,4260.082041540235,108.06795845976467
TR-047985,2025-10-31,San Francisco,Providence,Dry Van,3396.6,6482.04,5859.837375501981,6838.5459315115595,-356.50593151155954
TR-047986,2025-10-31,Harrisburg,Shreveport,Dry Van,1101.8,2257.13,2349.2540182977555,2365.1770616870435,-108.04706168704342
TR-047987,2025-10-31,Mobile,Shreveport,Reefer,303.4,863.24,857.6245004469922,926.7744758041003,-63.53447580410034
TR-047988,2025-10-31,Lexington,Milwaukee,Dry Van,325.2,809.92,795.6338599053629,885.3223878218033,-75.40238782180336
TR-047980,2025-10-31,Bakersfield,New York,Reefer,2784.4,5609.53,5476.19214285949,7310.36405447098,-1700.83405447098
TR-047989,2025-10-31,Mobile,Phoenix,Dry Van,1951.5,3792.58,3914.858302065959,4810.0684886652,-1017.4884886651998
TR-047991,2025-10-31,Atlanta,Washington,Reefer,681.1,1703.72,1642.9439155108357,1712.977557573275,-9.25755757327488
TR-047992,2025-10-31,Tucson,Chattanooga,Flatbed,1788.3,3804.9,3894.0187052030938,3477.3910600585527,327.50893994144735
TR-047993,2025-10-31,Cincinnati,Mobile,Reefer,457.0,5561.19,1190.3362567748584,1256.3137404051354,4304.876259594865
TR-047994,2025-10-31,Phoenix,Dayton,Dry Van,2295.2,4371.59,4275.76027155479,4073.3707130458088,298.2192869541914
TR-047995,2025-10-31,Little Rock,New York,Dry Van,1297.5,2682.29,2627.2653815781578,2736.1791903180033,-53.88919031800333
TR-047996,2025-10-31,Reno,Baton Rouge,Flatbed,1830.9,3787.32,3951.8131974332073,3214.8468869841413,572.4731130158589
TR-047997,2025-10-31,Greensboro,Memphis,Reefer,445.8,1171.93,1186.6514564958347,1231.5896959105423,-59.65969591054227
TR-047913,2025-10-31,Louisville,Cincinnati,Flatbed,72.8,225.89,498.77839864483917,259.69955077724416,-33.80955077724417
TR-047990,2025-10-31,Dayton,Madison,Reefer,314.9,855.05,839.8140932357169,913.0842583032169,-58.034258303216916
TR-047912,2025-10-31,Hartford,Columbia,Dry Van,844.4,1776.62,1786.096422892248,1796.4728260001218,-19.852826000121922
TR-048000,2025-10-31,Bakersfield,Baltimore,Dry Van,2860.4,5264.84,5321.776659190391,6955.892225188571,-1691.0522251885704
